,PROVINCIA,COMUNE,CODICE PUNTO,DATA,Qr[m s.l.m.],DESCRIZIONE,MISURA SOGGIACENZA [m],PIEZOMETRIA [m s.l.m.],1Q_SOGG,3Q_SOGG,1Q_PIEZO,3Q_PIEZO,IQR_PIEZO,INF,SUP,OUTLIERS,Unnamed: 16,Etichette di riga,1Q_SOGG.1,3Q_SOGG.1,1Q_PIEZO.1,3Q_PIEZO.1
0,SO,COSIO VALTELLINO,PO014024NU0001,2015-04-24,224.616,soggiacenza statica,9.2,215.416,6.335,7.45,217.166,218.281,1.115000000000009,215.49349999999998,219.95350000000002,OUTLIER,,PO014024NU0001,6.335,7.45,217.166,218.281
1,SO,COSIO VALTELLINO,PO014024NU0001,2015-05-05,224.616,soggiacenza statica,9.26,215.356,6.335,7.45,217.166,218.281,1.115000000000009,215.49349999999998,219.95350000000002,OUTLIER,,PO0140260U0001,11.75,13.4,206.478,208.128
2,SO,COSIO VALTELLINO,PO014024NU0001,2015-06-12,224.616,soggiacenza statica,6.28,218.336,6.335,7.45,217.166,218.281,1.115000000000009,215.49349999999998,219.95350000000002,,,PO0140450U0027,2.7075,3.0524999999999998,223.9895,224.3345
3,SO,COSIO VALTELLINO,PO014024NU0001,2015-07-20,224.616,soggiacenza statica,6.35,218.266,6.335,7.45,217.166,218.281,1.115000000000009,215.49349999999998,219.95350000000002,,,Totale complessivo,3.205,13.0,206.878,223.83700000000002
4,SO,COSIO VALTELLINO,PO014024NU0001,2015-08-24,224.616,soggiacenza statica,6.61,218.006,6.335,7.45,217.166,218.281,1.115000000000009,215.49349999999998,219.95350000000002,,,,,,,
5,SO,COSIO VALTELLINO,PO014024NU0001,2015-09-15,224.616,soggiacenza statica,6.45,218.166,6.335,7.45,217.166,218.281,1.115000000000009,215.49349999999998,219.95350000000002,,,,,,,
6,SO,COSIO VALTELLINO,PO014024NU0001,2015-10-20,224.616,soggiacenza statica,8.22,216.396,6.335,7.45,217.166,218.281,1.115000000000009,215.49349999999998,219.95350000000002,,,,,,,
7,SO,COSIO VALTELLINO,PO014024NU0001,2015-11-18,224.616,soggiacenza statica,6.32,218.296,6.335,7.45,217.166,218.281,1.115000000000009,215.49349999999998,219.95350000000002,,,,,,,
8,SO,COSIO VALTELLINO,PO014024NU0001,2015-12-02,224.616,soggiacenza statica,6.67,217.946,6.335,7.45,217.166,218.281,1.115000000000009,215.49349999999998,219.95350000000002,,,,,,,
9,SO,COSIO VALTELLINO,PO014024NU0001,2016-01-07,224.616,soggiacenza statica,7.62,216.996,6.335,7.45,217.166,218.281,1.115000000000009,215.49349999999998,219.95350000000002,,,,,,,
10,SO,COSIO VALTELLINO,PO014024NU0001,2016-02-02,224.616,soggiacenza statica,7.57,217.046,6.335,7.45,217.166,218.281,1.115000000000009,215.49349999999998,219.95350000000002,,,,,,,
11,SO,COSIO VALTELLINO,PO014024NU0001,2016-03-07,224.616,soggiacenza statica,7.33,217.286,6.335,7.45,217.166,218.281,1.115000000000009,215.49349999999998,219.95350000000002,,,,,,,
12,SO,COSIO VALTELLINO,PO014024NU0001,2016-04-28,224.616,soggiacenza statica,6.48,218.136,6.335,7.45,217.166,218.281,1.115000000000009,215.49349999999998,219.95350000000002,,,,,,,
13,SO,COSIO VALTELLINO,PO014024NU0001,2016-05-31,224.616,soggiacenza statica,6.38,218.236,6.335,7.45,217.166,218.281,1.115000000000009,215.49349999999998,219.95350000000002,,,,,,,
14,SO,COSIO VALTELLINO,PO014024NU0001,2016-07-01,224.616,soggiacenza statica,5.7,218.916,6.335,7.45,217.166,218.281,1.115000000000009,215.49349999999998,219.95350000000002,,,,,,,
15,SO,COSIO VALTELLINO,PO014024NU0001,2016-08-01,224.616,soggiacenza statica,6.0,218.616,6.335,7.45,217.166,218.281,1.115000000000009,215.49349999999998,219.95350000000002,,,,,,,
16,SO,COSIO VALTELLINO,PO014024NU0001,2016-09-02,224.616,soggiacenza statica,6.0,218.616,6.335,7.45,217.166,218.281,1.115000000000009,215.49349999999998,219.95350000000002,,,,,,,
17,SO,COSIO VALTELLINO,PO014024NU0001,2016-10-03,224.616,soggiacenza statica,6.6,218.016,6.335,7.45,217.166,218.281,1.115000000000009,215.49349999999998,219.95350000000002,,,,,,,
18,SO,COSIO VALTELLINO,PO014024NU0001,2016-11-09,224.616,soggiacenza statica,6.64,217.976,6.335,7.45,217.166,218.281,1.115000000000009,215.49349999999998,219.95350000000002,,,,,,,
19,SO,DELEBIO,PO0140260U0001,2001-06-26,219.878,soggiacenza statica,11.52,208.358,11.75,13.4,206.478,208.128,1.6499999999999773,204.00300000000004,210.60299999999995,,,,,,,
20,SO,DELEBIO,PO0140260U0001,2001-07-25,219.878,soggiacenza statica,11.22,208.658,11.75,13.4,206.478,208.128,1.6499999999999773,204.00300000000004,210.60299999999995,,,,,,,
21,SO,DELEBIO,PO0140260U0001,2001-08-29,219.878,soggiacenza statica,11.588,208.29,11.75,13.4,206.478,208.128,1.6499999999999773,204.00300000000004,210.60299999999995,,,,,,,
22,SO,DELEBIO,PO0140260U0001,2001-09-26,219.878,soggiacenza statica,11.93,207.948,11.75,13.4,206.478,208.128,1.6499999999999773,204.00300000000004,210.60299999999995,,,,,,,
23,SO,DELEBIO,PO0140260U0001,2001-10-23,219.878,soggiacenza statica,11.86,208.018,11.75,13.4,206.478,208.128,1.6499999999999773,204.00300000000004,210.60299999999995,,,,,,,
24,SO,DELEBIO,PO0140260U0001,2001-11-27,219.878,soggiacenza statica,12.55,207.328,11.75,13.4,206.478,208.128,1.6499999999999773,204.00300000000004,210.60299999999995,,,,,,,
25,SO,DELEBIO,PO0140260U0001,2001-12-17,219.878,soggiacenza statica,13.15,206.728,11.75,13.4,206.478,208.128,1.6499999999999773,204.00300000000004,210.60299999999995,,,,,,,
26,SO,DELEBIO,PO0140260U0001,2002-01-29,219.878,soggiacenza statica,12.47,207.408,11.75,13.4,206.478,208.128,1.6499999999999773,204.00300000000004,210.60299999999995,,,,,,,
27,SO,DELEBIO,PO0140260U0001,2002-02-27,219.878,soggiacenza statica,14.15,205.728,11.75,13.4,206.478,208.128,1.6499999999999773,204.00300000000004,210.60299999999995,,,,,,,
28,SO,DELEBIO,PO0140260U0001,2002-03-27,219.878,soggiacenza statica,11.65,208.228,11.75,13.4,206.478,208.128,1.6499999999999773,204.00300000000004,210.60299999999995,,,,,,,
29,SO,DELEBIO,PO0140260U0001,2002-04-29,219.878,soggiacenza statica,11.42,208.458,11.75,13.4,206.478,208.128,1.6499999999999773,204.00300000000004,210.60299999999995,,,,,,,
30,SO,DELEBIO,PO0140260U0001,2002-05-30,219.878,soggiacenza statica,10.43,209.448,11.75,13.4,206.478,208.128,1.6499999999999773,204.00300000000004,210.60299999999995,,,,,,,
31,SO,DELEBIO,PO0140260U0001,2002-06-24,219.878,soggiacenza statica,10.24,209.638,11.75,13.4,206.478,208.128,1.6499999999999773,204.00300000000004,210.60299999999995,,,,,,,
32,SO,DELEBIO,PO0140260U0001,2002-07-25,219.878,soggiacenza statica,10.62,209.258,11.75,13.4,206.478,208.128,1.6499999999999773,204.00300000000004,210.60299999999995,,,,,,,
33,SO,DELEBIO,PO0140260U0001,2002-08-27,219.878,soggiacenza statica,11.01,208.868,11.75,13.4,206.478,208.128,1.6499999999999773,204.00300000000004,210.60299999999995,,,,,,,
34,SO,DELEBIO,PO0140260U0001,2002-09-25,219.878,soggiacenza statica,11.32,208.558,11.75,13.4,206.478,208.128,1.6499999999999773,204.00300000000004,210.60299999999995,,,,,,,
35,SO,DELEBIO,PO0140260U0001,2002-10-30,219.878,soggiacenza statica,11.83,208.048,11.75,13.4,206.478,208.128,1.6499999999999773,204.00300000000004,210.60299999999995,,,,,,,
36,SO,DELEBIO,PO0140260U0001,2002-11-26,219.878,soggiacenza statica,10.97,208.908,11.75,13.4,206.478,208.128,1.6499999999999773,204.00300000000004,210.60299999999995,,,,,,,
37,SO,DELEBIO,PO0140260U0001,2002-12-17,219.878,soggiacenza statica,10.75,209.128,11.75,13.4,206.478,208.128,1.6499999999999773,204.00300000000004,210.60299999999995,,,,,,,
38,SO,DELEBIO,PO0140260U0001,2003-01-28,219.878,soggiacenza statica,12.55,207.328,11.75,13.4,206.478,208.128,1.6499999999999773,204.00300000000004,210.60299999999995,,,,,,,
39,SO,DELEBIO,PO0140260U0001,2003-02-26,219.878,soggiacenza statica,13.5,206.378,11.75,13.4,206.478,208.128,1.6499999999999773,204.00300000000004,210.60299999999995,,,,,,,
40,SO,DELEBIO,PO0140260U0001,2003-03-25,219.878,soggiacenza statica,13.82,206.058,11.75,13.4,206.478,208.128,1.6499999999999773,204.00300000000004,210.60299999999995,,,,,,,
41,SO,DELEBIO,PO0140260U0001,2003-04-29,219.878,soggiacenza statica,13.27,206.608,11.75,13.4,206.478,208.128,1.6499999999999773,204.00300000000004,210.60299999999995,,,,,,,
42,SO,DELEBIO,PO0140260U0001,2003-05-29,219.878,soggiacenza statica,11.3,208.578,11.75,13.4,206.478,208.128,1.6499999999999773,204.00300000000004,210.60299999999995,,,,,,,
43,SO,DELEBIO,PO0140260U0001,2003-06-23,219.878,soggiacenza statica,11.72,208.158,11.75,13.4,206.478,208.128,1.6499999999999773,204.00300000000004,210.60299999999995,,,,,,,
44,SO,DELEBIO,PO0140260U0001,2003-07-29,219.878,soggiacenza statica,12.1,207.778,11.75,13.4,206.478,208.128,1.6499999999999773,204.00300000000004,210.60299999999995,,,,,,,
45,SO,DELEBIO,PO0140260U0001,2003-08-27,219.878,soggiacenza statica,12.45,207.428,11.75,13.4,206.478,208.128,1.6499999999999773,204.00300000000004,210.60299999999995,,,,,,,
46,SO,DELEBIO,PO0140260U0001,2003-09-30,219.878,soggiacenza statica,13.36,206.518,11.75,13.4,206.478,208.128,1.6499999999999773,204.00300000000004,210.60299999999995,,,,,,,
47,SO,DELEBIO,PO0140260U0001,2003-10-31,219.878,soggiacenza statica,13.65,206.228,11.75,13.4,206.478,208.128,1.6499999999999773,204.00300000000004,210.60299999999995,,,,,,,
48,SO,DELEBIO,PO0140260U0001,2003-11-28,219.878,soggiacenza statica,11.9,207.978,11.75,13.4,206.478,208.128,1.6499999999999773,204.00300000000004,210.60299999999995,,,,,,,
49,SO,DELEBIO,PO0140260U0001,2003-12-31,219.878,soggiacenza statica,12.0,207.878,11.75,13.4,206.478,208.128,1.6499999999999773,204.00300000000004,210.60299999999995,,,,,,,
50,SO,DELEBIO,PO0140260U0001,2004-01-29,219.878,soggiacenza statica,12.75,207.128,11.75,13.4,206.478,208.128,1.6499999999999773,204.00300000000004,210.60299999999995,,,,,,,
51,SO,DELEBIO,PO0140260U0001,2004-02-29,219.878,soggiacenza statica,13.4,206.478,11.75,13.4,206.478,208.128,1.6499999999999773,204.00300000000004,210.60299999999995,,,,,,,
52,SO,DELEBIO,PO0140260U0001,2004-03-25,219.878,soggiacenza statica,13.65,206.228,11.75,13.4,206.478,208.128,1.6499999999999773,204.00300000000004,210.60299999999995,,,,,,,
53,SO,DELEBIO,PO0140260U0001,2004-04-22,219.878,soggiacenza statica,11.9,207.978,11.75,13.4,206.478,208.128,1.6499999999999773,204.00300000000004,210.60299999999995,,,,,,,
54,SO,DELEBIO,PO0140260U0001,2004-05-27,219.878,soggiacenza statica,10.18,209.698,11.75,13.4,206.478,208.128,1.6499999999999773,204.00300000000004,210.60299999999995,,,,,,,
55,SO,DELEBIO,PO0140260U0001,2004-06-24,219.878,soggiacenza statica,10.4,209.478,11.75,13.4,206.478,208.128,1.6499999999999773,204.00300000000004,210.60299999999995,,,,,,,
56,SO,DELEBIO,PO0140260U0001,2004-07-30,219.878,soggiacenza statica,13.3,206.578,11.75,13.4,206.478,208.128,1.6499999999999773,204.00300000000004,210.60299999999995,,,,,,,
57,SO,DELEBIO,PO0140260U0001,2004-08-26,219.878,soggiacenza statica,11.78,208.098,11.75,13.4,206.478,208.128,1.6499999999999773,204.00300000000004,210.60299999999995,,,,,,,
58,SO,DELEBIO,PO0140260U0001,2004-09-30,219.878,soggiacenza statica,12.5,207.378,11.75,13.4,206.478,208.128,1.6499999999999773,204.00300000000004,210.60299999999995,,,,,,,
59,SO,DELEBIO,PO0140260U0001,2004-10-28,219.878,soggiacenza statica,11.83,208.048,11.75,13.4,206.478,208.128,1.6499999999999773,204.00300000000004,210.60299999999995,,,,,,,
60,SO,DELEBIO,PO0140260U0001,2004-11-10,219.878,soggiacenza statica,10.85,209.028,11.75,13.4,206.478,208.128,1.6499999999999773,204.00300000000004,210.60299999999995,,,,,,,
61,SO,DELEBIO,PO0140260U0001,2004-12-21,219.878,soggiacenza statica,12.16,207.718,11.75,13.4,206.478,208.128,1.6499999999999773,204.00300000000004,210.60299999999995,,,,,,,
62,SO,DELEBIO,PO0140260U0001,2005-01-20,219.878,soggiacenza statica,13.0,206.878,11.75,13.4,206.478,208.128,1.6499999999999773,204.00300000000004,210.60299999999995,,,,,,,
63,SO,DELEBIO,PO0140260U0001,2005-02-25,219.878,soggiacenza statica,14.308,205.57,11.75,13.4,206.478,208.128,1.6499999999999773,204.00300000000004,210.60299999999995,,,,,,,
64,SO,DELEBIO,PO0140260U0001,2005-03-24,219.878,soggiacenza statica,14.5,205.378,11.75,13.4,206.478,208.128,1.6499999999999773,204.00300000000004,210.60299999999995,,,,,,,
65,SO,DELEBIO,PO0140260U0001,2005-04-29,219.878,soggiacenza statica,12.55,207.328,11.75,13.4,206.478,208.128,1.6499999999999773,204.00300000000004,210.60299999999995,,,,,,,
66,SO,DELEBIO,PO0140260U0001,2005-05-05,219.878,soggiacenza statica,10.65,209.228,11.75,13.4,206.478,208.128,1.6499999999999773,204.00300000000004,210.60299999999995,,,,,,,
67,SO,DELEBIO,PO0140260U0001,2005-06-27,219.878,soggiacenza statica,11.21,208.668,11.75,13.4,206.478,208.128,1.6499999999999773,204.00300000000004,210.60299999999995,,,,,,,
68,SO,DELEBIO,PO0140260U0001,2005-07-25,219.878,soggiacenza statica,13.1,206.778,11.75,13.4,206.478,208.128,1.6499999999999773,204.00300000000004,210.60299999999995,,,,,,,
69,SO,DELEBIO,PO0140260U0001,2005-08-31,219.878,soggiacenza statica,12.45,207.428,11.75,13.4,206.478,208.128,1.6499999999999773,204.00300000000004,210.60299999999995,,,,,,,
70,SO,DELEBIO,PO0140260U0001,2005-09-28,219.878,soggiacenza statica,13.7,206.178,11.75,13.4,206.478,208.128,1.6499999999999773,204.00300000000004,210.60299999999995,,,,,,,
71,SO,DELEBIO,PO0140260U0001,2005-10-25,219.878,soggiacenza statica,12.95,206.928,11.75,13.4,206.478,208.128,1.6499999999999773,204.00300000000004,210.60299999999995,,,,,,,
72,SO,DELEBIO,PO0140260U0001,2005-11-10,219.878,soggiacenza statica,11.9,207.978,11.75,13.4,206.478,208.128,1.6499999999999773,204.00300000000004,210.60299999999995,,,,,,,
73,SO,DELEBIO,PO0140260U0001,2005-12-21,219.878,soggiacenza statica,13.7,206.178,11.75,13.4,206.478,208.128,1.6499999999999773,204.00300000000004,210.60299999999995,,,,,,,
74,SO,DELEBIO,PO0140260U0001,2006-01-24,219.878,soggiacenza statica,14.902,204.976,11.75,13.4,206.478,208.128,1.6499999999999773,204.00300000000004,210.60299999999995,,,,,,,
75,SO,DELEBIO,PO0140260U0001,2006-02-22,219.878,soggiacenza statica,14.81,205.068,11.75,13.4,206.478,208.128,1.6499999999999773,204.00300000000004,210.60299999999995,,,,,,,
76,SO,DELEBIO,PO0140260U0001,2006-03-28,219.878,soggiacenza statica,12.65,207.228,11.75,13.4,206.478,208.128,1.6499999999999773,204.00300000000004,210.60299999999995,,,,,,,
77,SO,DELEBIO,PO0140260U0001,2006-04-24,219.878,soggiacenza statica,12.65,207.228,11.75,13.4,206.478,208.128,1.6499999999999773,204.00300000000004,210.60299999999995,,,,,,,
78,SO,DELEBIO,PO0140260U0001,2006-05-17,219.878,soggiacenza statica,10.87,209.008,11.75,13.4,206.478,208.128,1.6499999999999773,204.00300000000004,210.60299999999995,,,,,,,
79,SO,DELEBIO,PO0140260U0001,2006-06-27,219.878,soggiacenza statica,12.25,207.628,11.75,13.4,206.478,208.128,1.6499999999999773,204.00300000000004,210.60299999999995,,,,,,,
80,SO,DELEBIO,PO0140260U0001,2006-07-27,219.878,soggiacenza statica,13.62,206.258,11.75,13.4,206.478,208.128,1.6499999999999773,204.00300000000004,210.60299999999995,,,,,,,
81,SO,DELEBIO,PO0140260U0001,2006-08-31,219.878,soggiacenza statica,13.18,206.698,11.75,13.4,206.478,208.128,1.6499999999999773,204.00300000000004,210.60299999999995,,,,,,,
82,SO,DELEBIO,PO0140260U0001,2006-09-28,219.878,soggiacenza statica,12.3,207.578,11.75,13.4,206.478,208.128,1.6499999999999773,204.00300000000004,210.60299999999995,,,,,,,
83,SO,DELEBIO,PO0140260U0001,2006-10-25,219.878,soggiacenza statica,12.36,207.518,11.75,13.4,206.478,208.128,1.6499999999999773,204.00300000000004,210.60299999999995,,,,,,,
84,SO,DELEBIO,PO0140260U0001,2006-11-22,219.878,soggiacenza statica,12.07,207.808,11.75,13.4,206.478,208.128,1.6499999999999773,204.00300000000004,210.60299999999995,,,,,,,
85,SO,DELEBIO,PO0140260U0001,2006-12-20,219.878,soggiacenza statica,11.5,208.378,11.75,13.4,206.478,208.128,1.6499999999999773,204.00300000000004,210.60299999999995,,,,,,,
86,SO,DELEBIO,PO0140260U0001,2007-01-29,219.878,soggiacenza statica,12.14,207.738,11.75,13.4,206.478,208.128,1.6499999999999773,204.00300000000004,210.60299999999995,,,,,,,
87,SO,DELEBIO,PO0140260U0001,2007-02-21,219.878,soggiacenza statica,13.05,206.828,11.75,13.4,206.478,208.128,1.6499999999999773,204.00300000000004,210.60299999999995,,,,,,,
88,SO,DELEBIO,PO0140260U0001,2007-03-29,219.878,soggiacenza statica,14.26,205.618,11.75,13.4,206.478,208.128,1.6499999999999773,204.00300000000004,210.60299999999995,,,,,,,
89,SO,DELEBIO,PO0140260U0001,2007-04-27,219.878,soggiacenza statica,11.22,208.658,11.75,13.4,206.478,208.128,1.6499999999999773,204.00300000000004,210.60299999999995,,,,,,,
90,SO,DELEBIO,PO0140260U0001,2007-05-17,219.878,soggiacenza statica,12.43,207.448,11.75,13.4,206.478,208.128,1.6499999999999773,204.00300000000004,210.60299999999995,,,,,,,
91,SO,DELEBIO,PO0140260U0001,2007-06-28,219.878,soggiacenza statica,11.0,208.878,11.75,13.4,206.478,208.128,1.6499999999999773,204.00300000000004,210.60299999999995,,,,,,,
92,SO,DELEBIO,PO0140260U0001,2007-07-25,219.878,soggiacenza statica,13.8,206.078,11.75,13.4,206.478,208.128,1.6499999999999773,204.00300000000004,210.60299999999995,,,,,,,
93,SO,DELEBIO,PO0140260U0001,2007-08-30,219.878,soggiacenza statica,12.8,207.078,11.75,13.4,206.478,208.128,1.6499999999999773,204.00300000000004,210.60299999999995,,,,,,,
94,SO,DELEBIO,PO0140260U0001,2007-09-19,219.878,soggiacenza statica,12.7,207.178,11.75,13.4,206.478,208.128,1.6499999999999773,204.00300000000004,210.60299999999995,,,,,,,
95,SO,DELEBIO,PO0140260U0001,2007-10-31,219.878,soggiacenza statica,13.08,206.798,11.75,13.4,206.478,208.128,1.6499999999999773,204.00300000000004,210.60299999999995,,,,,,,
96,SO,DELEBIO,PO0140260U0001,2007-11-14,219.878,soggiacenza statica,13.48,206.398,11.75,13.4,206.478,208.128,1.6499999999999773,204.00300000000004,210.60299999999995,,,,,,,
97,SO,DELEBIO,PO0140260U0001,2007-12-20,219.878,soggiacenza statica,13.52,206.358,11.75,13.4,206.478,208.128,1.6499999999999773,204.00300000000004,210.60299999999995,,,,,,,
98,SO,DELEBIO,PO0140260U0001,2008-01-29,219.878,soggiacenza statica,13.12,206.758,11.75,13.4,206.478,208.128,1.6499999999999773,204.00300000000004,210.60299999999995,,,,,,,
99,SO,DELEBIO,PO0140260U0001,2008-02-28,219.878,soggiacenza statica,13.12,206.758,11.75,13.4,206.478,208.128,1.6499999999999773,204.00300000000004,210.60299999999995,,,,,,,
100,SO,DELEBIO,PO0140260U0001,2008-03-27,219.878,soggiacenza statica,13.2,206.678,11.75,13.4,206.478,208.128,1.6499999999999773,204.00300000000004,210.60299999999995,,,,,,,
101,SO,DELEBIO,PO0140260U0001,2008-04-23,219.878,soggiacenza statica,12.22,207.658,11.75,13.4,206.478,208.128,1.6499999999999773,204.00300000000004,210.60299999999995,,,,,,,
102,SO,DELEBIO,PO0140260U0001,2008-05-20,219.878,soggiacenza statica,10.57,209.308,11.75,13.4,206.478,208.128,1.6499999999999773,204.00300000000004,210.60299999999995,,,,,,,
103,SO,DELEBIO,PO0140260U0001,2008-06-25,219.878,soggiacenza statica,10.8,209.078,11.75,13.4,206.478,208.128,1.6499999999999773,204.00300000000004,210.60299999999995,,,,,,,
104,SO,DELEBIO,PO0140260U0001,2008-07-31,219.878,soggiacenza statica,11.37,208.508,11.75,13.4,206.478,208.128,1.6499999999999773,204.00300000000004,210.60299999999995,,,,,,,
105,SO,DELEBIO,PO0140260U0001,2008-08-28,219.878,soggiacenza statica,11.97,207.908,11.75,13.4,206.478,208.128,1.6499999999999773,204.00300000000004,210.60299999999995,,,,,,,
106,SO,DELEBIO,PO0140260U0001,2008-09-23,219.878,soggiacenza statica,12.08,207.798,11.75,13.4,206.478,208.128,1.6499999999999773,204.00300000000004,210.60299999999995,,,,,,,
107,SO,DELEBIO,PO0140260U0001,2008-10-23,219.878,soggiacenza statica,12.8,207.078,11.75,13.4,206.478,208.128,1.6499999999999773,204.00300000000004,210.60299999999995,,,,,,,
108,SO,DELEBIO,PO0140260U0001,2008-11-13,219.878,soggiacenza statica,11.64,208.238,11.75,13.4,206.478,208.128,1.6499999999999773,204.00300000000004,210.60299999999995,,,,,,,
109,SO,DELEBIO,PO0140260U0001,2008-12-18,219.878,soggiacenza statica,12.1,207.778,11.75,13.4,206.478,208.128,1.6499999999999773,204.00300000000004,210.60299999999995,,,,,,,
110,SO,DELEBIO,PO0140260U0001,2009-01-30,219.878,soggiacenza statica,12.7,207.178,11.75,13.4,206.478,208.128,1.6499999999999773,204.00300000000004,210.60299999999995,,,,,,,
111,SO,DELEBIO,PO0140260U0001,2009-02-26,219.878,soggiacenza statica,12.67,207.208,11.75,13.4,206.478,208.128,1.6499999999999773,204.00300000000004,210.60299999999995,,,,,,,
112,SO,DELEBIO,PO0140260U0001,2009-03-25,219.878,soggiacenza statica,13.05,206.828,11.75,13.4,206.478,208.128,1.6499999999999773,204.00300000000004,210.60299999999995,,,,,,,
113,SO,DELEBIO,PO0140260U0001,2009-04-16,219.878,soggiacenza statica,12.97,206.908,11.75,13.4,206.478,208.128,1.6499999999999773,204.00300000000004,210.60299999999995,,,,,,,
114,SO,DELEBIO,PO0140260U0001,2009-05-13,219.878,soggiacenza statica,13.4,206.478,11.75,13.4,206.478,208.128,1.6499999999999773,204.00300000000004,210.60299999999995,,,,,,,
115,SO,DELEBIO,PO0140260U0001,2009-06-30,219.878,soggiacenza statica,12.2,207.678,11.75,13.4,206.478,208.128,1.6499999999999773,204.00300000000004,210.60299999999995,,,,,,,
116,SO,DELEBIO,PO0140260U0001,2009-07-28,219.878,soggiacenza statica,12.63,207.248,11.75,13.4,206.478,208.128,1.6499999999999773,204.00300000000004,210.60299999999995,,,,,,,
117,SO,DELEBIO,PO0140260U0001,2009-08-26,219.878,soggiacenza statica,13.2,206.678,11.75,13.4,206.478,208.128,1.6499999999999773,204.00300000000004,210.60299999999995,,,,,,,
118,SO,DELEBIO,PO0140260U0001,2009-09-30,219.878,soggiacenza statica,13.0,206.878,11.75,13.4,206.478,208.128,1.6499999999999773,204.00300000000004,210.60299999999995,,,,,,,
119,SO,DELEBIO,PO0140260U0001,2009-10-30,219.878,soggiacenza statica,13.4,206.478,11.75,13.4,206.478,208.128,1.6499999999999773,204.00300000000004,210.60299999999995,,,,,,,
120,SO,DELEBIO,PO0140260U0001,2009-11-18,219.878,soggiacenza statica,13.68,206.198,11.75,13.4,206.478,208.128,1.6499999999999773,204.00300000000004,210.60299999999995,,,,,,,
121,SO,DELEBIO,PO0140260U0001,2009-12-21,219.878,soggiacenza statica,13.3,206.578,11.75,13.4,206.478,208.128,1.6499999999999773,204.00300000000004,210.60299999999995,,,,,,,
122,SO,DELEBIO,PO0140260U0001,2010-01-22,219.878,soggiacenza statica,13.8,206.078,11.75,13.4,206.478,208.128,1.6499999999999773,204.00300000000004,210.60299999999995,,,,,,,
123,SO,DELEBIO,PO0140260U0001,2010-02-22,219.878,soggiacenza statica,13.13,206.748,11.75,13.4,206.478,208.128,1.6499999999999773,204.00300000000004,210.60299999999995,,,,,,,
124,SO,DELEBIO,PO0140260U0001,2010-03-31,219.878,soggiacenza statica,12.96,206.918,11.75,13.4,206.478,208.128,1.6499999999999773,204.00300000000004,210.60299999999995,,,,,,,
125,SO,DELEBIO,PO0140260U0001,2010-04-28,219.878,soggiacenza statica,13.43,206.448,11.75,13.4,206.478,208.128,1.6499999999999773,204.00300000000004,210.60299999999995,,,,,,,
126,SO,DELEBIO,PO0140260U0001,2010-05-26,219.878,soggiacenza statica,11.78,208.098,11.75,13.4,206.478,208.128,1.6499999999999773,204.00300000000004,210.60299999999995,,,,,,,
127,SO,DELEBIO,PO0140260U0001,2010-06-30,219.878,soggiacenza statica,12.12,207.758,11.75,13.4,206.478,208.128,1.6499999999999773,204.00300000000004,210.60299999999995,,,,,,,
128,SO,DELEBIO,PO0140260U0001,2010-07-26,219.878,soggiacenza statica,13.61,206.268,11.75,13.4,206.478,208.128,1.6499999999999773,204.00300000000004,210.60299999999995,,,,,,,
129,SO,DELEBIO,PO0140260U0001,2010-08-26,219.878,soggiacenza statica,12.7,207.178,11.75,13.4,206.478,208.128,1.6499999999999773,204.00300000000004,210.60299999999995,,,,,,,
130,SO,DELEBIO,PO0140260U0001,2010-09-22,219.878,soggiacenza statica,13.55,206.328,11.75,13.4,206.478,208.128,1.6499999999999773,204.00300000000004,210.60299999999995,,,,,,,
131,SO,DELEBIO,PO0140260U0001,2010-10-27,219.878,soggiacenza statica,12.7,207.178,11.75,13.4,206.478,208.128,1.6499999999999773,204.00300000000004,210.60299999999995,,,,,,,
132,SO,DELEBIO,PO0140260U0001,2010-11-18,219.878,soggiacenza statica,11.98,207.898,11.75,13.4,206.478,208.128,1.6499999999999773,204.00300000000004,210.60299999999995,,,,,,,
133,SO,DELEBIO,PO0140260U0001,2010-12-23,219.878,soggiacenza statica,12.18,207.698,11.75,13.4,206.478,208.128,1.6499999999999773,204.00300000000004,210.60299999999995,,,,,,,
134,SO,DELEBIO,PO0140260U0001,2011-01-24,219.878,soggiacenza statica,12.2,207.678,11.75,13.4,206.478,208.128,1.6499999999999773,204.00300000000004,210.60299999999995,,,,,,,
135,SO,DELEBIO,PO0140260U0001,2011-02-22,219.878,soggiacenza statica,12.93,206.948,11.75,13.4,206.478,208.128,1.6499999999999773,204.00300000000004,210.60299999999995,,,,,,,
136,SO,DELEBIO,PO0140260U0001,2011-03-22,219.878,soggiacenza statica,13.25,206.628,11.75,13.4,206.478,208.128,1.6499999999999773,204.00300000000004,210.60299999999995,,,,,,,
137,SO,DELEBIO,PO0140260U0001,2011-04-26,219.878,soggiacenza statica,12.9,206.978,11.75,13.4,206.478,208.128,1.6499999999999773,204.00300000000004,210.60299999999995,,,,,,,
138,SO,DELEBIO,PO0140260U0001,2011-05-26,219.878,soggiacenza statica,13.47,206.408,11.75,13.4,206.478,208.128,1.6499999999999773,204.00300000000004,210.60299999999995,,,,,,,
139,SO,DELEBIO,PO0140260U0001,2011-06-30,219.878,soggiacenza statica,13.18,206.698,11.75,13.4,206.478,208.128,1.6499999999999773,204.00300000000004,210.60299999999995,,,,,,,
140,SO,DELEBIO,PO0140260U0001,2011-07-21,219.878,soggiacenza statica,13.1,206.778,11.75,13.4,206.478,208.128,1.6499999999999773,204.00300000000004,210.60299999999995,,,,,,,
141,SO,DELEBIO,PO0140260U0001,2011-08-24,219.878,soggiacenza statica,12.3,207.578,11.75,13.4,206.478,208.128,1.6499999999999773,204.00300000000004,210.60299999999995,,,,,,,
142,SO,DELEBIO,PO0140260U0001,2011-09-22,219.878,soggiacenza statica,12.18,207.698,11.75,13.4,206.478,208.128,1.6499999999999773,204.00300000000004,210.60299999999995,,,,,,,
143,SO,DELEBIO,PO0140260U0001,2011-10-25,219.878,soggiacenza statica,12.44,207.438,11.75,13.4,206.478,208.128,1.6499999999999773,204.00300000000004,210.60299999999995,,,,,,,
144,SO,DELEBIO,PO0140260U0001,2011-11-07,219.878,soggiacenza statica,13.2,206.678,11.75,13.4,206.478,208.128,1.6499999999999773,204.00300000000004,210.60299999999995,,,,,,,
145,SO,DELEBIO,PO0140260U0001,2011-12-20,219.878,soggiacenza statica,13.1,206.778,11.75,13.4,206.478,208.128,1.6499999999999773,204.00300000000004,210.60299999999995,,,,,,,
146,SO,DELEBIO,PO0140260U0001,2012-01-12,219.878,soggiacenza statica,14.45,205.428,11.75,13.4,206.478,208.128,1.6499999999999773,204.00300000000004,210.60299999999995,,,,,,,
147,SO,DELEBIO,PO0140260U0001,2012-02-07,219.878,soggiacenza statica,15.2,204.678,11.75,13.4,206.478,208.128,1.6499999999999773,204.00300000000004,210.60299999999995,,,,,,,
148,SO,DELEBIO,PO0140260U0001,2012-03-12,219.878,soggiacenza statica,15.73,204.148,11.75,13.4,206.478,208.128,1.6499999999999773,204.00300000000004,210.60299999999995,,,,,,,
149,SO,DELEBIO,PO0140260U0001,2012-04-11,219.878,soggiacenza statica,14.98,204.898,11.75,13.4,206.478,208.128,1.6499999999999773,204.00300000000004,210.60299999999995,,,,,,,
150,SO,DELEBIO,PO0140260U0001,2012-05-02,219.878,soggiacenza statica,12.5,207.378,11.75,13.4,206.478,208.128,1.6499999999999773,204.00300000000004,210.60299999999995,,,,,,,
151,SO,DELEBIO,PO0140260U0001,2012-06-13,219.878,soggiacenza statica,10.51,209.368,11.75,13.4,206.478,208.128,1.6499999999999773,204.00300000000004,210.60299999999995,,,,,,,
152,SO,DELEBIO,PO0140260U0001,2012-07-05,219.878,soggiacenza statica,10.0,209.878,11.75,13.4,206.478,208.128,1.6499999999999773,204.00300000000004,210.60299999999995,,,,,,,
153,SO,DELEBIO,PO0140260U0001,2012-08-02,219.878,soggiacenza statica,11.4,208.478,11.75,13.4,206.478,208.128,1.6499999999999773,204.00300000000004,210.60299999999995,,,,,,,
154,SO,DELEBIO,PO0140260U0001,2012-09-06,219.878,soggiacenza statica,14.8,205.078,11.75,13.4,206.478,208.128,1.6499999999999773,204.00300000000004,210.60299999999995,,,,,,,
155,SO,DELEBIO,PO0140260U0001,2012-10-11,219.878,soggiacenza statica,14.34,205.538,11.75,13.4,206.478,208.128,1.6499999999999773,204.00300000000004,210.60299999999995,,,,,,,
156,SO,DELEBIO,PO0140260U0001,2012-11-13,219.878,soggiacenza statica,11.18,208.698,11.75,13.4,206.478,208.128,1.6499999999999773,204.00300000000004,210.60299999999995,,,,,,,
157,SO,DELEBIO,PO0140260U0001,2012-12-18,219.878,soggiacenza statica,11.77,208.108,11.75,13.4,206.478,208.128,1.6499999999999773,204.00300000000004,210.60299999999995,,,,,,,
158,SO,DELEBIO,PO0140260U0001,2013-01-28,219.878,soggiacenza statica,12.74,207.138,11.75,13.4,206.478,208.128,1.6499999999999773,204.00300000000004,210.60299999999995,,,,,,,
159,SO,DELEBIO,PO0140260U0001,2013-02-26,219.878,soggiacenza statica,13.35,206.528,11.75,13.4,206.478,208.128,1.6499999999999773,204.00300000000004,210.60299999999995,,,,,,,
160,SO,DELEBIO,PO0140260U0001,2013-03-18,219.878,soggiacenza statica,13.4,206.478,11.75,13.4,206.478,208.128,1.6499999999999773,204.00300000000004,210.60299999999995,,,,,,,
161,SO,DELEBIO,PO0140260U0001,2013-04-03,219.878,soggiacenza statica,13.16,206.718,11.75,13.4,206.478,208.128,1.6499999999999773,204.00300000000004,210.60299999999995,,,,,,,
162,SO,DELEBIO,PO0140260U0001,2013-05-21,219.878,soggiacenza statica,10.53,209.348,11.75,13.4,206.478,208.128,1.6499999999999773,204.00300000000004,210.60299999999995,,,,,,,
163,SO,DELEBIO,PO0140260U0001,2013-06-24,219.878,soggiacenza statica,10.78,209.098,11.75,13.4,206.478,208.128,1.6499999999999773,204.00300000000004,210.60299999999995,,,,,,,
164,SO,DELEBIO,PO0140260U0001,2013-07-22,219.878,soggiacenza statica,11.68,208.198,11.75,13.4,206.478,208.128,1.6499999999999773,204.00300000000004,210.60299999999995,,,,,,,
165,SO,DELEBIO,PO0140260U0001,2013-08-26,219.878,soggiacenza statica,13.38,206.498,11.75,13.4,206.478,208.128,1.6499999999999773,204.00300000000004,210.60299999999995,,,,,,,
166,SO,DELEBIO,PO0140260U0001,2013-09-23,219.878,soggiacenza statica,13.67,206.208,11.75,13.4,206.478,208.128,1.6499999999999773,204.00300000000004,210.60299999999995,,,,,,,
167,SO,DELEBIO,PO0140260U0001,2013-10-31,219.878,soggiacenza statica,11.94,207.938,11.75,13.4,206.478,208.128,1.6499999999999773,204.00300000000004,210.60299999999995,,,,,,,
168,SO,DELEBIO,PO0140260U0001,2013-11-26,219.878,soggiacenza statica,13.43,206.448,11.75,13.4,206.478,208.128,1.6499999999999773,204.00300000000004,210.60299999999995,,,,,,,
169,SO,DELEBIO,PO0140260U0001,2013-12-16,219.878,soggiacenza statica,13.75,206.128,11.75,13.4,206.478,208.128,1.6499999999999773,204.00300000000004,210.60299999999995,,,,,,,
170,SO,DELEBIO,PO0140260U0001,2014-01-13,219.878,soggiacenza statica,15.73,204.148,11.75,13.4,206.478,208.128,1.6499999999999773,204.00300000000004,210.60299999999995,,,,,,,
171,SO,DELEBIO,PO0140260U0001,2014-02-03,219.878,soggiacenza statica,12.9,206.978,11.75,13.4,206.478,208.128,1.6499999999999773,204.00300000000004,210.60299999999995,,,,,,,
172,SO,DELEBIO,PO0140260U0001,2014-03-12,219.878,soggiacenza statica,11.68,208.198,11.75,13.4,206.478,208.128,1.6499999999999773,204.00300000000004,210.60299999999995,,,,,,,
173,SO,DELEBIO,PO0140260U0001,2014-04-01,219.878,soggiacenza statica,12.06,207.818,11.75,13.4,206.478,208.128,1.6499999999999773,204.00300000000004,210.60299999999995,,,,,,,
174,SO,DELEBIO,PO0140260U0001,2014-05-06,219.878,soggiacenza statica,12.44,207.438,11.75,13.4,206.478,208.128,1.6499999999999773,204.00300000000004,210.60299999999995,,,,,,,
175,SO,DELEBIO,PO0140260U0001,2014-06-09,219.878,soggiacenza statica,13.0,206.878,11.75,13.4,206.478,208.128,1.6499999999999773,204.00300000000004,210.60299999999995,,,,,,,
176,SO,DELEBIO,PO0140260U0001,2014-07-17,219.878,soggiacenza statica,11.86,208.018,11.75,13.4,206.478,208.128,1.6499999999999773,204.00300000000004,210.60299999999995,,,,,,,
177,SO,DELEBIO,PO0140260U0001,2014-08-25,219.878,soggiacenza statica,11.46,208.418,11.75,13.4,206.478,208.128,1.6499999999999773,204.00300000000004,210.60299999999995,,,,,,,
178,SO,DELEBIO,PO0140260U0001,2014-09-11,219.878,soggiacenza statica,11.95,207.928,11.75,13.4,206.478,208.128,1.6499999999999773,204.00300000000004,210.60299999999995,,,,,,,
179,SO,DELEBIO,PO0140260U0001,2014-10-27,219.878,soggiacenza statica,14.13,205.748,11.75,13.4,206.478,208.128,1.6499999999999773,204.00300000000004,210.60299999999995,,,,,,,
180,SO,DELEBIO,PO0140260U0001,2014-11-10,219.878,soggiacenza statica,12.95,206.928,11.75,13.4,206.478,208.128,1.6499999999999773,204.00300000000004,210.60299999999995,,,,,,,
181,SO,DELEBIO,PO0140260U0001,2014-12-09,219.878,soggiacenza statica,11.76,208.118,11.75,13.4,206.478,208.128,1.6499999999999773,204.00300000000004,210.60299999999995,,,,,,,
182,SO,DELEBIO,PO0140260U0001,2015-02-17,219.878,soggiacenza statica,12.08,207.798,11.75,13.4,206.478,208.128,1.6499999999999773,204.00300000000004,210.60299999999995,,,,,,,
183,SO,DELEBIO,PO0140260U0001,2015-03-23,219.878,soggiacenza statica,12.22,207.658,11.75,13.4,206.478,208.128,1.6499999999999773,204.00300000000004,210.60299999999995,,,,,,,
184,SO,DELEBIO,PO0140260U0001,2015-04-24,219.878,soggiacenza statica,12.86,207.018,11.75,13.4,206.478,208.128,1.6499999999999773,204.00300000000004,210.60299999999995,,,,,,,
185,SO,DELEBIO,PO0140260U0001,2015-05-05,219.878,soggiacenza statica,13.78,206.098,11.75,13.4,206.478,208.128,1.6499999999999773,204.00300000000004,210.60299999999995,,,,,,,
186,SO,DELEBIO,PO0140260U0001,2015-06-29,219.878,soggiacenza statica,14.7,205.178,11.75,13.4,206.478,208.128,1.6499999999999773,204.00300000000004,210.60299999999995,,,,,,,
187,SO,DELEBIO,PO0140260U0001,2015-07-20,219.878,soggiacenza statica,14.75,205.128,11.75,13.4,206.478,208.128,1.6499999999999773,204.00300000000004,210.60299999999995,,,,,,,
188,SO,DELEBIO,PO0140260U0001,2015-08-24,219.878,soggiacenza statica,14.74,205.138,11.75,13.4,206.478,208.128,1.6499999999999773,204.00300000000004,210.60299999999995,,,,,,,
189,SO,DELEBIO,PO0140260U0001,2015-09-15,219.878,soggiacenza statica,14.3,205.578,11.75,13.4,206.478,208.128,1.6499999999999773,204.00300000000004,210.60299999999995,,,,,,,
190,SO,DELEBIO,PO0140260U0001,2015-10-20,219.878,soggiacenza statica,13.84,206.038,11.75,13.4,206.478,208.128,1.6499999999999773,204.00300000000004,210.60299999999995,,,,,,,
191,SO,DELEBIO,PO0140260U0001,2015-11-18,219.878,soggiacenza statica,13.52,206.358,11.75,13.4,206.478,208.128,1.6499999999999773,204.00300000000004,210.60299999999995,,,,,,,
192,SO,DELEBIO,PO0140260U0001,2015-12-02,219.878,soggiacenza statica,13.9,205.978,11.75,13.4,206.478,208.128,1.6499999999999773,204.00300000000004,210.60299999999995,,,,,,,
193,SO,DELEBIO,PO0140260U0001,2016-01-07,219.878,soggiacenza statica,15.39,204.488,11.75,13.4,206.478,208.128,1.6499999999999773,204.00300000000004,210.60299999999995,,,,,,,
194,SO,DELEBIO,PO0140260U0001,2016-02-02,219.878,soggiacenza statica,15.46,204.418,11.75,13.4,206.478,208.128,1.6499999999999773,204.00300000000004,210.60299999999995,,,,,,,
195,SO,DELEBIO,PO0140260U0001,2016-03-07,219.878,soggiacenza statica,14.98,204.898,11.75,13.4,206.478,208.128,1.6499999999999773,204.00300000000004,210.60299999999995,,,,,,,
196,SO,DELEBIO,PO0140260U0001,2016-04-20,219.878,soggiacenza statica,13.09,206.788,11.75,13.4,206.478,208.128,1.6499999999999773,204.00300000000004,210.60299999999995,,,,,,,
197,SO,DELEBIO,PO0140260U0001,2016-05-31,219.878,soggiacenza statica,10.46,209.418,11.75,13.4,206.478,208.128,1.6499999999999773,204.00300000000004,210.60299999999995,,,,,,,
198,SO,DELEBIO,PO0140260U0001,2016-07-01,219.878,soggiacenza statica,9.9,209.978,11.75,13.4,206.478,208.128,1.6499999999999773,204.00300000000004,210.60299999999995,,,,,,,
199,SO,DELEBIO,PO0140260U0001,2016-08-01,219.878,soggiacenza statica,10.36,209.518,11.75,13.4,206.478,208.128,1.6499999999999773,204.00300000000004,210.60299999999995,,,,,,,
200,SO,DELEBIO,PO0140260U0001,2016-09-02,219.878,soggiacenza statica,11.83,208.048,11.75,13.4,206.478,208.128,1.6499999999999773,204.00300000000004,210.60299999999995,,,,,,,
201,SO,DELEBIO,PO0140260U0001,2016-10-03,219.878,soggiacenza statica,12.5,207.378,11.75,13.4,206.478,208.128,1.6499999999999773,204.00300000000004,210.60299999999995,,,,,,,
202,SO,DELEBIO,PO0140260U0001,2016-11-09,219.878,soggiacenza statica,12.4,207.478,11.75,13.4,206.478,208.128,1.6499999999999773,204.00300000000004,210.60299999999995,,,,,,,
203,SO,DELEBIO,PO0140260U0001,2016-12-09,219.878,soggiacenza statica,12.4,207.478,11.75,13.4,206.478,208.128,1.6499999999999773,204.00300000000004,210.60299999999995,,,,,,,
204,SO,DELEBIO,PO0140260U0001,2017-01-09,219.878,soggiacenza statica,13.18,206.698,11.75,13.4,206.478,208.128,1.6499999999999773,204.00300000000004,210.60299999999995,,,,,,,
205,SO,DELEBIO,PO0140260U0001,2017-02-08,219.878,soggiacenza statica,14.32,205.558,11.75,13.4,206.478,208.128,1.6499999999999773,204.00300000000004,210.60299999999995,,,,,,,
206,SO,DELEBIO,PO0140260U0001,2017-03-02,219.878,soggiacenza statica,13.5,206.378,11.75,13.4,206.478,208.128,1.6499999999999773,204.00300000000004,210.60299999999995,,,,,,,
207,SO,DELEBIO,PO0140260U0001,2017-05-08,219.878,soggiacenza statica,13.5,206.378,11.75,13.4,206.478,208.128,1.6499999999999773,204.00300000000004,210.60299999999995,,,,,,,
208,SO,DELEBIO,PO0140260U0001,2017-06-16,219.878,soggiacenza statica,9.7,210.178,11.75,13.4,206.478,208.128,1.6499999999999773,204.00300000000004,210.60299999999995,,,,,,,
209,SO,DELEBIO,PO0140260U0001,2017-07-04,219.878,soggiacenza statica,9.55,210.328,11.75,13.4,206.478,208.128,1.6499999999999773,204.00300000000004,210.60299999999995,,,,,,,
210,SO,DELEBIO,PO0140260U0001,2017-08-08,219.878,soggiacenza statica,9.74,210.138,11.75,13.4,206.478,208.128,1.6499999999999773,204.00300000000004,210.60299999999995,,,,,,,
211,SO,DELEBIO,PO0140260U0001,2017-09-18,219.878,soggiacenza statica,10.0,209.878,11.75,13.4,206.478,208.128,1.6499999999999773,204.00300000000004,210.60299999999995,,,,,,,
212,SO,DELEBIO,PO0140260U0001,2017-10-18,219.878,soggiacenza statica,11.9,207.978,11.75,13.4,206.478,208.128,1.6499999999999773,204.00300000000004,210.60299999999995,,,,,,,
213,SO,DELEBIO,PO0140260U0001,2017-11-06,219.878,soggiacenza statica,12.03,207.848,11.75,13.4,206.478,208.128,1.6499999999999773,204.00300000000004,210.60299999999995,,,,,,,
214,SO,DELEBIO,PO0140260U0001,2017-12-18,219.878,soggiacenza statica,11.8,208.078,11.75,13.4,206.478,208.128,1.6499999999999773,204.00300000000004,210.60299999999995,,,,,,,
215,SO,DELEBIO,PO0140260U0001,2018-01-10,219.878,soggiacenza statica,11.7,208.178,11.75,13.4,206.478,208.128,1.6499999999999773,204.00300000000004,210.60299999999995,,,,,,,
216,SO,DELEBIO,PO0140260U0001,2018-02-06,219.878,soggiacenza statica,11.6,208.278,11.75,13.4,206.478,208.128,1.6499999999999773,204.00300000000004,210.60299999999995,,,,,,,
217,SO,DELEBIO,PO0140260U0001,2018-03-01,219.878,soggiacenza statica,11.47,208.408,11.75,13.4,206.478,208.128,1.6499999999999773,204.00300000000004,210.60299999999995,,,,,,,
218,SO,DELEBIO,PO0140260U0001,2018-04-08,219.878,soggiacenza statica,11.21,208.668,11.75,13.4,206.478,208.128,1.6499999999999773,204.00300000000004,210.60299999999995,,,,,,,
219,SO,DELEBIO,PO0140260U0001,2018-05-28,219.878,soggiacenza statica,11.9,207.978,11.75,13.4,206.478,208.128,1.6499999999999773,204.00300000000004,210.60299999999995,,,,,,,
220,SO,DELEBIO,PO0140260U0001,2018-07-30,219.878,soggiacenza statica,12.65,207.228,11.75,13.4,206.478,208.128,1.6499999999999773,204.00300000000004,210.60299999999995,,,,,,,
221,SO,DELEBIO,PO0140260U0001,2018-08-30,219.878,soggiacenza statica,13.13,206.748,11.75,13.4,206.478,208.128,1.6499999999999773,204.00300000000004,210.60299999999995,,,,,,,
222,SO,DELEBIO,PO0140260U0001,2018-09-30,219.878,soggiacenza statica,14.42,205.458,11.75,13.4,206.478,208.128,1.6499999999999773,204.00300000000004,210.60299999999995,,,,,,,
223,SO,DELEBIO,PO0140260U0001,2018-10-30,219.878,soggiacenza statica,13.14,206.738,11.75,13.4,206.478,208.128,1.6499999999999773,204.00300000000004,210.60299999999995,,,,,,,
224,SO,DELEBIO,PO0140260U0001,2018-11-30,219.878,soggiacenza statica,12.77,207.108,11.75,13.4,206.478,208.128,1.6499999999999773,204.00300000000004,210.60299999999995,,,,,,,
225,SO,DELEBIO,PO0140260U0001,2018-12-30,219.878,soggiacenza statica,13.54,206.338,11.75,13.4,206.478,208.128,1.6499999999999773,204.00300000000004,210.60299999999995,,,,,,,
226,SO,DELEBIO,PO0140260U0001,2019-01-31,219.878,soggiacenza statica,14.27,205.608,11.75,13.4,206.478,208.128,1.6499999999999773,204.00300000000004,210.60299999999995,,,,,,,
227,SO,DELEBIO,PO0140260U0001,2019-02-28,219.878,soggiacenza statica,14.48,205.398,11.75,13.4,206.478,208.128,1.6499999999999773,204.00300000000004,210.60299999999995,,,,,,,
228,SO,DELEBIO,PO0140260U0001,2019-03-31,219.878,soggiacenza statica,14.36,205.518,11.75,13.4,206.478,208.128,1.6499999999999773,204.00300000000004,210.60299999999995,,,,,,,
229,SO,DELEBIO,PO0140260U0001,2019-04-30,219.878,soggiacenza statica,12.81,207.068,11.75,13.4,206.478,208.128,1.6499999999999773,204.00300000000004,210.60299999999995,,,,,,,
230,SO,DELEBIO,PO0140260U0001,2019-05-23,219.878,soggiacenza statica,12.67,207.208,11.75,13.4,206.478,208.128,1.6499999999999773,204.00300000000004,210.60299999999995,,,,,,,
231,SO,DELEBIO,PO0140260U0001,2019-06-23,219.878,soggiacenza statica,10.0,209.878,11.75,13.4,206.478,208.128,1.6499999999999773,204.00300000000004,210.60299999999995,,,,,,,
232,SO,DELEBIO,PO0140260U0001,2019-07-20,219.878,soggiacenza statica,11.17,208.708,11.75,13.4,206.478,208.128,1.6499999999999773,204.00300000000004,210.60299999999995,,,,,,,
233,SO,DELEBIO,PO0140260U0001,2019-08-31,219.878,soggiacenza statica,9.63,210.248,11.75,13.4,206.478,208.128,1.6499999999999773,204.00300000000004,210.60299999999995,,,,,,,
234,SO,DELEBIO,PO0140260U0001,2019-09-30,219.878,soggiacenza statica,11.5,208.378,11.75,13.4,206.478,208.128,1.6499999999999773,204.00300000000004,210.60299999999995,,,,,,,
235,SO,DELEBIO,PO0140260U0001,2019-10-30,219.878,soggiacenza statica,10.42,209.458,11.75,13.4,206.478,208.128,1.6499999999999773,204.00300000000004,210.60299999999995,,,,,,,
236,SO,DELEBIO,PO0140260U0001,2019-11-30,219.878,soggiacenza statica,10.11,209.768,11.75,13.4,206.478,208.128,1.6499999999999773,204.00300000000004,210.60299999999995,,,,,,,
237,SO,DELEBIO,PO0140260U0001,2019-12-28,219.878,soggiacenza statica,11.16,208.718,11.75,13.4,206.478,208.128,1.6499999999999773,204.00300000000004,210.60299999999995,,,,,,,
238,SO,DELEBIO,PO0140260U0001,2020-01-28,219.878,soggiacenza statica,12.12,207.758,11.75,13.4,206.478,208.128,1.6499999999999773,204.00300000000004,210.60299999999995,,,,,,,
239,SO,DELEBIO,PO0140260U0001,2020-02-28,219.878,soggiacenza statica,14.12,205.758,11.75,13.4,206.478,208.128,1.6499999999999773,204.00300000000004,210.60299999999995,,,,,,,
240,SO,DELEBIO,PO0140260U0001,2020-03-28,219.878,soggiacenza statica,13.16,206.718,11.75,13.4,206.478,208.128,1.6499999999999773,204.00300000000004,210.60299999999995,,,,,,,
241,SO,DELEBIO,PO0140260U0001,2020-04-24,219.878,soggiacenza statica,12.74,207.138,11.75,13.4,206.478,208.128,1.6499999999999773,204.00300000000004,210.60299999999995,,,,,,,
242,SO,DELEBIO,PO0140260U0001,2020-05-30,219.878,soggiacenza statica,11.21,208.668,11.75,13.4,206.478,208.128,1.6499999999999773,204.00300000000004,210.60299999999995,,,,,,,
243,SO,DELEBIO,PO0140260U0001,2020-06-30,219.878,soggiacenza statica,10.72,209.158,11.75,13.4,206.478,208.128,1.6499999999999773,204.00300000000004,210.60299999999995,,,,,,,
244,SO,DELEBIO,PO0140260U0001,2020-07-31,219.878,soggiacenza statica,11.84,208.038,11.75,13.4,206.478,208.128,1.6499999999999773,204.00300000000004,210.60299999999995,,,,,,,
245,SO,DELEBIO,PO0140260U0001,2020-08-31,219.878,soggiacenza statica,11.74,208.138,11.75,13.4,206.478,208.128,1.6499999999999773,204.00300000000004,210.60299999999995,,,,,,,
246,SO,DELEBIO,PO0140260U0001,2020-09-30,219.878,soggiacenza statica,11.55,208.328,11.75,13.4,206.478,208.128,1.6499999999999773,204.00300000000004,210.60299999999995,,,,,,,
247,SO,DELEBIO,PO0140260U0001,2020-10-31,219.878,soggiacenza statica,11.2,208.678,11.75,13.4,206.478,208.128,1.6499999999999773,204.00300000000004,210.60299999999995,,,,,,,
248,SO,DELEBIO,PO0140260U0001,2020-11-30,219.878,soggiacenza statica,12.55,207.328,11.75,13.4,206.478,208.128,1.6499999999999773,204.00300000000004,210.60299999999995,,,,,,,
249,SO,DELEBIO,PO0140260U0001,2020-12-21,219.878,soggiacenza statica,12.61,207.268,11.75,13.4,206.478,208.128,1.6499999999999773,204.00300000000004,210.60299999999995,,,,,,,
250,SO,DELEBIO,PO0140260U0001,2021-01-31,219.878,soggiacenza statica,13.56,206.318,11.75,13.4,206.478,208.128,1.6499999999999773,204.00300000000004,210.60299999999995,,,,,,,
251,SO,DELEBIO,PO0140260U0001,2021-02-28,219.878,soggiacenza statica,13.67,206.208,11.75,13.4,206.478,208.128,1.6499999999999773,204.00300000000004,210.60299999999995,,,,,,,
252,SO,DELEBIO,PO0140260U0001,2021-03-31,219.878,soggiacenza statica,14.01,205.868,11.75,13.4,206.478,208.128,1.6499999999999773,204.00300000000004,210.60299999999995,,,,,,,
253,SO,DELEBIO,PO0140260U0001,2021-04-27,219.878,soggiacenza statica,13.94,205.938,11.75,13.4,206.478,208.128,1.6499999999999773,204.00300000000004,210.60299999999995,,,,,,,
254,SO,MORBEGNO,PO0140450U0027,2012-03-21,227.042,soggiacenza statica,3.03,224.012,2.7075,3.0524999999999998,223.9895,224.3345,0.34499999999999886,223.47199999999998,224.85199999999998,,,,,,,
255,SO,MORBEGNO,PO0140450U0027,2012-04-11,227.042,soggiacenza statica,3.1,223.942,2.7075,3.0524999999999998,223.9895,224.3345,0.34499999999999886,223.47199999999998,224.85199999999998,,,,,,,
256,SO,MORBEGNO,PO0140450U0027,2012-05-02,227.042,soggiacenza statica,2.55,224.492,2.7075,3.0524999999999998,223.9895,224.3345,0.34499999999999886,223.47199999999998,224.85199999999998,,,,,,,
257,SO,MORBEGNO,PO0140450U0027,2012-06-13,227.042,soggiacenza statica,2.3,224.742,2.7075,3.0524999999999998,223.9895,224.3345,0.34499999999999886,223.47199999999998,224.85199999999998,,,,,,,
258,SO,MORBEGNO,PO0140450U0027,2012-07-05,227.042,soggiacenza statica,2.28,224.762,2.7075,3.0524999999999998,223.9895,224.3345,0.34499999999999886,223.47199999999998,224.85199999999998,,,,,,,
259,SO,MORBEGNO,PO0140450U0027,2012-08-02,227.042,soggiacenza statica,2.65,224.392,2.7075,3.0524999999999998,223.9895,224.3345,0.34499999999999886,223.47199999999998,224.85199999999998,,,,,,,
260,SO,MORBEGNO,PO0140450U0027,2012-09-06,227.042,soggiacenza statica,3.14,223.902,2.7075,3.0524999999999998,223.9895,224.3345,0.34499999999999886,223.47199999999998,224.85199999999998,,,,,,,
261,SO,MORBEGNO,PO0140450U0027,2012-10-11,227.042,soggiacenza statica,3.64,223.402,2.7075,3.0524999999999998,223.9895,224.3345,0.34499999999999886,223.47199999999998,224.85199999999998,OUTLIER,,,,,,
262,SO,MORBEGNO,PO0140450U0027,2012-11-13,227.042,soggiacenza statica,2.2,224.842,2.7075,3.0524999999999998,223.9895,224.3345,0.34499999999999886,223.47199999999998,224.85199999999998,,,,,,,
263,SO,MORBEGNO,PO0140450U0027,2012-12-18,227.042,soggiacenza statica,2.82,224.222,2.7075,3.0524999999999998,223.9895,224.3345,0.34499999999999886,223.47199999999998,224.85199999999998,,,,,,,
264,SO,MORBEGNO,PO0140450U0027,2013-01-28,227.042,soggiacenza statica,2.88,224.162,2.7075,3.0524999999999998,223.9895,224.3345,0.34499999999999886,223.47199999999998,224.85199999999998,,,,,,,
265,SO,MORBEGNO,PO0140450U0027,2013-02-26,227.042,soggiacenza statica,3.02,224.022,2.7075,3.0524999999999998,223.9895,224.3345,0.34499999999999886,223.47199999999998,224.85199999999998,,,,,,,
266,SO,MORBEGNO,PO0140450U0027,2013-03-18,227.042,soggiacenza statica,2.93,224.112,2.7075,3.0524999999999998,223.9895,224.3345,0.34499999999999886,223.47199999999998,224.85199999999998,,,,,,,
267,SO,MORBEGNO,PO0140450U0027,2013-04-03,227.042,soggiacenza statica,2.94,224.102,2.7075,3.0524999999999998,223.9895,224.3345,0.34499999999999886,223.47199999999998,224.85199999999998,,,,,,,
268,SO,MORBEGNO,PO0140450U0027,2013-05-21,227.042,soggiacenza statica,2.17,224.872,2.7075,3.0524999999999998,223.9895,224.3345,0.34499999999999886,223.47199999999998,224.85199999999998,OUTLIER,,,,,,
269,SO,MORBEGNO,PO0140450U0027,2013-06-24,227.042,soggiacenza statica,2.17,224.872,2.7075,3.0524999999999998,223.9895,224.3345,0.34499999999999886,223.47199999999998,224.85199999999998,OUTLIER,,,,,,
270,SO,MORBEGNO,PO0140450U0027,2013-07-22,227.042,soggiacenza statica,2.85,224.192,2.7075,3.0524999999999998,223.9895,224.3345,0.34499999999999886,223.47199999999998,224.85199999999998,,,,,,,
271,SO,MORBEGNO,PO0140450U0027,2013-08-26,227.042,soggiacenza statica,2.41,224.632,2.7075,3.0524999999999998,223.9895,224.3345,0.34499999999999886,223.47199999999998,224.85199999999998,,,,,,,
272,SO,MORBEGNO,PO0140450U0027,2013-09-23,227.042,soggiacenza statica,3.0,224.042,2.7075,3.0524999999999998,223.9895,224.3345,0.34499999999999886,223.47199999999998,224.85199999999998,,,,,,,
273,SO,MORBEGNO,PO0140450U0027,2013-10-31,227.042,soggiacenza statica,2.41,224.632,2.7075,3.0524999999999998,223.9895,224.3345,0.34499999999999886,223.47199999999998,224.85199999999998,,,,,,,
274,SO,MORBEGNO,PO0140450U0027,2013-11-26,227.042,soggiacenza statica,2.92,224.122,2.7075,3.0524999999999998,223.9895,224.3345,0.34499999999999886,223.47199999999998,224.85199999999998,,,,,,,
275,SO,MORBEGNO,PO0140450U0027,2014-01-13,227.042,soggiacenza statica,2.77,224.272,2.7075,3.0524999999999998,223.9895,224.3345,0.34499999999999886,223.47199999999998,224.85199999999998,,,,,,,
276,SO,MORBEGNO,PO0140450U0027,2014-02-03,227.042,soggiacenza statica,2.93,224.112,2.7075,3.0524999999999998,223.9895,224.3345,0.34499999999999886,223.47199999999998,224.85199999999998,,,,,,,
277,SO,MORBEGNO,PO0140450U0027,2014-03-10,227.042,soggiacenza statica,2.68,224.362,2.7075,3.0524999999999998,223.9895,224.3345,0.34499999999999886,223.47199999999998,224.85199999999998,,,,,,,
278,SO,MORBEGNO,PO0140450U0027,2014-04-01,227.042,soggiacenza statica,2.8,224.242,2.7075,3.0524999999999998,223.9895,224.3345,0.34499999999999886,223.47199999999998,224.85199999999998,,,,,,,
279,SO,MORBEGNO,PO0140450U0027,2014-05-06,227.042,soggiacenza statica,2.8,224.242,2.7075,3.0524999999999998,223.9895,224.3345,0.34499999999999886,223.47199999999998,224.85199999999998,,,,,,,
280,SO,MORBEGNO,PO0140450U0027,2014-06-09,227.042,soggiacenza statica,2.36,224.682,2.7075,3.0524999999999998,223.9895,224.3345,0.34499999999999886,223.47199999999998,224.85199999999998,,,,,,,
281,SO,MORBEGNO,PO0140450U0027,2014-08-25,227.042,soggiacenza statica,2.74,224.302,2.7075,3.0524999999999998,223.9895,224.3345,0.34499999999999886,223.47199999999998,224.85199999999998,,,,,,,
282,SO,MORBEGNO,PO0140450U0027,2014-09-11,227.042,soggiacenza statica,2.98,224.062,2.7075,3.0524999999999998,223.9895,224.3345,0.34499999999999886,223.47199999999998,224.85199999999998,,,,,,,
283,SO,MORBEGNO,PO0140450U0027,2014-11-10,227.042,soggiacenza statica,2.5,224.542,2.7075,3.0524999999999998,223.9895,224.3345,0.34499999999999886,223.47199999999998,224.85199999999998,,,,,,,
284,SO,MORBEGNO,PO0140450U0027,2014-12-09,227.042,soggiacenza statica,2.75,224.292,2.7075,3.0524999999999998,223.9895,224.3345,0.34499999999999886,223.47199999999998,224.85199999999998,,,,,,,
285,SO,MORBEGNO,PO0140450U0027,2015-02-17,227.042,soggiacenza statica,2.88,224.162,2.7075,3.0524999999999998,223.9895,224.3345,0.34499999999999886,223.47199999999998,224.85199999999998,,,,,,,
286,SO,MORBEGNO,PO0140450U0027,2015-03-23,227.042,soggiacenza statica,4.55,222.492,2.7075,3.0524999999999998,223.9895,224.3345,0.34499999999999886,223.47199999999998,224.85199999999998,OUTLIER,,,,,,
287,SO,MORBEGNO,PO0140450U0027,2015-04-13,227.042,soggiacenza statica,2.9,224.142,2.7075,3.0524999999999998,223.9895,224.3345,0.34499999999999886,223.47199999999998,224.85199999999998,,,,,,,
288,SO,MORBEGNO,PO0140450U0027,2015-05-05,227.042,soggiacenza statica,2.9,224.142,2.7075,3.0524999999999998,223.9895,224.3345,0.34499999999999886,223.47199999999998,224.85199999999998,,,,,,,
289,SO,MORBEGNO,PO0140450U0027,2015-06-29,227.042,soggiacenza statica,2.82,224.222,2.7075,3.0524999999999998,223.9895,224.3345,0.34499999999999886,223.47199999999998,224.85199999999998,,,,,,,
290,SO,MORBEGNO,PO0140450U0027,2015-07-20,227.042,soggiacenza statica,2.89,224.152,2.7075,3.0524999999999998,223.9895,224.3345,0.34499999999999886,223.47199999999998,224.85199999999998,,,,,,,
291,SO,MORBEGNO,PO0140450U0027,2015-08-24,227.042,soggiacenza statica,2.83,224.212,2.7075,3.0524999999999998,223.9895,224.3345,0.34499999999999886,223.47199999999998,224.85199999999998,,,,,,,
292,SO,MORBEGNO,PO0140450U0027,2015-09-15,227.042,soggiacenza statica,2.48,224.562,2.7075,3.0524999999999998,223.9895,224.3345,0.34499999999999886,223.47199999999998,224.85199999999998,,,,,,,
293,SO,MORBEGNO,PO0140450U0027,2015-10-20,227.042,soggiacenza statica,3.22,223.822,2.7075,3.0524999999999998,223.9895,224.3345,0.34499999999999886,223.47199999999998,224.85199999999998,,,,,,,
294,SO,MORBEGNO,PO0140450U0027,2015-11-18,227.042,soggiacenza statica,2.99,224.052,2.7075,3.0524999999999998,223.9895,224.3345,0.34499999999999886,223.47199999999998,224.85199999999998,,,,,,,
295,SO,MORBEGNO,PO0140450U0027,2015-12-02,227.042,soggiacenza statica,3.0,224.042,2.7075,3.0524999999999998,223.9895,224.3345,0.34499999999999886,223.47199999999998,224.85199999999998,,,,,,,
296,SO,MORBEGNO,PO0140450U0027,2016-01-07,227.042,soggiacenza statica,4.63,222.412,2.7075,3.0524999999999998,223.9895,224.3345,0.34499999999999886,223.47199999999998,224.85199999999998,OUTLIER,,,,,,
297,SO,MORBEGNO,PO0140450U0027,2016-02-02,227.042,soggiacenza statica,4.66,222.382,2.7075,3.0524999999999998,223.9895,224.3345,0.34499999999999886,223.47199999999998,224.85199999999998,OUTLIER,,,,,,
298,SO,MORBEGNO,PO0140450U0027,2016-03-07,227.042,soggiacenza statica,2.82,224.222,2.7075,3.0524999999999998,223.9895,224.3345,0.34499999999999886,223.47199999999998,224.85199999999998,,,,,,,
299,SO,MORBEGNO,PO0140450U0027,2016-04-20,227.042,soggiacenza statica,2.65,224.392,2.7075,3.0524999999999998,223.9895,224.3345,0.34499999999999886,223.47199999999998,224.85199999999998,,,,,,,
300,SO,MORBEGNO,PO0140450U0027,2016-05-31,227.042,soggiacenza statica,2.56,224.482,2.7075,3.0524999999999998,223.9895,224.3345,0.34499999999999886,223.47199999999998,224.85199999999998,,,,,,,
301,SO,MORBEGNO,PO0140450U0027,2016-07-01,227.042,soggiacenza statica,2.27,224.772,2.7075,3.0524999999999998,223.9895,224.3345,0.34499999999999886,223.47199999999998,224.85199999999998,,,,,,,
302,SO,MORBEGNO,PO0140450U0027,2016-08-01,227.042,soggiacenza statica,2.7,224.342,2.7075,3.0524999999999998,223.9895,224.3345,0.34499999999999886,223.47199999999998,224.85199999999998,,,,,,,
303,SO,MORBEGNO,PO0140450U0027,2016-09-02,227.042,soggiacenza statica,2.8,224.242,2.7075,3.0524999999999998,223.9895,224.3345,0.34499999999999886,223.47199999999998,224.85199999999998,,,,,,,
304,SO,MORBEGNO,PO0140450U0027,2016-10-03,227.042,soggiacenza statica,3.0,224.042,2.7075,3.0524999999999998,223.9895,224.3345,0.34499999999999886,223.47199999999998,224.85199999999998,,,,,,,
305,SO,MORBEGNO,PO0140450U0027,2016-11-09,227.042,soggiacenza statica,2.9,224.142,2.7075,3.0524999999999998,223.9895,224.3345,0.34499999999999886,223.47199999999998,224.85199999999998,,,,,,,
306,SO,MORBEGNO,PO0140450U0027,2016-12-09,227.042,soggiacenza statica,3.4,223.642,2.7075,3.0524999999999998,223.9895,224.3345,0.34499999999999886,223.47199999999998,224.85199999999998,,,,,,,
307,SO,MORBEGNO,PO0140450U0027,2017-01-09,227.042,soggiacenza statica,4.0,223.042,2.7075,3.0524999999999998,223.9895,224.3345,0.34499999999999886,223.47199999999998,224.85199999999998,OUTLIER,,,,,,
308,SO,MORBEGNO,PO0140450U0027,2017-02-08,227.042,soggiacenza statica,3.0,224.042,2.7075,3.0524999999999998,223.9895,224.3345,0.34499999999999886,223.47199999999998,224.85199999999998,,,,,,,
309,SO,MORBEGNO,PO0140450U0027,2017-03-02,227.042,soggiacenza statica,4.3,222.742,2.7075,3.0524999999999998,223.9895,224.3345,0.34499999999999886,223.47199999999998,224.85199999999998,OUTLIER,,,,,,
310,SO,MORBEGNO,PO0140450U0027,2017-05-08,227.042,soggiacenza statica,2.8,224.242,2.7075,3.0524999999999998,223.9895,224.3345,0.34499999999999886,223.47199999999998,224.85199999999998,,,,,,,
311,SO,MORBEGNO,PO0140450U0027,2017-06-16,227.042,soggiacenza statica,2.26,224.782,2.7075,3.0524999999999998,223.9895,224.3345,0.34499999999999886,223.47199999999998,224.85199999999998,,,,,,,
312,SO,MORBEGNO,PO0140450U0027,2017-07-04,227.042,soggiacenza statica,2.38,224.662,2.7075,3.0524999999999998,223.9895,224.3345,0.34499999999999886,223.47199999999998,224.85199999999998,,,,,,,
313,SO,MORBEGNO,PO0140450U0027,2017-08-08,227.042,soggiacenza statica,2.54,224.502,2.7075,3.0524999999999998,223.9895,224.3345,0.34499999999999886,223.47199999999998,224.85199999999998,,,,,,,
314,SO,MORBEGNO,PO0140450U0027,2017-09-18,227.042,soggiacenza statica,2.7,224.342,2.7075,3.0524999999999998,223.9895,224.3345,0.34499999999999886,223.47199999999998,224.85199999999998,,,,,,,
315,SO,MORBEGNO,PO0140450U0027,2017-10-18,227.042,soggiacenza statica,4.0,223.042,2.7075,3.0524999999999998,223.9895,224.3345,0.34499999999999886,223.47199999999998,224.85199999999998,OUTLIER,,,,,,
316,SO,MORBEGNO,PO0140450U0027,2017-11-06,227.042,soggiacenza statica,4.22,222.822,2.7075,3.0524999999999998,223.9895,224.3345,0.34499999999999886,223.47199999999998,224.85199999999998,OUTLIER,,,,,,
317,SO,MORBEGNO,PO0140450U0027,2017-12-18,227.042,soggiacenza statica,2.83,224.212,2.7075,3.0524999999999998,223.9895,224.3345,0.34499999999999886,223.47199999999998,224.85199999999998,,,,,,,
318,SO,MORBEGNO,PO0140450U0027,2018-01-10,227.042,soggiacenza statica,2.95,224.092,2.7075,3.0524999999999998,223.9895,224.3345,0.34499999999999886,223.47199999999998,224.85199999999998,,,,,,,
319,SO,MORBEGNO,PO0140450U0027,2018-02-06,227.042,soggiacenza statica,2.93,224.112,2.7075,3.0524999999999998,223.9895,224.3345,0.34499999999999886,223.47199999999998,224.85199999999998,,,,,,,
320,SO,MORBEGNO,PO0140450U0027,2018-03-01,227.042,soggiacenza statica,2.95,224.092,2.7075,3.0524999999999998,223.9895,224.3345,0.34499999999999886,223.47199999999998,224.85199999999998,,,,,,,
321,SO,MORBEGNO,PO0140450U0027,2018-04-09,227.042,soggiacenza statica,3.0,224.042,2.7075,3.0524999999999998,223.9895,224.3345,0.34499999999999886,223.47199999999998,224.85199999999998,,,,,,,
322,SO,MORBEGNO,PO0140450U0027,2018-05-28,227.042,soggiacenza statica,2.45,224.592,2.7075,3.0524999999999998,223.9895,224.3345,0.34499999999999886,223.47199999999998,224.85199999999998,,,,,,,
323,SO,MORBEGNO,PO0140450U0027,2018-06-30,227.042,soggiacenza statica,3.03,224.012,2.7075,3.0524999999999998,223.9895,224.3345,0.34499999999999886,223.47199999999998,224.85199999999998,,,,,,,
324,SO,MORBEGNO,PO0140450U0027,2018-07-30,227.042,soggiacenza statica,3.08,223.962,2.7075,3.0524999999999998,223.9895,224.3345,0.34499999999999886,223.47199999999998,224.85199999999998,,,,,,,
325,SO,MORBEGNO,PO0140450U0027,2018-08-30,227.042,soggiacenza statica,3.17,223.872,2.7075,3.0524999999999998,223.9895,224.3345,0.34499999999999886,223.47199999999998,224.85199999999998,,,,,,,
326,SO,MORBEGNO,PO0140450U0027,2018-09-30,227.042,soggiacenza statica,3.2,223.842,2.7075,3.0524999999999998,223.9895,224.3345,0.34499999999999886,223.47199999999998,224.85199999999998,,,,,,,
327,SO,MORBEGNO,PO0140450U0027,2018-10-30,227.042,soggiacenza statica,1.66,225.382,2.7075,3.0524999999999998,223.9895,224.3345,0.34499999999999886,223.47199999999998,224.85199999999998,OUTLIER,,,,,,
328,SO,MORBEGNO,PO0140450U0027,2018-11-30,227.042,soggiacenza statica,2.94,224.102,2.7075,3.0524999999999998,223.9895,224.3345,0.34499999999999886,223.47199999999998,224.85199999999998,,,,,,,
329,SO,MORBEGNO,PO0140450U0027,2018-12-30,227.042,soggiacenza statica,3.06,223.982,2.7075,3.0524999999999998,223.9895,224.3345,0.34499999999999886,223.47199999999998,224.85199999999998,,,,,,,
330,SO,MORBEGNO,PO0140450U0027,2019-01-31,227.042,soggiacenza statica,3.14,223.902,2.7075,3.0524999999999998,223.9895,224.3345,0.34499999999999886,223.47199999999998,224.85199999999998,,,,,,,
331,SO,MORBEGNO,PO0140450U0027,2019-02-28,227.042,soggiacenza statica,2.77,224.272,2.7075,3.0524999999999998,223.9895,224.3345,0.34499999999999886,223.47199999999998,224.85199999999998,,,,,,,
332,SO,MORBEGNO,PO0140450U0027,2019-03-31,227.042,soggiacenza statica,3.1,223.942,2.7075,3.0524999999999998,223.9895,224.3345,0.34499999999999886,223.47199999999998,224.85199999999998,,,,,,,
333,SO,MORBEGNO,PO0140450U0027,2019-04-30,227.042,soggiacenza statica,2.94,224.102,2.7075,3.0524999999999998,223.9895,224.3345,0.34499999999999886,223.47199999999998,224.85199999999998,,,,,,,
334,SO,MORBEGNO,PO0140450U0027,2019-05-23,227.042,soggiacenza statica,3.02,224.022,2.7075,3.0524999999999998,223.9895,224.3345,0.34499999999999886,223.47199999999998,224.85199999999998,,,,,,,
335,SO,MORBEGNO,PO0140450U0027,2019-06-23,227.042,soggiacenza statica,2.61,224.432,2.7075,3.0524999999999998,223.9895,224.3345,0.34499999999999886,223.47199999999998,224.85199999999998,,,,,,,
336,SO,MORBEGNO,PO0140450U0027,2019-07-20,227.042,soggiacenza statica,2.92,224.122,2.7075,3.0524999999999998,223.9895,224.3345,0.34499999999999886,223.47199999999998,224.85199999999998,,,,,,,
337,SO,MORBEGNO,PO0140450U0027,2019-08-31,227.042,soggiacenza statica,3.01,224.032,2.7075,3.0524999999999998,223.9895,224.3345,0.34499999999999886,223.47199999999998,224.85199999999998,,,,,,,
338,SO,MORBEGNO,PO0140450U0027,2019-09-30,227.042,soggiacenza statica,3.06,223.982,2.7075,3.0524999999999998,223.9895,224.3345,0.34499999999999886,223.47199999999998,224.85199999999998,,,,,,,
339,SO,MORBEGNO,PO0140450U0027,2019-10-09,227.042,soggiacenza statica,2.8,224.242,2.7075,3.0524999999999998,223.9895,224.3345,0.34499999999999886,223.47199999999998,224.85199999999998,,,,,,,
340,SO,MORBEGNO,PO0140450U0027,2019-11-30,227.042,soggiacenza statica,2.58,224.462,2.7075,3.0524999999999998,223.9895,224.3345,0.34499999999999886,223.47199999999998,224.85199999999998,,,,,,,
341,SO,MORBEGNO,PO0140450U0027,2019-12-28,227.042,soggiacenza statica,2.83,224.212,2.7075,3.0524999999999998,223.9895,224.3345,0.34499999999999886,223.47199999999998,224.85199999999998,,,,,,,
342,SO,MORBEGNO,PO0140450U0027,2020-01-28,227.042,soggiacenza statica,3.01,224.032,2.7075,3.0524999999999998,223.9895,224.3345,0.34499999999999886,223.47199999999998,224.85199999999998,,,,,,,
343,SO,MORBEGNO,PO0140450U0027,2020-02-28,227.042,soggiacenza statica,3.06,223.982,2.7075,3.0524999999999998,223.9895,224.3345,0.34499999999999886,223.47199999999998,224.85199999999998,,,,,,,
344,SO,MORBEGNO,PO0140450U0027,2020-03-28,227.042,soggiacenza statica,3.05,223.992,2.7075,3.0524999999999998,223.9895,224.3345,0.34499999999999886,223.47199999999998,224.85199999999998,,,,,,,
345,SO,MORBEGNO,PO0140450U0027,2020-04-24,227.042,soggiacenza statica,3.0,224.042,2.7075,3.0524999999999998,223.9895,224.3345,0.34499999999999886,223.47199999999998,224.85199999999998,,,,,,,
346,SO,MORBEGNO,PO0140450U0027,2020-05-30,227.042,soggiacenza statica,2.85,224.192,2.7075,3.0524999999999998,223.9895,224.3345,0.34499999999999886,223.47199999999998,224.85199999999998,,,,,,,
347,SO,MORBEGNO,PO0140450U0027,2020-06-30,227.042,soggiacenza statica,2.8,224.242,2.7075,3.0524999999999998,223.9895,224.3345,0.34499999999999886,223.47199999999998,224.85199999999998,,,,,,,
348,SO,MORBEGNO,PO0140450U0027,2020-07-31,227.042,soggiacenza statica,2.98,224.062,2.7075,3.0524999999999998,223.9895,224.3345,0.34499999999999886,223.47199999999998,224.85199999999998,,,,,,,
349,SO,MORBEGNO,PO0140450U0027,2020-08-31,227.042,soggiacenza statica,1.86,225.182,2.7075,3.0524999999999998,223.9895,224.3345,0.34499999999999886,223.47199999999998,224.85199999999998,OUTLIER,,,,,,
350,SO,MORBEGNO,PO0140450U0027,2020-09-30,227.042,soggiacenza statica,2.97,224.072,2.7075,3.0524999999999998,223.9895,224.3345,0.34499999999999886,223.47199999999998,224.85199999999998,,,,,,,
351,SO,MORBEGNO,PO0140450U0027,2020-10-31,227.042,soggiacenza statica,2.71,224.332,2.7075,3.0524999999999998,223.9895,224.3345,0.34499999999999886,223.47199999999998,224.85199999999998,,,,,,,
352,SO,MORBEGNO,PO0140450U0027,2020-11-30,227.042,soggiacenza statica,3.15,223.892,2.7075,3.0524999999999998,223.9895,224.3345,0.34499999999999886,223.47199999999998,224.85199999999998,,,,,,,
353,SO,MORBEGNO,PO0140450U0027,2020-12-21,227.042,soggiacenza statica,3.13,223.912,2.7075,3.0524999999999998,223.9895,224.3345,0.34499999999999886,223.47199999999998,224.85199999999998,,,,,,,
354,SO,MORBEGNO,PO0140450U0027,2021-01-31,227.042,soggiacenza statica,3.29,223.752,2.7075,3.0524999999999998,223.9895,224.3345,0.34499999999999886,223.47199999999998,224.85199999999998,,,,,,,
355,SO,MORBEGNO,PO0140450U0027,2021-02-28,227.042,soggiacenza statica,3.29,223.752,2.7075,3.0524999999999998,223.9895,224.3345,0.34499999999999886,223.47199999999998,224.85199999999998,,,,,,,
356,SO,MORBEGNO,PO0140450U0027,2021-03-31,227.042,soggiacenza statica,3.82,223.222,2.7075,3.0524999999999998,223.9895,224.3345,0.34499999999999886,223.47199999999998,224.85199999999998,OUTLIER,,,,,,
357,SO,MORBEGNO,PO0140450U0027,2021-04-26,227.042,soggiacenza statica,4.16,222.882,2.7075,3.0524999999999998,223.9895,224.3345,0.34499999999999886,223.47199999999998,224.85199999999998,OUTLIER,,,,,,
