,PROVINCIA,COMUNE,CODICE PUNTO,DATA,Qr[m s.l.m.],DESCRIZIONE,MISURA SOGGIACENZA [m],PIEZOMETRIA [m s.l.m.],1Q_SOGG,3Q_SOGG,1Q_PIEZO,3Q_PIEZO,IQR_PIEZO,INF,SUP,OUTLIERS,Unnamed: 16,Unnamed: 17,Etichette di riga,1Q_SOGG.1,3Q_SOGG.1,1Q_PIEZO.1,3Q_PIEZO.1,Unnamed: 23,Unnamed: 24,Etichette di colonna,Unnamed: 26,Unnamed: 27,Unnamed: 28,Unnamed: 29,Unnamed: 30,Unnamed: 31,Unnamed: 32,Unnamed: 33,Unnamed: 34,Unnamed: 35,Unnamed: 36,Unnamed: 37,Unnamed: 38,Unnamed: 39,Unnamed: 40,Unnamed: 41,Unnamed: 42,Unnamed: 43,Unnamed: 44,Unnamed: 45,Unnamed: 46,Unnamed: 47,Unnamed: 48
0,MI,SETTALA,PO0152100U0004,2005-01-01,97.739,soggiacenza statica,3.4,94.339,2.83,3.7575,93.9815,94.90899999999999,0.9274999999999949,92.59025,96.30024999999998,,,,PO0152100U0004,2.83,3.7575,93.9815,94.90899999999999,,,Jan,,Feb,,Mar,,Apr,,May,,Jun,,Jul,,Aug,,Sep,,Oct,,Nov,,Dec,
1,MI,SETTALA,PO0152100U0004,2005-02-01,97.739,soggiacenza statica,3.5,94.239,2.83,3.7575,93.9815,94.90899999999999,0.9274999999999949,92.59025,96.30024999999998,,,,PO0980180U0001,5.2,5.975,80.947,81.722,,Etichette di riga,1Q_SOG,3Q_SOG,1Q_SOG,3Q_SOG,1Q_SOG,3Q_SOG,1Q_SOG,3Q_SOG,1Q_SOG,3Q_SOG,1Q_SOG,3Q_SOG,1Q_SOG,3Q_SOG,1Q_SOG,3Q_SOG,1Q_SOG,3Q_SOG,1Q_SOG,3Q_SOG,1Q_SOG,3Q_SOG,1Q_SOG,3Q_SOG
2,MI,SETTALA,PO0152100U0004,2005-03-01,97.739,soggiacenza statica,3.75,93.989,2.83,3.7575,93.9815,94.90899999999999,0.9274999999999949,92.59025,96.30024999999998,,,,PO0980200U0003,5.5075,6.26,92.978,93.7305,,PO0152100U0004,3.0125,3.8875,3.05,4.015000000000001,3.1675,4.04,3.25,3.95,3.175,3.99,2.88,3.8049999999999997,2.7175,3.1375,2.67,4.140000000000001,2.7300000000000004,3.6100000000000003,2.865,3.3,2.7600000000000002,3.3375,2.715,3.135
3,MI,SETTALA,PO0152100U0004,2005-04-01,97.739,soggiacenza statica,3.7,94.039,2.83,3.7575,93.9815,94.90899999999999,0.9274999999999949,92.59025,96.30024999999998,,,,Totale complessivo,4.66,6.0,81.422,93.7885,,PO0980180U0001,5.28,5.8,5.46,6,5.6,6.1,5.7,6.21,5.734999999999999,6.205,5.470000000000001,6.18,5.205,5.79,4.9775,5.800000000000001,5.029999999999999,5.5,5.1,5.5,5.21,5.58,5.16,5.61
4,MI,SETTALA,PO0152100U0004,2005-05-01,97.739,soggiacenza statica,3.7,94.039,2.83,3.7575,93.9815,94.90899999999999,0.9274999999999949,92.59025,96.30024999999998,,,,,,,,,,PO0980200U0003,5.66,6.1,5.845,6.3275,6,6.26,6,6.4,5.75,6.45,5.715,5.9325,5.305,6.025,5.3374999999999995,6.37,5.4,6.0275,5.75,6.26,5.695,6.16,5.4875,6.16
5,MI,SETTALA,PO0152100U0004,2005-06-01,97.739,soggiacenza statica,3.55,94.189,2.83,3.7575,93.9815,94.90899999999999,0.9274999999999949,92.59025,96.30024999999998,,,,,,,,,,,,,,,,,,,,,,,,,,,,,,,,,,
6,MI,SETTALA,PO0152100U0004,2005-07-01,97.739,soggiacenza statica,3.1,94.639,2.83,3.7575,93.9815,94.90899999999999,0.9274999999999949,92.59025,96.30024999999998,,,,,,,,,,,,,,,,,,,,,,,,,,,,,,,,,,
7,MI,SETTALA,PO0152100U0004,2005-08-01,97.739,soggiacenza statica,3.3,94.439,2.83,3.7575,93.9815,94.90899999999999,0.9274999999999949,92.59025,96.30024999999998,,,,,,,,,,,,,,,,,,,,,,,,,,,,,,,,,,
8,MI,SETTALA,PO0152100U0004,2005-09-01,97.739,soggiacenza statica,2.95,94.789,2.83,3.7575,93.9815,94.90899999999999,0.9274999999999949,92.59025,96.30024999999998,,,,,,,,,,,,,,,,,,,,,,,,,,,,,,,,,,
9,MI,SETTALA,PO0152100U0004,2005-10-01,97.739,soggiacenza statica,3.1,94.639,2.83,3.7575,93.9815,94.90899999999999,0.9274999999999949,92.59025,96.30024999999998,,,,,,,,,,,,,,,,,,,,,,,,,,,,,,,,,,
10,MI,SETTALA,PO0152100U0004,2005-11-01,97.739,soggiacenza statica,3.3,94.439,2.83,3.7575,93.9815,94.90899999999999,0.9274999999999949,92.59025,96.30024999999998,,,,,,,,,,,,,,,,,,,,,,,,,,,,,,,,,,
11,MI,SETTALA,PO0152100U0004,2005-12-01,97.739,soggiacenza statica,2.8,94.939,2.83,3.7575,93.9815,94.90899999999999,0.9274999999999949,92.59025,96.30024999999998,,,,,,,,,,,,,,,,,,,,,,,,,,,,,,,,,,
12,MI,SETTALA,PO0152100U0004,2006-01-01,97.739,soggiacenza statica,3.8,93.939,2.83,3.7575,93.9815,94.90899999999999,0.9274999999999949,92.59025,96.30024999999998,,,,,,,,,,,,,,,,,,,,,,,,,,,,,,,,,,
13,MI,SETTALA,PO0152100U0004,2006-02-01,97.739,soggiacenza statica,3.6,94.139,2.83,3.7575,93.9815,94.90899999999999,0.9274999999999949,92.59025,96.30024999999998,,,,,,,,,,,,,,,,,,,,,,,,,,,,,,,,,,
14,MI,SETTALA,PO0152100U0004,2006-03-01,97.739,soggiacenza statica,3.7,94.039,2.83,3.7575,93.9815,94.90899999999999,0.9274999999999949,92.59025,96.30024999999998,,,,,,,,,,,,,,,,,,,,,,,,,,,,,,,,,,
15,MI,SETTALA,PO0152100U0004,2006-04-01,97.739,soggiacenza statica,3.3,94.439,2.83,3.7575,93.9815,94.90899999999999,0.9274999999999949,92.59025,96.30024999999998,,,,,,,,,,,,,,,,,,,,,,,,,,,,,,,,,,
16,MI,SETTALA,PO0152100U0004,2006-05-01,97.739,soggiacenza statica,3.4,94.339,2.83,3.7575,93.9815,94.90899999999999,0.9274999999999949,92.59025,96.30024999999998,,,,,,,,,,,,,,,,,,,,,,,,,,,,,,,,,,
17,MI,SETTALA,PO0152100U0004,2006-06-01,97.739,soggiacenza statica,3.4,94.339,2.83,3.7575,93.9815,94.90899999999999,0.9274999999999949,92.59025,96.30024999999998,,,,,,,,,,,,,,,,,,,,,,,,,,,,,,,,,,
18,MI,SETTALA,PO0152100U0004,2006-09-01,97.739,soggiacenza statica,2.8,94.939,2.83,3.7575,93.9815,94.90899999999999,0.9274999999999949,92.59025,96.30024999999998,,,,,,,,,,,,,,,,,,,,,,,,,,,,,,,,,,
19,MI,SETTALA,PO0152100U0004,2006-10-01,97.739,soggiacenza statica,3.25,94.489,2.83,3.7575,93.9815,94.90899999999999,0.9274999999999949,92.59025,96.30024999999998,,,,,,,,,,,,,,,,,,,,,,,,,,,,,,,,,,
20,MI,SETTALA,PO0152100U0004,2006-11-01,97.739,soggiacenza statica,3.35,94.389,2.83,3.7575,93.9815,94.90899999999999,0.9274999999999949,92.59025,96.30024999999998,,,,,,,,,,,,,,,,,,,,,,,,,,,,,,,,,,
21,MI,SETTALA,PO0152100U0004,2006-12-01,97.739,soggiacenza statica,3.4,94.339,2.83,3.7575,93.9815,94.90899999999999,0.9274999999999949,92.59025,96.30024999999998,,,,,,,,,,,,,,,,,,,,,,,,,,,,,,,,,,
22,MI,SETTALA,PO0152100U0004,2007-01-01,97.739,soggiacenza statica,3.75,93.989,2.83,3.7575,93.9815,94.90899999999999,0.9274999999999949,92.59025,96.30024999999998,,,,,,,,,,,,,,,,,,,,,,,,,,,,,,,,,,
23,MI,SETTALA,PO0152100U0004,2007-03-01,97.739,soggiacenza statica,5.0,92.739,2.83,3.7575,93.9815,94.90899999999999,0.9274999999999949,92.59025,96.30024999999998,,,,,,,,,,,,,,,,,,,,,,,,,,,,,,,,,,
24,MI,SETTALA,PO0152100U0004,2007-04-01,97.739,soggiacenza statica,5.15,92.589,2.83,3.7575,93.9815,94.90899999999999,0.9274999999999949,92.59025,96.30024999999998,OUTLIER,,,,,,,,,,,,,,,,,,,,,,,,,,,,,,,,,
25,MI,SETTALA,PO0152100U0004,2007-05-01,97.739,soggiacenza statica,5.2,92.539,2.83,3.7575,93.9815,94.90899999999999,0.9274999999999949,92.59025,96.30024999999998,OUTLIER,,,,,,,,,,,,,,,,,,,,,,,,,,,,,,,,,
26,MI,SETTALA,PO0152100U0004,2007-06-01,97.739,soggiacenza statica,5.05,92.689,2.83,3.7575,93.9815,94.90899999999999,0.9274999999999949,92.59025,96.30024999999998,,,,,,,,,,,,,,,,,,,,,,,,,,,,,,,,,,
27,MI,SETTALA,PO0152100U0004,2007-08-01,97.739,soggiacenza statica,5.15,92.589,2.83,3.7575,93.9815,94.90899999999999,0.9274999999999949,92.59025,96.30024999999998,OUTLIER,,,,,,,,,,,,,,,,,,,,,,,,,,,,,,,,,
28,MI,SETTALA,PO0152100U0004,2007-09-01,97.739,soggiacenza statica,5.15,92.589,2.83,3.7575,93.9815,94.90899999999999,0.9274999999999949,92.59025,96.30024999999998,OUTLIER,,,,,,,,,,,,,,,,,,,,,,,,,,,,,,,,,
29,MI,SETTALA,PO0152100U0004,2007-10-01,97.739,soggiacenza statica,2.8,94.939,2.83,3.7575,93.9815,94.90899999999999,0.9274999999999949,92.59025,96.30024999999998,,,,,,,,,,,,,,,,,,,,,,,,,,,,,,,,,,
30,MI,SETTALA,PO0152100U0004,2007-11-01,97.739,soggiacenza statica,3.1,94.639,2.83,3.7575,93.9815,94.90899999999999,0.9274999999999949,92.59025,96.30024999999998,,,,,,,,,,,,,,,,,,,,,,,,,,,,,,,,,,
31,MI,SETTALA,PO0152100U0004,2007-12-01,97.739,soggiacenza statica,4.35,93.389,2.83,3.7575,93.9815,94.90899999999999,0.9274999999999949,92.59025,96.30024999999998,,,,,,,,,,,,,,,,,,,,,,,,,,,,,,,,,,
32,MI,SETTALA,PO0152100U0004,2008-01-01,97.739,soggiacenza statica,4.15,93.589,2.83,3.7575,93.9815,94.90899999999999,0.9274999999999949,92.59025,96.30024999999998,,,,,,,,,,,,,,,,,,,,,,,,,,,,,,,,,,
33,MI,SETTALA,PO0152100U0004,2008-02-01,97.739,soggiacenza statica,4.15,93.589,2.83,3.7575,93.9815,94.90899999999999,0.9274999999999949,92.59025,96.30024999999998,,,,,,,,,,,,,,,,,,,,,,,,,,,,,,,,,,
34,MI,SETTALA,PO0152100U0004,2008-03-01,97.739,soggiacenza statica,4.25,93.489,2.83,3.7575,93.9815,94.90899999999999,0.9274999999999949,92.59025,96.30024999999998,,,,,,,,,,,,,,,,,,,,,,,,,,,,,,,,,,
35,MI,SETTALA,PO0152100U0004,2009-01-15,97.739,soggiacenza statica,4.3,93.439,2.83,3.7575,93.9815,94.90899999999999,0.9274999999999949,92.59025,96.30024999999998,,,,,,,,,,,,,,,,,,,,,,,,,,,,,,,,,,
36,MI,SETTALA,PO0152100U0004,2009-02-15,97.739,soggiacenza statica,4.12,93.619,2.83,3.7575,93.9815,94.90899999999999,0.9274999999999949,92.59025,96.30024999999998,,,,,,,,,,,,,,,,,,,,,,,,,,,,,,,,,,
37,MI,SETTALA,PO0152100U0004,2009-03-15,97.739,soggiacenza statica,4.16,93.579,2.83,3.7575,93.9815,94.90899999999999,0.9274999999999949,92.59025,96.30024999999998,,,,,,,,,,,,,,,,,,,,,,,,,,,,,,,,,,
38,MI,SETTALA,PO0152100U0004,2009-04-15,97.739,soggiacenza statica,4.37,93.369,2.83,3.7575,93.9815,94.90899999999999,0.9274999999999949,92.59025,96.30024999999998,,,,,,,,,,,,,,,,,,,,,,,,,,,,,,,,,,
39,MI,SETTALA,PO0152100U0004,2009-05-15,97.739,soggiacenza statica,4.28,93.459,2.83,3.7575,93.9815,94.90899999999999,0.9274999999999949,92.59025,96.30024999999998,,,,,,,,,,,,,,,,,,,,,,,,,,,,,,,,,,
40,MI,SETTALA,PO0152100U0004,2009-06-15,97.739,soggiacenza statica,4.06,93.679,2.83,3.7575,93.9815,94.90899999999999,0.9274999999999949,92.59025,96.30024999999998,,,,,,,,,,,,,,,,,,,,,,,,,,,,,,,,,,
41,MI,SETTALA,PO0152100U0004,2009-07-15,97.739,soggiacenza statica,4.11,93.629,2.83,3.7575,93.9815,94.90899999999999,0.9274999999999949,92.59025,96.30024999999998,,,,,,,,,,,,,,,,,,,,,,,,,,,,,,,,,,
42,MI,SETTALA,PO0152100U0004,2009-09-15,97.739,soggiacenza statica,4.21,93.529,2.83,3.7575,93.9815,94.90899999999999,0.9274999999999949,92.59025,96.30024999999998,,,,,,,,,,,,,,,,,,,,,,,,,,,,,,,,,,
43,MI,SETTALA,PO0152100U0004,2009-10-15,97.739,soggiacenza statica,4.24,93.499,2.83,3.7575,93.9815,94.90899999999999,0.9274999999999949,92.59025,96.30024999999998,,,,,,,,,,,,,,,,,,,,,,,,,,,,,,,,,,
44,MI,SETTALA,PO0152100U0004,2011-01-01,97.739,soggiacenza statica,4.21,93.529,2.83,3.7575,93.9815,94.90899999999999,0.9274999999999949,92.59025,96.30024999999998,,,,,,,,,,,,,,,,,,,,,,,,,,,,,,,,,,
45,MI,SETTALA,PO0152100U0004,2011-02-01,97.739,soggiacenza statica,4.19,93.549,2.83,3.7575,93.9815,94.90899999999999,0.9274999999999949,92.59025,96.30024999999998,,,,,,,,,,,,,,,,,,,,,,,,,,,,,,,,,,
46,MI,SETTALA,PO0152100U0004,2011-03-01,97.739,soggiacenza statica,3.75,93.989,2.83,3.7575,93.9815,94.90899999999999,0.9274999999999949,92.59025,96.30024999999998,,,,,,,,,,,,,,,,,,,,,,,,,,,,,,,,,,
47,MI,SETTALA,PO0152100U0004,2011-04-01,97.739,soggiacenza statica,3.59,94.149,2.83,3.7575,93.9815,94.90899999999999,0.9274999999999949,92.59025,96.30024999999998,,,,,,,,,,,,,,,,,,,,,,,,,,,,,,,,,,
48,MI,SETTALA,PO0152100U0004,2011-05-01,97.739,soggiacenza statica,3.67,94.069,2.83,3.7575,93.9815,94.90899999999999,0.9274999999999949,92.59025,96.30024999999998,,,,,,,,,,,,,,,,,,,,,,,,,,,,,,,,,,
49,MI,SETTALA,PO0152100U0004,2011-06-01,97.739,soggiacenza statica,3.28,94.459,2.83,3.7575,93.9815,94.90899999999999,0.9274999999999949,92.59025,96.30024999999998,,,,,,,,,,,,,,,,,,,,,,,,,,,,,,,,,,
50,MI,SETTALA,PO0152100U0004,2011-07-01,97.739,soggiacenza statica,2.96,94.779,2.83,3.7575,93.9815,94.90899999999999,0.9274999999999949,92.59025,96.30024999999998,,,,,,,,,,,,,,,,,,,,,,,,,,,,,,,,,,
51,MI,SETTALA,PO0152100U0004,2011-09-01,97.739,soggiacenza statica,3.27,94.469,2.83,3.7575,93.9815,94.90899999999999,0.9274999999999949,92.59025,96.30024999999998,,,,,,,,,,,,,,,,,,,,,,,,,,,,,,,,,,
52,MI,SETTALA,PO0152100U0004,2011-10-01,97.739,soggiacenza statica,3.35,94.389,2.83,3.7575,93.9815,94.90899999999999,0.9274999999999949,92.59025,96.30024999999998,,,,,,,,,,,,,,,,,,,,,,,,,,,,,,,,,,
53,MI,SETTALA,PO0152100U0004,2011-11-01,97.739,soggiacenza statica,3.54,94.199,2.83,3.7575,93.9815,94.90899999999999,0.9274999999999949,92.59025,96.30024999999998,,,,,,,,,,,,,,,,,,,,,,,,,,,,,,,,,,
54,MI,SETTALA,PO0152100U0004,2012-01-18,97.739,soggiacenza statica,2.17,95.569,2.83,3.7575,93.9815,94.90899999999999,0.9274999999999949,92.59025,96.30024999999998,,,,,,,,,,,,,,,,,,,,,,,,,,,,,,,,,,
55,MI,SETTALA,PO0152100U0004,2012-02-18,97.739,soggiacenza statica,3.41,94.329,2.83,3.7575,93.9815,94.90899999999999,0.9274999999999949,92.59025,96.30024999999998,,,,,,,,,,,,,,,,,,,,,,,,,,,,,,,,,,
56,MI,SETTALA,PO0152100U0004,2012-03-18,97.739,soggiacenza statica,3.51,94.229,2.83,3.7575,93.9815,94.90899999999999,0.9274999999999949,92.59025,96.30024999999998,,,,,,,,,,,,,,,,,,,,,,,,,,,,,,,,,,
57,MI,SETTALA,PO0152100U0004,2012-04-18,97.739,soggiacenza statica,3.46,94.279,2.83,3.7575,93.9815,94.90899999999999,0.9274999999999949,92.59025,96.30024999999998,,,,,,,,,,,,,,,,,,,,,,,,,,,,,,,,,,
58,MI,SETTALA,PO0152100U0004,2012-05-18,97.739,soggiacenza statica,3.44,94.299,2.83,3.7575,93.9815,94.90899999999999,0.9274999999999949,92.59025,96.30024999999998,,,,,,,,,,,,,,,,,,,,,,,,,,,,,,,,,,
59,MI,SETTALA,PO0152100U0004,2012-06-18,97.739,soggiacenza statica,2.81,94.929,2.83,3.7575,93.9815,94.90899999999999,0.9274999999999949,92.59025,96.30024999999998,,,,,,,,,,,,,,,,,,,,,,,,,,,,,,,,,,
60,MI,SETTALA,PO0152100U0004,2012-07-18,97.739,soggiacenza statica,2.76,94.979,2.83,3.7575,93.9815,94.90899999999999,0.9274999999999949,92.59025,96.30024999999998,,,,,,,,,,,,,,,,,,,,,,,,,,,,,,,,,,
61,MI,SETTALA,PO0152100U0004,2012-08-18,97.739,soggiacenza statica,2.66,95.079,2.83,3.7575,93.9815,94.90899999999999,0.9274999999999949,92.59025,96.30024999999998,,,,,,,,,,,,,,,,,,,,,,,,,,,,,,,,,,
62,MI,SETTALA,PO0152100U0004,2012-09-30,97.739,soggiacenza statica,2.69,95.049,2.83,3.7575,93.9815,94.90899999999999,0.9274999999999949,92.59025,96.30024999999998,,,,,,,,,,,,,,,,,,,,,,,,,,,,,,,,,,
63,MI,SETTALA,PO0152100U0004,2012-10-31,97.739,soggiacenza statica,2.93,94.809,2.83,3.7575,93.9815,94.90899999999999,0.9274999999999949,92.59025,96.30024999999998,,,,,,,,,,,,,,,,,,,,,,,,,,,,,,,,,,
64,MI,SETTALA,PO0152100U0004,2012-11-30,97.739,soggiacenza statica,2.74,94.999,2.83,3.7575,93.9815,94.90899999999999,0.9274999999999949,92.59025,96.30024999999998,,,,,,,,,,,,,,,,,,,,,,,,,,,,,,,,,,
65,MI,SETTALA,PO0152100U0004,2012-12-31,97.739,soggiacenza statica,2.87,94.869,2.83,3.7575,93.9815,94.90899999999999,0.9274999999999949,92.59025,96.30024999999998,,,,,,,,,,,,,,,,,,,,,,,,,,,,,,,,,,
66,MI,SETTALA,PO0152100U0004,2013-01-04,97.739,soggiacenza statica,2.81,94.929,2.83,3.7575,93.9815,94.90899999999999,0.9274999999999949,92.59025,96.30024999999998,,,,,,,,,,,,,,,,,,,,,,,,,,,,,,,,,,
67,MI,SETTALA,PO0152100U0004,2013-02-18,97.739,soggiacenza statica,2.95,94.789,2.83,3.7575,93.9815,94.90899999999999,0.9274999999999949,92.59025,96.30024999999998,,,,,,,,,,,,,,,,,,,,,,,,,,,,,,,,,,
68,MI,SETTALA,PO0152100U0004,2013-03-07,97.739,soggiacenza statica,3.07,94.669,2.83,3.7575,93.9815,94.90899999999999,0.9274999999999949,92.59025,96.30024999999998,,,,,,,,,,,,,,,,,,,,,,,,,,,,,,,,,,
69,MI,SETTALA,PO0152100U0004,2013-04-18,97.739,soggiacenza statica,3.0,94.739,2.83,3.7575,93.9815,94.90899999999999,0.9274999999999949,92.59025,96.30024999999998,,,,,,,,,,,,,,,,,,,,,,,,,,,,,,,,,,
70,MI,SETTALA,PO0152100U0004,2013-05-14,97.739,soggiacenza statica,2.63,95.109,2.83,3.7575,93.9815,94.90899999999999,0.9274999999999949,92.59025,96.30024999999998,,,,,,,,,,,,,,,,,,,,,,,,,,,,,,,,,,
71,MI,SETTALA,PO0152100U0004,2013-06-19,97.739,soggiacenza statica,2.64,95.099,2.83,3.7575,93.9815,94.90899999999999,0.9274999999999949,92.59025,96.30024999999998,,,,,,,,,,,,,,,,,,,,,,,,,,,,,,,,,,
72,MI,SETTALA,PO0152100U0004,2013-07-01,97.739,soggiacenza statica,2.57,95.169,2.83,3.7575,93.9815,94.90899999999999,0.9274999999999949,92.59025,96.30024999999998,,,,,,,,,,,,,,,,,,,,,,,,,,,,,,,,,,
73,MI,SETTALA,PO0152100U0004,2013-08-01,97.739,soggiacenza statica,2.51,95.229,2.83,3.7575,93.9815,94.90899999999999,0.9274999999999949,92.59025,96.30024999999998,,,,,,,,,,,,,,,,,,,,,,,,,,,,,,,,,,
74,MI,SETTALA,PO0152100U0004,2013-09-01,97.739,soggiacenza statica,2.74,94.999,2.83,3.7575,93.9815,94.90899999999999,0.9274999999999949,92.59025,96.30024999999998,,,,,,,,,,,,,,,,,,,,,,,,,,,,,,,,,,
75,MI,SETTALA,PO0152100U0004,2013-10-01,97.739,soggiacenza statica,2.66,95.079,2.83,3.7575,93.9815,94.90899999999999,0.9274999999999949,92.59025,96.30024999999998,,,,,,,,,,,,,,,,,,,,,,,,,,,,,,,,,,
76,MI,SETTALA,PO0152100U0004,2013-11-01,97.739,soggiacenza statica,2.71,95.029,2.83,3.7575,93.9815,94.90899999999999,0.9274999999999949,92.59025,96.30024999999998,,,,,,,,,,,,,,,,,,,,,,,,,,,,,,,,,,
77,MI,SETTALA,PO0152100U0004,2013-12-20,97.739,soggiacenza statica,2.63,95.109,2.83,3.7575,93.9815,94.90899999999999,0.9274999999999949,92.59025,96.30024999999998,,,,,,,,,,,,,,,,,,,,,,,,,,,,,,,,,,
78,MI,SETTALA,PO0152100U0004,2014-01-15,97.739,soggiacenza statica,2.54,95.199,2.83,3.7575,93.9815,94.90899999999999,0.9274999999999949,92.59025,96.30024999999998,,,,,,,,,,,,,,,,,,,,,,,,,,,,,,,,,,
79,MI,SETTALA,PO0152100U0004,2014-02-15,97.739,soggiacenza statica,2.62,95.119,2.83,3.7575,93.9815,94.90899999999999,0.9274999999999949,92.59025,96.30024999999998,,,,,,,,,,,,,,,,,,,,,,,,,,,,,,,,,,
80,MI,SETTALA,PO0152100U0004,2014-03-15,97.739,soggiacenza statica,2.81,94.929,2.83,3.7575,93.9815,94.90899999999999,0.9274999999999949,92.59025,96.30024999999998,,,,,,,,,,,,,,,,,,,,,,,,,,,,,,,,,,
81,MI,SETTALA,PO0152100U0004,2014-04-15,97.739,soggiacenza statica,3.19,94.549,2.83,3.7575,93.9815,94.90899999999999,0.9274999999999949,92.59025,96.30024999999998,,,,,,,,,,,,,,,,,,,,,,,,,,,,,,,,,,
82,MI,SETTALA,PO0152100U0004,2014-05-15,97.739,soggiacenza statica,3.21,94.529,2.83,3.7575,93.9815,94.90899999999999,0.9274999999999949,92.59025,96.30024999999998,,,,,,,,,,,,,,,,,,,,,,,,,,,,,,,,,,
83,MI,SETTALA,PO0152100U0004,2014-06-15,97.739,soggiacenza statica,2.97,94.769,2.83,3.7575,93.9815,94.90899999999999,0.9274999999999949,92.59025,96.30024999999998,,,,,,,,,,,,,,,,,,,,,,,,,,,,,,,,,,
84,MI,SETTALA,PO0152100U0004,2014-07-01,97.739,soggiacenza statica,2.86,94.879,2.83,3.7575,93.9815,94.90899999999999,0.9274999999999949,92.59025,96.30024999999998,,,,,,,,,,,,,,,,,,,,,,,,,,,,,,,,,,
85,MI,SETTALA,PO0152100U0004,2014-08-01,97.739,soggiacenza statica,2.68,95.059,2.83,3.7575,93.9815,94.90899999999999,0.9274999999999949,92.59025,96.30024999999998,,,,,,,,,,,,,,,,,,,,,,,,,,,,,,,,,,
86,MI,SETTALA,PO0152100U0004,2014-09-01,97.739,soggiacenza statica,2.9,94.839,2.83,3.7575,93.9815,94.90899999999999,0.9274999999999949,92.59025,96.30024999999998,,,,,,,,,,,,,,,,,,,,,,,,,,,,,,,,,,
87,MI,SETTALA,PO0152100U0004,2014-10-01,97.739,soggiacenza statica,2.75,94.989,2.83,3.7575,93.9815,94.90899999999999,0.9274999999999949,92.59025,96.30024999999998,,,,,,,,,,,,,,,,,,,,,,,,,,,,,,,,,,
88,MI,SETTALA,PO0152100U0004,2014-11-01,97.739,soggiacenza statica,2.56,95.179,2.83,3.7575,93.9815,94.90899999999999,0.9274999999999949,92.59025,96.30024999999998,,,,,,,,,,,,,,,,,,,,,,,,,,,,,,,,,,
89,MI,SETTALA,PO0152100U0004,2014-12-01,97.739,soggiacenza statica,2.61,95.129,2.83,3.7575,93.9815,94.90899999999999,0.9274999999999949,92.59025,96.30024999999998,,,,,,,,,,,,,,,,,,,,,,,,,,,,,,,,,,
90,MI,SETTALA,PO0152100U0004,2015-01-01,97.739,soggiacenza statica,3.08,94.659,2.83,3.7575,93.9815,94.90899999999999,0.9274999999999949,92.59025,96.30024999999998,,,,,,,,,,,,,,,,,,,,,,,,,,,,,,,,,,
91,MI,SETTALA,PO0152100U0004,2015-02-01,97.739,soggiacenza statica,2.94,94.799,2.83,3.7575,93.9815,94.90899999999999,0.9274999999999949,92.59025,96.30024999999998,,,,,,,,,,,,,,,,,,,,,,,,,,,,,,,,,,
92,MI,SETTALA,PO0152100U0004,2015-03-01,97.739,soggiacenza statica,3.07,94.669,2.83,3.7575,93.9815,94.90899999999999,0.9274999999999949,92.59025,96.30024999999998,,,,,,,,,,,,,,,,,,,,,,,,,,,,,,,,,,
93,MI,SETTALA,PO0152100U0004,2015-04-01,97.739,soggiacenza statica,3.21,94.529,2.83,3.7575,93.9815,94.90899999999999,0.9274999999999949,92.59025,96.30024999999998,,,,,,,,,,,,,,,,,,,,,,,,,,,,,,,,,,
94,MI,SETTALA,PO0152100U0004,2015-05-01,97.739,soggiacenza statica,3.14,94.599,2.83,3.7575,93.9815,94.90899999999999,0.9274999999999949,92.59025,96.30024999999998,,,,,,,,,,,,,,,,,,,,,,,,,,,,,,,,,,
95,MI,SETTALA,PO0152100U0004,2015-06-01,97.739,soggiacenza statica,2.63,95.109,2.83,3.7575,93.9815,94.90899999999999,0.9274999999999949,92.59025,96.30024999999998,,,,,,,,,,,,,,,,,,,,,,,,,,,,,,,,,,
96,MI,SETTALA,PO0152100U0004,2015-07-01,97.739,soggiacenza statica,2.59,95.149,2.83,3.7575,93.9815,94.90899999999999,0.9274999999999949,92.59025,96.30024999999998,,,,,,,,,,,,,,,,,,,,,,,,,,,,,,,,,,
97,MI,SETTALA,PO0152100U0004,2015-09-01,97.739,soggiacenza statica,2.71,95.029,2.83,3.7575,93.9815,94.90899999999999,0.9274999999999949,92.59025,96.30024999999998,,,,,,,,,,,,,,,,,,,,,,,,,,,,,,,,,,
98,MI,SETTALA,PO0152100U0004,2015-10-01,97.739,soggiacenza statica,2.98,94.759,2.83,3.7575,93.9815,94.90899999999999,0.9274999999999949,92.59025,96.30024999999998,,,,,,,,,,,,,,,,,,,,,,,,,,,,,,,,,,
99,MI,SETTALA,PO0152100U0004,2015-11-01,97.739,soggiacenza statica,2.87,94.869,2.83,3.7575,93.9815,94.90899999999999,0.9274999999999949,92.59025,96.30024999999998,,,,,,,,,,,,,,,,,,,,,,,,,,,,,,,,,,
100,MI,SETTALA,PO0152100U0004,2015-12-01,97.739,soggiacenza statica,2.81,94.929,2.83,3.7575,93.9815,94.90899999999999,0.9274999999999949,92.59025,96.30024999999998,,,,,,,,,,,,,,,,,,,,,,,,,,,,,,,,,,
101,MI,SETTALA,PO0152100U0004,2016-01-01,97.739,soggiacenza statica,3.37,94.369,2.83,3.7575,93.9815,94.90899999999999,0.9274999999999949,92.59025,96.30024999999998,,,,,,,,,,,,,,,,,,,,,,,,,,,,,,,,,,
102,MI,SETTALA,PO0152100U0004,2016-02-01,97.739,soggiacenza statica,3.15,94.589,2.83,3.7575,93.9815,94.90899999999999,0.9274999999999949,92.59025,96.30024999999998,,,,,,,,,,,,,,,,,,,,,,,,,,,,,,,,,,
103,MI,SETTALA,PO0152100U0004,2016-03-01,97.739,soggiacenza statica,3.2,94.539,2.83,3.7575,93.9815,94.90899999999999,0.9274999999999949,92.59025,96.30024999999998,,,,,,,,,,,,,,,,,,,,,,,,,,,,,,,,,,
104,MI,SETTALA,PO0152100U0004,2016-04-01,97.739,soggiacenza statica,3.29,94.449,2.83,3.7575,93.9815,94.90899999999999,0.9274999999999949,92.59025,96.30024999999998,,,,,,,,,,,,,,,,,,,,,,,,,,,,,,,,,,
105,MI,SETTALA,PO0152100U0004,2016-05-01,97.739,soggiacenza statica,3.11,94.629,2.83,3.7575,93.9815,94.90899999999999,0.9274999999999949,92.59025,96.30024999999998,,,,,,,,,,,,,,,,,,,,,,,,,,,,,,,,,,
106,MI,SETTALA,PO0152100U0004,2016-06-01,97.739,soggiacenza statica,2.95,94.789,2.83,3.7575,93.9815,94.90899999999999,0.9274999999999949,92.59025,96.30024999999998,,,,,,,,,,,,,,,,,,,,,,,,,,,,,,,,,,
107,MI,SETTALA,PO0152100U0004,2016-07-01,97.739,soggiacenza statica,3.25,94.489,2.83,3.7575,93.9815,94.90899999999999,0.9274999999999949,92.59025,96.30024999999998,,,,,,,,,,,,,,,,,,,,,,,,,,,,,,,,,,
108,MI,SETTALA,PO0152100U0004,2016-08-01,97.739,soggiacenza statica,2.87,94.869,2.83,3.7575,93.9815,94.90899999999999,0.9274999999999949,92.59025,96.30024999999998,,,,,,,,,,,,,,,,,,,,,,,,,,,,,,,,,,
109,MI,SETTALA,PO0152100U0004,2016-09-01,97.739,soggiacenza statica,2.72,95.019,2.83,3.7575,93.9815,94.90899999999999,0.9274999999999949,92.59025,96.30024999999998,,,,,,,,,,,,,,,,,,,,,,,,,,,,,,,,,,
110,MI,SETTALA,PO0152100U0004,2016-10-01,97.739,soggiacenza statica,2.93,94.809,2.83,3.7575,93.9815,94.90899999999999,0.9274999999999949,92.59025,96.30024999999998,,,,,,,,,,,,,,,,,,,,,,,,,,,,,,,,,,
111,MI,SETTALA,PO0152100U0004,2016-11-01,97.739,soggiacenza statica,2.82,94.919,2.83,3.7575,93.9815,94.90899999999999,0.9274999999999949,92.59025,96.30024999999998,,,,,,,,,,,,,,,,,,,,,,,,,,,,,,,,,,
112,MI,SETTALA,PO0152100U0004,2017-01-01,97.739,soggiacenza statica,3.75,93.989,2.83,3.7575,93.9815,94.90899999999999,0.9274999999999949,92.59025,96.30024999999998,,,,,,,,,,,,,,,,,,,,,,,,,,,,,,,,,,
113,MI,SETTALA,PO0152100U0004,2017-02-01,97.739,soggiacenza statica,3.91,93.829,2.83,3.7575,93.9815,94.90899999999999,0.9274999999999949,92.59025,96.30024999999998,,,,,,,,,,,,,,,,,,,,,,,,,,,,,,,,,,
114,MI,SETTALA,PO0152100U0004,2017-03-01,97.739,soggiacenza statica,4.0,93.739,2.83,3.7575,93.9815,94.90899999999999,0.9274999999999949,92.59025,96.30024999999998,,,,,,,,,,,,,,,,,,,,,,,,,,,,,,,,,,
115,MI,SETTALA,PO0152100U0004,2017-04-01,97.739,soggiacenza statica,4.2,93.539,2.83,3.7575,93.9815,94.90899999999999,0.9274999999999949,92.59025,96.30024999999998,,,,,,,,,,,,,,,,,,,,,,,,,,,,,,,,,,
116,MI,SETTALA,PO0152100U0004,2017-05-01,97.739,soggiacenza statica,4.5,93.239,2.83,3.7575,93.9815,94.90899999999999,0.9274999999999949,92.59025,96.30024999999998,,,,,,,,,,,,,,,,,,,,,,,,,,,,,,,,,,
117,MI,SETTALA,PO0152100U0004,2017-06-01,97.739,soggiacenza statica,4.9,92.839,2.83,3.7575,93.9815,94.90899999999999,0.9274999999999949,92.59025,96.30024999999998,,,,,,,,,,,,,,,,,,,,,,,,,,,,,,,,,,
118,MI,SETTALA,PO0152100U0004,2017-08-01,97.739,soggiacenza statica,4.98,92.759,2.83,3.7575,93.9815,94.90899999999999,0.9274999999999949,92.59025,96.30024999999998,,,,,,,,,,,,,,,,,,,,,,,,,,,,,,,,,,
119,MI,SETTALA,PO0152100U0004,2017-09-01,97.739,soggiacenza statica,3.95,93.789,2.83,3.7575,93.9815,94.90899999999999,0.9274999999999949,92.59025,96.30024999999998,,,,,,,,,,,,,,,,,,,,,,,,,,,,,,,,,,
120,MI,SETTALA,PO0152100U0004,2017-10-01,97.739,soggiacenza statica,3.76,93.979,2.83,3.7575,93.9815,94.90899999999999,0.9274999999999949,92.59025,96.30024999999998,,,,,,,,,,,,,,,,,,,,,,,,,,,,,,,,,,
121,MI,SETTALA,PO0152100U0004,2017-11-01,97.739,soggiacenza statica,3.8,93.939,2.83,3.7575,93.9815,94.90899999999999,0.9274999999999949,92.59025,96.30024999999998,,,,,,,,,,,,,,,,,,,,,,,,,,,,,,,,,,
122,LO,CERVIGNANO D'ADDA,PO0980180U0001,2000-01-01,86.922,soggiacenza statica,5.4,81.522,5.2,5.975,80.947,81.722,0.7749999999999915,79.78450000000001,82.88449999999997,,,,,,,,,,,,,,,,,,,,,,,,,,,,,,,,,,
123,LO,CERVIGNANO D'ADDA,PO0980180U0001,2000-02-01,86.922,soggiacenza statica,5.7,81.222,5.2,5.975,80.947,81.722,0.7749999999999915,79.78450000000001,82.88449999999997,,,,,,,,,,,,,,,,,,,,,,,,,,,,,,,,,,
124,LO,CERVIGNANO D'ADDA,PO0980180U0001,2000-03-01,86.922,soggiacenza statica,5.95,80.972,5.2,5.975,80.947,81.722,0.7749999999999915,79.78450000000001,82.88449999999997,,,,,,,,,,,,,,,,,,,,,,,,,,,,,,,,,,
125,LO,CERVIGNANO D'ADDA,PO0980180U0001,2000-05-01,86.922,soggiacenza statica,6.0,80.922,5.2,5.975,80.947,81.722,0.7749999999999915,79.78450000000001,82.88449999999997,,,,,,,,,,,,,,,,,,,,,,,,,,,,,,,,,,
126,LO,CERVIGNANO D'ADDA,PO0980180U0001,2000-06-01,86.922,soggiacenza statica,5.9,81.022,5.2,5.975,80.947,81.722,0.7749999999999915,79.78450000000001,82.88449999999997,,,,,,,,,,,,,,,,,,,,,,,,,,,,,,,,,,
127,LO,CERVIGNANO D'ADDA,PO0980180U0001,2000-08-01,86.922,soggiacenza statica,4.7,82.222,5.2,5.975,80.947,81.722,0.7749999999999915,79.78450000000001,82.88449999999997,,,,,,,,,,,,,,,,,,,,,,,,,,,,,,,,,,
128,LO,CERVIGNANO D'ADDA,PO0980180U0001,2000-09-01,86.922,soggiacenza statica,4.9,82.022,5.2,5.975,80.947,81.722,0.7749999999999915,79.78450000000001,82.88449999999997,,,,,,,,,,,,,,,,,,,,,,,,,,,,,,,,,,
129,LO,CERVIGNANO D'ADDA,PO0980180U0001,2000-10-01,86.922,soggiacenza statica,4.9,82.022,5.2,5.975,80.947,81.722,0.7749999999999915,79.78450000000001,82.88449999999997,,,,,,,,,,,,,,,,,,,,,,,,,,,,,,,,,,
130,LO,CERVIGNANO D'ADDA,PO0980180U0001,2000-12-01,86.922,soggiacenza statica,5.5,81.422,5.2,5.975,80.947,81.722,0.7749999999999915,79.78450000000001,82.88449999999997,,,,,,,,,,,,,,,,,,,,,,,,,,,,,,,,,,
131,LO,CERVIGNANO D'ADDA,PO0980180U0001,2001-01-01,86.922,soggiacenza statica,5.7,81.222,5.2,5.975,80.947,81.722,0.7749999999999915,79.78450000000001,82.88449999999997,,,,,,,,,,,,,,,,,,,,,,,,,,,,,,,,,,
132,LO,CERVIGNANO D'ADDA,PO0980180U0001,2001-02-01,86.922,soggiacenza statica,5.7,81.222,5.2,5.975,80.947,81.722,0.7749999999999915,79.78450000000001,82.88449999999997,,,,,,,,,,,,,,,,,,,,,,,,,,,,,,,,,,
133,LO,CERVIGNANO D'ADDA,PO0980180U0001,2001-03-01,86.922,soggiacenza statica,5.8,81.122,5.2,5.975,80.947,81.722,0.7749999999999915,79.78450000000001,82.88449999999997,,,,,,,,,,,,,,,,,,,,,,,,,,,,,,,,,,
134,LO,CERVIGNANO D'ADDA,PO0980180U0001,2001-04-01,86.922,soggiacenza statica,5.8,81.122,5.2,5.975,80.947,81.722,0.7749999999999915,79.78450000000001,82.88449999999997,,,,,,,,,,,,,,,,,,,,,,,,,,,,,,,,,,
135,LO,CERVIGNANO D'ADDA,PO0980180U0001,2001-05-01,86.922,soggiacenza statica,5.8,81.122,5.2,5.975,80.947,81.722,0.7749999999999915,79.78450000000001,82.88449999999997,,,,,,,,,,,,,,,,,,,,,,,,,,,,,,,,,,
136,LO,CERVIGNANO D'ADDA,PO0980180U0001,2001-06-01,86.922,soggiacenza statica,5.5,81.422,5.2,5.975,80.947,81.722,0.7749999999999915,79.78450000000001,82.88449999999997,,,,,,,,,,,,,,,,,,,,,,,,,,,,,,,,,,
137,LO,CERVIGNANO D'ADDA,PO0980180U0001,2001-07-01,86.922,soggiacenza statica,4.8,82.122,5.2,5.975,80.947,81.722,0.7749999999999915,79.78450000000001,82.88449999999997,,,,,,,,,,,,,,,,,,,,,,,,,,,,,,,,,,
138,LO,CERVIGNANO D'ADDA,PO0980180U0001,2001-09-01,86.922,soggiacenza statica,5.1,81.822,5.2,5.975,80.947,81.722,0.7749999999999915,79.78450000000001,82.88449999999997,,,,,,,,,,,,,,,,,,,,,,,,,,,,,,,,,,
139,LO,CERVIGNANO D'ADDA,PO0980180U0001,2002-01-01,86.922,soggiacenza statica,5.5,81.422,5.2,5.975,80.947,81.722,0.7749999999999915,79.78450000000001,82.88449999999997,,,,,,,,,,,,,,,,,,,,,,,,,,,,,,,,,,
140,LO,CERVIGNANO D'ADDA,PO0980180U0001,2002-02-01,86.922,soggiacenza statica,5.7,81.222,5.2,5.975,80.947,81.722,0.7749999999999915,79.78450000000001,82.88449999999997,,,,,,,,,,,,,,,,,,,,,,,,,,,,,,,,,,
141,LO,CERVIGNANO D'ADDA,PO0980180U0001,2002-03-01,86.922,soggiacenza statica,5.7,81.222,5.2,5.975,80.947,81.722,0.7749999999999915,79.78450000000001,82.88449999999997,,,,,,,,,,,,,,,,,,,,,,,,,,,,,,,,,,
142,LO,CERVIGNANO D'ADDA,PO0980180U0001,2002-08-01,86.922,soggiacenza statica,5.0,81.922,5.2,5.975,80.947,81.722,0.7749999999999915,79.78450000000001,82.88449999999997,,,,,,,,,,,,,,,,,,,,,,,,,,,,,,,,,,
143,LO,CERVIGNANO D'ADDA,PO0980180U0001,2002-09-01,86.922,soggiacenza statica,4.8,82.122,5.2,5.975,80.947,81.722,0.7749999999999915,79.78450000000001,82.88449999999997,,,,,,,,,,,,,,,,,,,,,,,,,,,,,,,,,,
144,LO,CERVIGNANO D'ADDA,PO0980180U0001,2002-10-01,86.922,soggiacenza statica,5.1,81.822,5.2,5.975,80.947,81.722,0.7749999999999915,79.78450000000001,82.88449999999997,,,,,,,,,,,,,,,,,,,,,,,,,,,,,,,,,,
145,LO,CERVIGNANO D'ADDA,PO0980180U0001,2002-11-01,86.922,soggiacenza statica,5.0,81.922,5.2,5.975,80.947,81.722,0.7749999999999915,79.78450000000001,82.88449999999997,,,,,,,,,,,,,,,,,,,,,,,,,,,,,,,,,,
146,LO,CERVIGNANO D'ADDA,PO0980180U0001,2002-12-01,86.922,soggiacenza statica,4.9,82.022,5.2,5.975,80.947,81.722,0.7749999999999915,79.78450000000001,82.88449999999997,,,,,,,,,,,,,,,,,,,,,,,,,,,,,,,,,,
147,LO,CERVIGNANO D'ADDA,PO0980180U0001,2003-01-01,86.922,soggiacenza statica,5.0,81.922,5.2,5.975,80.947,81.722,0.7749999999999915,79.78450000000001,82.88449999999997,,,,,,,,,,,,,,,,,,,,,,,,,,,,,,,,,,
148,LO,CERVIGNANO D'ADDA,PO0980180U0001,2003-02-01,86.922,soggiacenza statica,5.3,81.622,5.2,5.975,80.947,81.722,0.7749999999999915,79.78450000000001,82.88449999999997,,,,,,,,,,,,,,,,,,,,,,,,,,,,,,,,,,
149,LO,CERVIGNANO D'ADDA,PO0980180U0001,2003-03-01,86.922,soggiacenza statica,5.5,81.422,5.2,5.975,80.947,81.722,0.7749999999999915,79.78450000000001,82.88449999999997,,,,,,,,,,,,,,,,,,,,,,,,,,,,,,,,,,
150,LO,CERVIGNANO D'ADDA,PO0980180U0001,2003-04-01,86.922,soggiacenza statica,5.5,81.422,5.2,5.975,80.947,81.722,0.7749999999999915,79.78450000000001,82.88449999999997,,,,,,,,,,,,,,,,,,,,,,,,,,,,,,,,,,
151,LO,CERVIGNANO D'ADDA,PO0980180U0001,2003-05-01,86.922,soggiacenza statica,5.8,81.122,5.2,5.975,80.947,81.722,0.7749999999999915,79.78450000000001,82.88449999999997,,,,,,,,,,,,,,,,,,,,,,,,,,,,,,,,,,
152,LO,CERVIGNANO D'ADDA,PO0980180U0001,2003-06-01,86.922,soggiacenza statica,5.8,81.122,5.2,5.975,80.947,81.722,0.7749999999999915,79.78450000000001,82.88449999999997,,,,,,,,,,,,,,,,,,,,,,,,,,,,,,,,,,
153,LO,CERVIGNANO D'ADDA,PO0980180U0001,2003-08-01,86.922,soggiacenza statica,5.5,81.422,5.2,5.975,80.947,81.722,0.7749999999999915,79.78450000000001,82.88449999999997,,,,,,,,,,,,,,,,,,,,,,,,,,,,,,,,,,
154,LO,CERVIGNANO D'ADDA,PO0980180U0001,2003-09-01,86.922,soggiacenza statica,5.1,81.822,5.2,5.975,80.947,81.722,0.7749999999999915,79.78450000000001,82.88449999999997,,,,,,,,,,,,,,,,,,,,,,,,,,,,,,,,,,
155,LO,CERVIGNANO D'ADDA,PO0980180U0001,2003-10-01,86.922,soggiacenza statica,5.4,81.522,5.2,5.975,80.947,81.722,0.7749999999999915,79.78450000000001,82.88449999999997,,,,,,,,,,,,,,,,,,,,,,,,,,,,,,,,,,
156,LO,CERVIGNANO D'ADDA,PO0980180U0001,2003-11-01,86.922,soggiacenza statica,5.6,81.322,5.2,5.975,80.947,81.722,0.7749999999999915,79.78450000000001,82.88449999999997,,,,,,,,,,,,,,,,,,,,,,,,,,,,,,,,,,
157,LO,CERVIGNANO D'ADDA,PO0980180U0001,2003-12-01,86.922,soggiacenza statica,5.3,81.622,5.2,5.975,80.947,81.722,0.7749999999999915,79.78450000000001,82.88449999999997,,,,,,,,,,,,,,,,,,,,,,,,,,,,,,,,,,
158,LO,CERVIGNANO D'ADDA,PO0980180U0001,2004-02-01,86.922,soggiacenza statica,5.2,81.722,5.2,5.975,80.947,81.722,0.7749999999999915,79.78450000000001,82.88449999999997,,,,,,,,,,,,,,,,,,,,,,,,,,,,,,,,,,
159,LO,CERVIGNANO D'ADDA,PO0980180U0001,2004-03-01,86.922,soggiacenza statica,5.9,81.022,5.2,5.975,80.947,81.722,0.7749999999999915,79.78450000000001,82.88449999999997,,,,,,,,,,,,,,,,,,,,,,,,,,,,,,,,,,
160,LO,CERVIGNANO D'ADDA,PO0980180U0001,2004-06-01,86.922,soggiacenza statica,5.6,81.322,5.2,5.975,80.947,81.722,0.7749999999999915,79.78450000000001,82.88449999999997,,,,,,,,,,,,,,,,,,,,,,,,,,,,,,,,,,
161,LO,CERVIGNANO D'ADDA,PO0980180U0001,2004-07-01,86.922,soggiacenza statica,5.3,81.622,5.2,5.975,80.947,81.722,0.7749999999999915,79.78450000000001,82.88449999999997,,,,,,,,,,,,,,,,,,,,,,,,,,,,,,,,,,
162,LO,CERVIGNANO D'ADDA,PO0980180U0001,2004-09-01,86.922,soggiacenza statica,5.0,81.922,5.2,5.975,80.947,81.722,0.7749999999999915,79.78450000000001,82.88449999999997,,,,,,,,,,,,,,,,,,,,,,,,,,,,,,,,,,
163,LO,CERVIGNANO D'ADDA,PO0980180U0001,2004-10-01,86.922,soggiacenza statica,5.2,81.722,5.2,5.975,80.947,81.722,0.7749999999999915,79.78450000000001,82.88449999999997,,,,,,,,,,,,,,,,,,,,,,,,,,,,,,,,,,
164,LO,CERVIGNANO D'ADDA,PO0980180U0001,2004-11-01,86.922,soggiacenza statica,5.4,81.522,5.2,5.975,80.947,81.722,0.7749999999999915,79.78450000000001,82.88449999999997,,,,,,,,,,,,,,,,,,,,,,,,,,,,,,,,,,
165,LO,CERVIGNANO D'ADDA,PO0980180U0001,2004-12-01,86.922,soggiacenza statica,5.6,81.322,5.2,5.975,80.947,81.722,0.7749999999999915,79.78450000000001,82.88449999999997,,,,,,,,,,,,,,,,,,,,,,,,,,,,,,,,,,
166,LO,CERVIGNANO D'ADDA,PO0980180U0001,2005-01-01,86.922,soggiacenza statica,5.5,81.422,5.2,5.975,80.947,81.722,0.7749999999999915,79.78450000000001,82.88449999999997,,,,,,,,,,,,,,,,,,,,,,,,,,,,,,,,,,
167,LO,CERVIGNANO D'ADDA,PO0980180U0001,2005-02-01,86.922,soggiacenza statica,5.7,81.222,5.2,5.975,80.947,81.722,0.7749999999999915,79.78450000000001,82.88449999999997,,,,,,,,,,,,,,,,,,,,,,,,,,,,,,,,,,
168,LO,CERVIGNANO D'ADDA,PO0980180U0001,2005-03-01,86.922,soggiacenza statica,6.1,80.822,5.2,5.975,80.947,81.722,0.7749999999999915,79.78450000000001,82.88449999999997,,,,,,,,,,,,,,,,,,,,,,,,,,,,,,,,,,
169,LO,CERVIGNANO D'ADDA,PO0980180U0001,2005-05-01,86.922,soggiacenza statica,6.0,80.922,5.2,5.975,80.947,81.722,0.7749999999999915,79.78450000000001,82.88449999999997,,,,,,,,,,,,,,,,,,,,,,,,,,,,,,,,,,
170,LO,CERVIGNANO D'ADDA,PO0980180U0001,2005-06-01,86.922,soggiacenza statica,6.0,80.922,5.2,5.975,80.947,81.722,0.7749999999999915,79.78450000000001,82.88449999999997,,,,,,,,,,,,,,,,,,,,,,,,,,,,,,,,,,
171,LO,CERVIGNANO D'ADDA,PO0980180U0001,2005-07-01,86.922,soggiacenza statica,5.7,81.222,5.2,5.975,80.947,81.722,0.7749999999999915,79.78450000000001,82.88449999999997,,,,,,,,,,,,,,,,,,,,,,,,,,,,,,,,,,
172,LO,CERVIGNANO D'ADDA,PO0980180U0001,2005-08-01,86.922,soggiacenza statica,5.5,81.422,5.2,5.975,80.947,81.722,0.7749999999999915,79.78450000000001,82.88449999999997,,,,,,,,,,,,,,,,,,,,,,,,,,,,,,,,,,
173,LO,CERVIGNANO D'ADDA,PO0980180U0001,2005-09-01,86.922,soggiacenza statica,5.5,81.422,5.2,5.975,80.947,81.722,0.7749999999999915,79.78450000000001,82.88449999999997,,,,,,,,,,,,,,,,,,,,,,,,,,,,,,,,,,
174,LO,CERVIGNANO D'ADDA,PO0980180U0001,2006-01-01,86.922,soggiacenza statica,5.8,81.122,5.2,5.975,80.947,81.722,0.7749999999999915,79.78450000000001,82.88449999999997,,,,,,,,,,,,,,,,,,,,,,,,,,,,,,,,,,
175,LO,CERVIGNANO D'ADDA,PO0980180U0001,2006-02-01,86.922,soggiacenza statica,6.0,80.922,5.2,5.975,80.947,81.722,0.7749999999999915,79.78450000000001,82.88449999999997,,,,,,,,,,,,,,,,,,,,,,,,,,,,,,,,,,
176,LO,CERVIGNANO D'ADDA,PO0980180U0001,2006-03-01,86.922,soggiacenza statica,6.3,80.622,5.2,5.975,80.947,81.722,0.7749999999999915,79.78450000000001,82.88449999999997,,,,,,,,,,,,,,,,,,,,,,,,,,,,,,,,,,
177,LO,CERVIGNANO D'ADDA,PO0980180U0001,2006-04-01,86.922,soggiacenza statica,6.1,80.822,5.2,5.975,80.947,81.722,0.7749999999999915,79.78450000000001,82.88449999999997,,,,,,,,,,,,,,,,,,,,,,,,,,,,,,,,,,
178,LO,CERVIGNANO D'ADDA,PO0980180U0001,2006-05-01,86.922,soggiacenza statica,6.5,80.422,5.2,5.975,80.947,81.722,0.7749999999999915,79.78450000000001,82.88449999999997,,,,,,,,,,,,,,,,,,,,,,,,,,,,,,,,,,
179,LO,CERVIGNANO D'ADDA,PO0980180U0001,2006-06-01,86.922,soggiacenza statica,6.8,80.122,5.2,5.975,80.947,81.722,0.7749999999999915,79.78450000000001,82.88449999999997,,,,,,,,,,,,,,,,,,,,,,,,,,,,,,,,,,
180,LO,CERVIGNANO D'ADDA,PO0980180U0001,2006-08-01,86.922,soggiacenza statica,6.2,80.722,5.2,5.975,80.947,81.722,0.7749999999999915,79.78450000000001,82.88449999999997,,,,,,,,,,,,,,,,,,,,,,,,,,,,,,,,,,
181,LO,CERVIGNANO D'ADDA,PO0980180U0001,2007-03-01,86.922,soggiacenza statica,6.1,80.822,5.2,5.975,80.947,81.722,0.7749999999999915,79.78450000000001,82.88449999999997,,,,,,,,,,,,,,,,,,,,,,,,,,,,,,,,,,
182,LO,CERVIGNANO D'ADDA,PO0980180U0001,2007-04-01,86.922,soggiacenza statica,6.3,80.622,5.2,5.975,80.947,81.722,0.7749999999999915,79.78450000000001,82.88449999999997,,,,,,,,,,,,,,,,,,,,,,,,,,,,,,,,,,
183,LO,CERVIGNANO D'ADDA,PO0980180U0001,2007-05-01,86.922,soggiacenza statica,6.2,80.722,5.2,5.975,80.947,81.722,0.7749999999999915,79.78450000000001,82.88449999999997,,,,,,,,,,,,,,,,,,,,,,,,,,,,,,,,,,
184,LO,CERVIGNANO D'ADDA,PO0980180U0001,2007-06-01,86.922,soggiacenza statica,6.1,80.822,5.2,5.975,80.947,81.722,0.7749999999999915,79.78450000000001,82.88449999999997,,,,,,,,,,,,,,,,,,,,,,,,,,,,,,,,,,
185,LO,CERVIGNANO D'ADDA,PO0980180U0001,2007-08-01,86.922,soggiacenza statica,5.9,81.022,5.2,5.975,80.947,81.722,0.7749999999999915,79.78450000000001,82.88449999999997,,,,,,,,,,,,,,,,,,,,,,,,,,,,,,,,,,
186,LO,CERVIGNANO D'ADDA,PO0980180U0001,2007-09-01,86.922,soggiacenza statica,5.9,81.022,5.2,5.975,80.947,81.722,0.7749999999999915,79.78450000000001,82.88449999999997,,,,,,,,,,,,,,,,,,,,,,,,,,,,,,,,,,
187,LO,CERVIGNANO D'ADDA,PO0980180U0001,2007-10-01,86.922,soggiacenza statica,6.6,80.322,5.2,5.975,80.947,81.722,0.7749999999999915,79.78450000000001,82.88449999999997,,,,,,,,,,,,,,,,,,,,,,,,,,,,,,,,,,
188,LO,CERVIGNANO D'ADDA,PO0980180U0001,2007-11-01,86.922,soggiacenza statica,5.6,81.322,5.2,5.975,80.947,81.722,0.7749999999999915,79.78450000000001,82.88449999999997,,,,,,,,,,,,,,,,,,,,,,,,,,,,,,,,,,
189,LO,CERVIGNANO D'ADDA,PO0980180U0001,2007-12-01,86.922,soggiacenza statica,5.7,81.222,5.2,5.975,80.947,81.722,0.7749999999999915,79.78450000000001,82.88449999999997,,,,,,,,,,,,,,,,,,,,,,,,,,,,,,,,,,
190,LO,CERVIGNANO D'ADDA,PO0980180U0001,2008-01-01,86.922,soggiacenza statica,5.5,81.422,5.2,5.975,80.947,81.722,0.7749999999999915,79.78450000000001,82.88449999999997,,,,,,,,,,,,,,,,,,,,,,,,,,,,,,,,,,
191,LO,CERVIGNANO D'ADDA,PO0980180U0001,2008-02-01,86.922,soggiacenza statica,5.4,81.522,5.2,5.975,80.947,81.722,0.7749999999999915,79.78450000000001,82.88449999999997,,,,,,,,,,,,,,,,,,,,,,,,,,,,,,,,,,
192,LO,CERVIGNANO D'ADDA,PO0980180U0001,2008-03-01,86.922,soggiacenza statica,6.2,80.722,5.2,5.975,80.947,81.722,0.7749999999999915,79.78450000000001,82.88449999999997,,,,,,,,,,,,,,,,,,,,,,,,,,,,,,,,,,
193,LO,CERVIGNANO D'ADDA,PO0980180U0001,2008-04-01,86.922,soggiacenza statica,6.3,80.622,5.2,5.975,80.947,81.722,0.7749999999999915,79.78450000000001,82.88449999999997,,,,,,,,,,,,,,,,,,,,,,,,,,,,,,,,,,
194,LO,CERVIGNANO D'ADDA,PO0980180U0001,2008-05-01,86.922,soggiacenza statica,6.2,80.722,5.2,5.975,80.947,81.722,0.7749999999999915,79.78450000000001,82.88449999999997,,,,,,,,,,,,,,,,,,,,,,,,,,,,,,,,,,
195,LO,CERVIGNANO D'ADDA,PO0980180U0001,2008-06-01,86.922,soggiacenza statica,7.1,79.822,5.2,5.975,80.947,81.722,0.7749999999999915,79.78450000000001,82.88449999999997,,,,,,,,,,,,,,,,,,,,,,,,,,,,,,,,,,
196,LO,CERVIGNANO D'ADDA,PO0980180U0001,2008-07-01,86.922,soggiacenza statica,7.2,79.722,5.2,5.975,80.947,81.722,0.7749999999999915,79.78450000000001,82.88449999999997,OUTLIER,,,,,,,,,,,,,,,,,,,,,,,,,,,,,,,,,
197,LO,CERVIGNANO D'ADDA,PO0980180U0001,2008-08-01,86.922,soggiacenza statica,4.97,81.952,5.2,5.975,80.947,81.722,0.7749999999999915,79.78450000000001,82.88449999999997,,,,,,,,,,,,,,,,,,,,,,,,,,,,,,,,,,
198,LO,CERVIGNANO D'ADDA,PO0980180U0001,2008-09-01,86.922,soggiacenza statica,4.23,82.692,5.2,5.975,80.947,81.722,0.7749999999999915,79.78450000000001,82.88449999999997,,,,,,,,,,,,,,,,,,,,,,,,,,,,,,,,,,
199,LO,CERVIGNANO D'ADDA,PO0980180U0001,2008-10-01,86.922,soggiacenza statica,4.36,82.562,5.2,5.975,80.947,81.722,0.7749999999999915,79.78450000000001,82.88449999999997,,,,,,,,,,,,,,,,,,,,,,,,,,,,,,,,,,
200,LO,CERVIGNANO D'ADDA,PO0980180U0001,2008-11-01,86.922,soggiacenza statica,5.05,81.872,5.2,5.975,80.947,81.722,0.7749999999999915,79.78450000000001,82.88449999999997,,,,,,,,,,,,,,,,,,,,,,,,,,,,,,,,,,
201,LO,CERVIGNANO D'ADDA,PO0980180U0001,2008-12-01,86.922,soggiacenza statica,4.28,82.642,5.2,5.975,80.947,81.722,0.7749999999999915,79.78450000000001,82.88449999999997,,,,,,,,,,,,,,,,,,,,,,,,,,,,,,,,,,
202,LO,CERVIGNANO D'ADDA,PO0980180U0001,2009-01-01,86.922,soggiacenza statica,4.33,82.592,5.2,5.975,80.947,81.722,0.7749999999999915,79.78450000000001,82.88449999999997,,,,,,,,,,,,,,,,,,,,,,,,,,,,,,,,,,
203,LO,CERVIGNANO D'ADDA,PO0980180U0001,2009-02-01,86.922,soggiacenza statica,5.47,81.452,5.2,5.975,80.947,81.722,0.7749999999999915,79.78450000000001,82.88449999999997,,,,,,,,,,,,,,,,,,,,,,,,,,,,,,,,,,
204,LO,CERVIGNANO D'ADDA,PO0980180U0001,2009-03-01,86.922,soggiacenza statica,5.6,81.322,5.2,5.975,80.947,81.722,0.7749999999999915,79.78450000000001,82.88449999999997,,,,,,,,,,,,,,,,,,,,,,,,,,,,,,,,,,
205,LO,CERVIGNANO D'ADDA,PO0980180U0001,2009-04-01,86.922,soggiacenza statica,5.78,81.142,5.2,5.975,80.947,81.722,0.7749999999999915,79.78450000000001,82.88449999999997,,,,,,,,,,,,,,,,,,,,,,,,,,,,,,,,,,
206,LO,CERVIGNANO D'ADDA,PO0980180U0001,2009-05-01,86.922,soggiacenza statica,5.67,81.252,5.2,5.975,80.947,81.722,0.7749999999999915,79.78450000000001,82.88449999999997,,,,,,,,,,,,,,,,,,,,,,,,,,,,,,,,,,
207,LO,CERVIGNANO D'ADDA,PO0980180U0001,2009-06-01,86.922,soggiacenza statica,4.83,82.092,5.2,5.975,80.947,81.722,0.7749999999999915,79.78450000000001,82.88449999999997,,,,,,,,,,,,,,,,,,,,,,,,,,,,,,,,,,
208,LO,CERVIGNANO D'ADDA,PO0980180U0001,2009-07-01,86.922,soggiacenza statica,5.88,81.042,5.2,5.975,80.947,81.722,0.7749999999999915,79.78450000000001,82.88449999999997,,,,,,,,,,,,,,,,,,,,,,,,,,,,,,,,,,
209,LO,CERVIGNANO D'ADDA,PO0980180U0001,2009-08-01,86.922,soggiacenza statica,5.95,80.972,5.2,5.975,80.947,81.722,0.7749999999999915,79.78450000000001,82.88449999999997,,,,,,,,,,,,,,,,,,,,,,,,,,,,,,,,,,
210,LO,CERVIGNANO D'ADDA,PO0980180U0001,2009-09-01,86.922,soggiacenza statica,4.7,82.222,5.2,5.975,80.947,81.722,0.7749999999999915,79.78450000000001,82.88449999999997,,,,,,,,,,,,,,,,,,,,,,,,,,,,,,,,,,
211,LO,CERVIGNANO D'ADDA,PO0980180U0001,2009-10-01,86.922,soggiacenza statica,6.8,80.122,5.2,5.975,80.947,81.722,0.7749999999999915,79.78450000000001,82.88449999999997,,,,,,,,,,,,,,,,,,,,,,,,,,,,,,,,,,
212,LO,CERVIGNANO D'ADDA,PO0980180U0001,2009-12-01,86.922,soggiacenza statica,5.63,81.292,5.2,5.975,80.947,81.722,0.7749999999999915,79.78450000000001,82.88449999999997,,,,,,,,,,,,,,,,,,,,,,,,,,,,,,,,,,
213,LO,CERVIGNANO D'ADDA,PO0980180U0001,2010-01-01,86.922,soggiacenza statica,5.8,81.122,5.2,5.975,80.947,81.722,0.7749999999999915,79.78450000000001,82.88449999999997,,,,,,,,,,,,,,,,,,,,,,,,,,,,,,,,,,
214,LO,CERVIGNANO D'ADDA,PO0980180U0001,2010-02-01,86.922,soggiacenza statica,5.8,81.122,5.2,5.975,80.947,81.722,0.7749999999999915,79.78450000000001,82.88449999999997,,,,,,,,,,,,,,,,,,,,,,,,,,,,,,,,,,
215,LO,CERVIGNANO D'ADDA,PO0980180U0001,2010-03-01,86.922,soggiacenza statica,5.2,81.722,5.2,5.975,80.947,81.722,0.7749999999999915,79.78450000000001,82.88449999999997,,,,,,,,,,,,,,,,,,,,,,,,,,,,,,,,,,
216,LO,CERVIGNANO D'ADDA,PO0980180U0001,2010-04-01,86.922,soggiacenza statica,5.3,81.622,5.2,5.975,80.947,81.722,0.7749999999999915,79.78450000000001,82.88449999999997,,,,,,,,,,,,,,,,,,,,,,,,,,,,,,,,,,
217,LO,CERVIGNANO D'ADDA,PO0980180U0001,2010-05-01,86.922,soggiacenza statica,5.25,81.672,5.2,5.975,80.947,81.722,0.7749999999999915,79.78450000000001,82.88449999999997,,,,,,,,,,,,,,,,,,,,,,,,,,,,,,,,,,
218,LO,CERVIGNANO D'ADDA,PO0980180U0001,2010-06-01,86.922,soggiacenza statica,5.5,81.422,5.2,5.975,80.947,81.722,0.7749999999999915,79.78450000000001,82.88449999999997,,,,,,,,,,,,,,,,,,,,,,,,,,,,,,,,,,
219,LO,CERVIGNANO D'ADDA,PO0980180U0001,2010-07-01,86.922,soggiacenza statica,5.3,81.622,5.2,5.975,80.947,81.722,0.7749999999999915,79.78450000000001,82.88449999999997,,,,,,,,,,,,,,,,,,,,,,,,,,,,,,,,,,
220,LO,CERVIGNANO D'ADDA,PO0980180U0001,2010-08-01,86.922,soggiacenza statica,5.26,81.662,5.2,5.975,80.947,81.722,0.7749999999999915,79.78450000000001,82.88449999999997,,,,,,,,,,,,,,,,,,,,,,,,,,,,,,,,,,
221,LO,CERVIGNANO D'ADDA,PO0980180U0001,2010-09-01,86.922,soggiacenza statica,5.5,81.422,5.2,5.975,80.947,81.722,0.7749999999999915,79.78450000000001,82.88449999999997,,,,,,,,,,,,,,,,,,,,,,,,,,,,,,,,,,
222,LO,CERVIGNANO D'ADDA,PO0980180U0001,2010-10-01,86.922,soggiacenza statica,5.5,81.422,5.2,5.975,80.947,81.722,0.7749999999999915,79.78450000000001,82.88449999999997,,,,,,,,,,,,,,,,,,,,,,,,,,,,,,,,,,
223,LO,CERVIGNANO D'ADDA,PO0980180U0001,2010-11-01,86.922,soggiacenza statica,5.42,81.502,5.2,5.975,80.947,81.722,0.7749999999999915,79.78450000000001,82.88449999999997,,,,,,,,,,,,,,,,,,,,,,,,,,,,,,,,,,
224,LO,CERVIGNANO D'ADDA,PO0980180U0001,2010-12-01,86.922,soggiacenza statica,5.61,81.312,5.2,5.975,80.947,81.722,0.7749999999999915,79.78450000000001,82.88449999999997,,,,,,,,,,,,,,,,,,,,,,,,,,,,,,,,,,
225,LO,CERVIGNANO D'ADDA,PO0980180U0001,2011-01-01,86.922,soggiacenza statica,5.9,81.022,5.2,5.975,80.947,81.722,0.7749999999999915,79.78450000000001,82.88449999999997,,,,,,,,,,,,,,,,,,,,,,,,,,,,,,,,,,
226,LO,CERVIGNANO D'ADDA,PO0980180U0001,2011-02-01,86.922,soggiacenza statica,5.5,81.422,5.2,5.975,80.947,81.722,0.7749999999999915,79.78450000000001,82.88449999999997,,,,,,,,,,,,,,,,,,,,,,,,,,,,,,,,,,
227,LO,CERVIGNANO D'ADDA,PO0980180U0001,2011-03-01,86.922,soggiacenza statica,5.9,81.022,5.2,5.975,80.947,81.722,0.7749999999999915,79.78450000000001,82.88449999999997,,,,,,,,,,,,,,,,,,,,,,,,,,,,,,,,,,
228,LO,CERVIGNANO D'ADDA,PO0980180U0001,2011-04-01,86.922,soggiacenza statica,6.0,80.922,5.2,5.975,80.947,81.722,0.7749999999999915,79.78450000000001,82.88449999999997,,,,,,,,,,,,,,,,,,,,,,,,,,,,,,,,,,
229,LO,CERVIGNANO D'ADDA,PO0980180U0001,2011-05-01,86.922,soggiacenza statica,6.0,80.922,5.2,5.975,80.947,81.722,0.7749999999999915,79.78450000000001,82.88449999999997,,,,,,,,,,,,,,,,,,,,,,,,,,,,,,,,,,
230,LO,CERVIGNANO D'ADDA,PO0980180U0001,2011-06-01,86.922,soggiacenza statica,6.0,80.922,5.2,5.975,80.947,81.722,0.7749999999999915,79.78450000000001,82.88449999999997,,,,,,,,,,,,,,,,,,,,,,,,,,,,,,,,,,
231,LO,CERVIGNANO D'ADDA,PO0980180U0001,2011-07-01,86.922,soggiacenza statica,5.3,81.622,5.2,5.975,80.947,81.722,0.7749999999999915,79.78450000000001,82.88449999999997,,,,,,,,,,,,,,,,,,,,,,,,,,,,,,,,,,
232,LO,CERVIGNANO D'ADDA,PO0980180U0001,2011-08-01,86.922,soggiacenza statica,5.3,81.622,5.2,5.975,80.947,81.722,0.7749999999999915,79.78450000000001,82.88449999999997,,,,,,,,,,,,,,,,,,,,,,,,,,,,,,,,,,
233,LO,CERVIGNANO D'ADDA,PO0980180U0001,2011-09-01,86.922,soggiacenza statica,5.3,81.622,5.2,5.975,80.947,81.722,0.7749999999999915,79.78450000000001,82.88449999999997,,,,,,,,,,,,,,,,,,,,,,,,,,,,,,,,,,
234,LO,CERVIGNANO D'ADDA,PO0980180U0001,2011-10-01,86.922,soggiacenza statica,5.4,81.522,5.2,5.975,80.947,81.722,0.7749999999999915,79.78450000000001,82.88449999999997,,,,,,,,,,,,,,,,,,,,,,,,,,,,,,,,,,
235,LO,CERVIGNANO D'ADDA,PO0980180U0001,2011-11-01,86.922,soggiacenza statica,5.45,81.472,5.2,5.975,80.947,81.722,0.7749999999999915,79.78450000000001,82.88449999999997,,,,,,,,,,,,,,,,,,,,,,,,,,,,,,,,,,
236,LO,CERVIGNANO D'ADDA,PO0980180U0001,2011-12-01,86.922,soggiacenza statica,5.4,81.522,5.2,5.975,80.947,81.722,0.7749999999999915,79.78450000000001,82.88449999999997,,,,,,,,,,,,,,,,,,,,,,,,,,,,,,,,,,
237,LO,CERVIGNANO D'ADDA,PO0980180U0001,2012-01-01,86.922,soggiacenza statica,5.55,81.372,5.2,5.975,80.947,81.722,0.7749999999999915,79.78450000000001,82.88449999999997,,,,,,,,,,,,,,,,,,,,,,,,,,,,,,,,,,
238,LO,CERVIGNANO D'ADDA,PO0980180U0001,2012-02-01,86.922,soggiacenza statica,6.15,80.772,5.2,5.975,80.947,81.722,0.7749999999999915,79.78450000000001,82.88449999999997,,,,,,,,,,,,,,,,,,,,,,,,,,,,,,,,,,
239,LO,CERVIGNANO D'ADDA,PO0980180U0001,2012-03-01,86.922,soggiacenza statica,6.25,80.672,5.2,5.975,80.947,81.722,0.7749999999999915,79.78450000000001,82.88449999999997,,,,,,,,,,,,,,,,,,,,,,,,,,,,,,,,,,
240,LO,CERVIGNANO D'ADDA,PO0980180U0001,2012-04-01,86.922,soggiacenza statica,6.6,80.322,5.2,5.975,80.947,81.722,0.7749999999999915,79.78450000000001,82.88449999999997,,,,,,,,,,,,,,,,,,,,,,,,,,,,,,,,,,
241,LO,CERVIGNANO D'ADDA,PO0980180U0001,2012-05-01,86.922,soggiacenza statica,6.6,80.322,5.2,5.975,80.947,81.722,0.7749999999999915,79.78450000000001,82.88449999999997,,,,,,,,,,,,,,,,,,,,,,,,,,,,,,,,,,
242,LO,CERVIGNANO D'ADDA,PO0980180U0001,2012-06-01,86.922,soggiacenza statica,6.45,80.472,5.2,5.975,80.947,81.722,0.7749999999999915,79.78450000000001,82.88449999999997,,,,,,,,,,,,,,,,,,,,,,,,,,,,,,,,,,
243,LO,CERVIGNANO D'ADDA,PO0980180U0001,2012-07-01,86.922,soggiacenza statica,6.4,80.522,5.2,5.975,80.947,81.722,0.7749999999999915,79.78450000000001,82.88449999999997,,,,,,,,,,,,,,,,,,,,,,,,,,,,,,,,,,
244,LO,CERVIGNANO D'ADDA,PO0980180U0001,2012-08-01,86.922,soggiacenza statica,6.5,80.422,5.2,5.975,80.947,81.722,0.7749999999999915,79.78450000000001,82.88449999999997,,,,,,,,,,,,,,,,,,,,,,,,,,,,,,,,,,
245,LO,CERVIGNANO D'ADDA,PO0980180U0001,2012-09-01,86.922,soggiacenza statica,6.4,80.522,5.2,5.975,80.947,81.722,0.7749999999999915,79.78450000000001,82.88449999999997,,,,,,,,,,,,,,,,,,,,,,,,,,,,,,,,,,
246,LO,CERVIGNANO D'ADDA,PO0980180U0001,2012-10-01,86.922,soggiacenza statica,5.9,81.022,5.2,5.975,80.947,81.722,0.7749999999999915,79.78450000000001,82.88449999999997,,,,,,,,,,,,,,,,,,,,,,,,,,,,,,,,,,
247,LO,CERVIGNANO D'ADDA,PO0980180U0001,2012-11-01,86.922,soggiacenza statica,6.2,80.722,5.2,5.975,80.947,81.722,0.7749999999999915,79.78450000000001,82.88449999999997,,,,,,,,,,,,,,,,,,,,,,,,,,,,,,,,,,
248,LO,CERVIGNANO D'ADDA,PO0980180U0001,2012-12-01,86.922,soggiacenza statica,5.45,81.472,5.2,5.975,80.947,81.722,0.7749999999999915,79.78450000000001,82.88449999999997,,,,,,,,,,,,,,,,,,,,,,,,,,,,,,,,,,
249,LO,CERVIGNANO D'ADDA,PO0980180U0001,2013-01-07,86.922,soggiacenza statica,5.5,81.422,5.2,5.975,80.947,81.722,0.7749999999999915,79.78450000000001,82.88449999999997,,,,,,,,,,,,,,,,,,,,,,,,,,,,,,,,,,
250,LO,CERVIGNANO D'ADDA,PO0980180U0001,2013-02-01,86.922,soggiacenza statica,5.45,81.472,5.2,5.975,80.947,81.722,0.7749999999999915,79.78450000000001,82.88449999999997,,,,,,,,,,,,,,,,,,,,,,,,,,,,,,,,,,
251,LO,CERVIGNANO D'ADDA,PO0980180U0001,2013-03-01,86.922,soggiacenza statica,5.5,81.422,5.2,5.975,80.947,81.722,0.7749999999999915,79.78450000000001,82.88449999999997,,,,,,,,,,,,,,,,,,,,,,,,,,,,,,,,,,
252,LO,CERVIGNANO D'ADDA,PO0980180U0001,2013-04-01,86.922,soggiacenza statica,5.4,81.522,5.2,5.975,80.947,81.722,0.7749999999999915,79.78450000000001,82.88449999999997,,,,,,,,,,,,,,,,,,,,,,,,,,,,,,,,,,
253,LO,CERVIGNANO D'ADDA,PO0980180U0001,2013-05-01,86.922,soggiacenza statica,5.4,81.522,5.2,5.975,80.947,81.722,0.7749999999999915,79.78450000000001,82.88449999999997,,,,,,,,,,,,,,,,,,,,,,,,,,,,,,,,,,
254,LO,CERVIGNANO D'ADDA,PO0980180U0001,2013-06-03,86.922,soggiacenza statica,5.6,81.322,5.2,5.975,80.947,81.722,0.7749999999999915,79.78450000000001,82.88449999999997,,,,,,,,,,,,,,,,,,,,,,,,,,,,,,,,,,
255,LO,CERVIGNANO D'ADDA,PO0980180U0001,2013-07-01,86.922,soggiacenza statica,5.6,81.322,5.2,5.975,80.947,81.722,0.7749999999999915,79.78450000000001,82.88449999999997,,,,,,,,,,,,,,,,,,,,,,,,,,,,,,,,,,
256,LO,CERVIGNANO D'ADDA,PO0980180U0001,2013-08-01,86.922,soggiacenza statica,5.4,81.522,5.2,5.975,80.947,81.722,0.7749999999999915,79.78450000000001,82.88449999999997,,,,,,,,,,,,,,,,,,,,,,,,,,,,,,,,,,
257,LO,CERVIGNANO D'ADDA,PO0980180U0001,2013-09-02,86.922,soggiacenza statica,5.6,81.322,5.2,5.975,80.947,81.722,0.7749999999999915,79.78450000000001,82.88449999999997,,,,,,,,,,,,,,,,,,,,,,,,,,,,,,,,,,
258,LO,CERVIGNANO D'ADDA,PO0980180U0001,2013-10-01,86.922,soggiacenza statica,5.6,81.322,5.2,5.975,80.947,81.722,0.7749999999999915,79.78450000000001,82.88449999999997,,,,,,,,,,,,,,,,,,,,,,,,,,,,,,,,,,
259,LO,CERVIGNANO D'ADDA,PO0980180U0001,2013-11-04,86.922,soggiacenza statica,5.65,81.272,5.2,5.975,80.947,81.722,0.7749999999999915,79.78450000000001,82.88449999999997,,,,,,,,,,,,,,,,,,,,,,,,,,,,,,,,,,
260,LO,CERVIGNANO D'ADDA,PO0980180U0001,2013-12-02,86.922,soggiacenza statica,6.0,80.922,5.2,5.975,80.947,81.722,0.7749999999999915,79.78450000000001,82.88449999999997,,,,,,,,,,,,,,,,,,,,,,,,,,,,,,,,,,
261,LO,CERVIGNANO D'ADDA,PO0980180U0001,2014-01-01,86.922,soggiacenza statica,6.0,80.922,5.2,5.975,80.947,81.722,0.7749999999999915,79.78450000000001,82.88449999999997,,,,,,,,,,,,,,,,,,,,,,,,,,,,,,,,,,
262,LO,CERVIGNANO D'ADDA,PO0980180U0001,2014-02-01,86.922,soggiacenza statica,6.0,80.922,5.2,5.975,80.947,81.722,0.7749999999999915,79.78450000000001,82.88449999999997,,,,,,,,,,,,,,,,,,,,,,,,,,,,,,,,,,
263,LO,CERVIGNANO D'ADDA,PO0980180U0001,2014-03-01,86.922,soggiacenza statica,5.8,81.122,5.2,5.975,80.947,81.722,0.7749999999999915,79.78450000000001,82.88449999999997,,,,,,,,,,,,,,,,,,,,,,,,,,,,,,,,,,
264,LO,CERVIGNANO D'ADDA,PO0980180U0001,2014-04-01,86.922,soggiacenza statica,5.7,81.222,5.2,5.975,80.947,81.722,0.7749999999999915,79.78450000000001,82.88449999999997,,,,,,,,,,,,,,,,,,,,,,,,,,,,,,,,,,
265,LO,CERVIGNANO D'ADDA,PO0980180U0001,2014-05-01,86.922,soggiacenza statica,5.8,81.122,5.2,5.975,80.947,81.722,0.7749999999999915,79.78450000000001,82.88449999999997,,,,,,,,,,,,,,,,,,,,,,,,,,,,,,,,,,
266,LO,CERVIGNANO D'ADDA,PO0980180U0001,2014-06-16,86.922,soggiacenza statica,5.0,81.922,5.2,5.975,80.947,81.722,0.7749999999999915,79.78450000000001,82.88449999999997,,,,,,,,,,,,,,,,,,,,,,,,,,,,,,,,,,
267,LO,CERVIGNANO D'ADDA,PO0980180U0001,2014-07-01,86.922,soggiacenza statica,5.3,81.622,5.2,5.975,80.947,81.722,0.7749999999999915,79.78450000000001,82.88449999999997,,,,,,,,,,,,,,,,,,,,,,,,,,,,,,,,,,
268,LO,CERVIGNANO D'ADDA,PO0980180U0001,2014-08-01,86.922,soggiacenza statica,5.5,81.422,5.2,5.975,80.947,81.722,0.7749999999999915,79.78450000000001,82.88449999999997,,,,,,,,,,,,,,,,,,,,,,,,,,,,,,,,,,
269,LO,CERVIGNANO D'ADDA,PO0980180U0001,2014-09-01,86.922,soggiacenza statica,5.5,81.422,5.2,5.975,80.947,81.722,0.7749999999999915,79.78450000000001,82.88449999999997,,,,,,,,,,,,,,,,,,,,,,,,,,,,,,,,,,
270,LO,CERVIGNANO D'ADDA,PO0980180U0001,2014-10-01,86.922,soggiacenza statica,5.5,81.422,5.2,5.975,80.947,81.722,0.7749999999999915,79.78450000000001,82.88449999999997,,,,,,,,,,,,,,,,,,,,,,,,,,,,,,,,,,
271,LO,CERVIGNANO D'ADDA,PO0980180U0001,2014-11-01,86.922,soggiacenza statica,5.45,81.472,5.2,5.975,80.947,81.722,0.7749999999999915,79.78450000000001,82.88449999999997,,,,,,,,,,,,,,,,,,,,,,,,,,,,,,,,,,
272,LO,CERVIGNANO D'ADDA,PO0980180U0001,2014-12-01,86.922,soggiacenza statica,5.6,81.322,5.2,5.975,80.947,81.722,0.7749999999999915,79.78450000000001,82.88449999999997,,,,,,,,,,,,,,,,,,,,,,,,,,,,,,,,,,
273,LO,CERVIGNANO D'ADDA,PO0980180U0001,2015-01-01,86.922,soggiacenza statica,5.61,81.312,5.2,5.975,80.947,81.722,0.7749999999999915,79.78450000000001,82.88449999999997,,,,,,,,,,,,,,,,,,,,,,,,,,,,,,,,,,
274,LO,CERVIGNANO D'ADDA,PO0980180U0001,2015-02-01,86.922,soggiacenza statica,5.76,81.162,5.2,5.975,80.947,81.722,0.7749999999999915,79.78450000000001,82.88449999999997,,,,,,,,,,,,,,,,,,,,,,,,,,,,,,,,,,
275,LO,CERVIGNANO D'ADDA,PO0980180U0001,2015-03-01,86.922,soggiacenza statica,5.66,81.262,5.2,5.975,80.947,81.722,0.7749999999999915,79.78450000000001,82.88449999999997,,,,,,,,,,,,,,,,,,,,,,,,,,,,,,,,,,
276,LO,CERVIGNANO D'ADDA,PO0980180U0001,2015-04-01,86.922,soggiacenza statica,6.01,80.912,5.2,5.975,80.947,81.722,0.7749999999999915,79.78450000000001,82.88449999999997,,,,,,,,,,,,,,,,,,,,,,,,,,,,,,,,,,
277,LO,CERVIGNANO D'ADDA,PO0980180U0001,2015-05-01,86.922,soggiacenza statica,6.06,80.862,5.2,5.975,80.947,81.722,0.7749999999999915,79.78450000000001,82.88449999999997,,,,,,,,,,,,,,,,,,,,,,,,,,,,,,,,,,
278,LO,CERVIGNANO D'ADDA,PO0980180U0001,2015-06-01,86.922,soggiacenza statica,5.44,81.482,5.2,5.975,80.947,81.722,0.7749999999999915,79.78450000000001,82.88449999999997,,,,,,,,,,,,,,,,,,,,,,,,,,,,,,,,,,
279,LO,CERVIGNANO D'ADDA,PO0980180U0001,2015-07-01,86.922,soggiacenza statica,5.11,81.812,5.2,5.975,80.947,81.722,0.7749999999999915,79.78450000000001,82.88449999999997,,,,,,,,,,,,,,,,,,,,,,,,,,,,,,,,,,
280,LO,CERVIGNANO D'ADDA,PO0980180U0001,2015-08-01,86.922,soggiacenza statica,4.81,82.112,5.2,5.975,80.947,81.722,0.7749999999999915,79.78450000000001,82.88449999999997,,,,,,,,,,,,,,,,,,,,,,,,,,,,,,,,,,
281,LO,CERVIGNANO D'ADDA,PO0980180U0001,2015-09-01,86.922,soggiacenza statica,5.16,81.762,5.2,5.975,80.947,81.722,0.7749999999999915,79.78450000000001,82.88449999999997,,,,,,,,,,,,,,,,,,,,,,,,,,,,,,,,,,
282,LO,CERVIGNANO D'ADDA,PO0980180U0001,2015-10-01,86.922,soggiacenza statica,5.36,81.562,5.2,5.975,80.947,81.722,0.7749999999999915,79.78450000000001,82.88449999999997,,,,,,,,,,,,,,,,,,,,,,,,,,,,,,,,,,
283,LO,CERVIGNANO D'ADDA,PO0980180U0001,2015-11-01,86.922,soggiacenza statica,5.51,81.412,5.2,5.975,80.947,81.722,0.7749999999999915,79.78450000000001,82.88449999999997,,,,,,,,,,,,,,,,,,,,,,,,,,,,,,,,,,
284,LO,CERVIGNANO D'ADDA,PO0980180U0001,2015-12-01,86.922,soggiacenza statica,5.66,81.262,5.2,5.975,80.947,81.722,0.7749999999999915,79.78450000000001,82.88449999999997,,,,,,,,,,,,,,,,,,,,,,,,,,,,,,,,,,
285,LO,CERVIGNANO D'ADDA,PO0980180U0001,2016-01-01,86.922,soggiacenza statica,5.91,81.012,5.2,5.975,80.947,81.722,0.7749999999999915,79.78450000000001,82.88449999999997,,,,,,,,,,,,,,,,,,,,,,,,,,,,,,,,,,
286,LO,CERVIGNANO D'ADDA,PO0980180U0001,2016-02-01,86.922,soggiacenza statica,6.21,80.712,5.2,5.975,80.947,81.722,0.7749999999999915,79.78450000000001,82.88449999999997,,,,,,,,,,,,,,,,,,,,,,,,,,,,,,,,,,
287,LO,CERVIGNANO D'ADDA,PO0980180U0001,2016-03-01,86.922,soggiacenza statica,6.11,80.812,5.2,5.975,80.947,81.722,0.7749999999999915,79.78450000000001,82.88449999999997,,,,,,,,,,,,,,,,,,,,,,,,,,,,,,,,,,
288,LO,CERVIGNANO D'ADDA,PO0980180U0001,2016-04-01,86.922,soggiacenza statica,6.21,80.712,5.2,5.975,80.947,81.722,0.7749999999999915,79.78450000000001,82.88449999999997,,,,,,,,,,,,,,,,,,,,,,,,,,,,,,,,,,
289,LO,CERVIGNANO D'ADDA,PO0980180U0001,2016-05-01,86.922,soggiacenza statica,6.21,80.712,5.2,5.975,80.947,81.722,0.7749999999999915,79.78450000000001,82.88449999999997,,,,,,,,,,,,,,,,,,,,,,,,,,,,,,,,,,
290,LO,CERVIGNANO D'ADDA,PO0980180U0001,2016-06-01,86.922,soggiacenza statica,6.26,80.662,5.2,5.975,80.947,81.722,0.7749999999999915,79.78450000000001,82.88449999999997,,,,,,,,,,,,,,,,,,,,,,,,,,,,,,,,,,
291,LO,CERVIGNANO D'ADDA,PO0980180U0001,2016-07-01,86.922,soggiacenza statica,6.31,80.612,5.2,5.975,80.947,81.722,0.7749999999999915,79.78450000000001,82.88449999999997,,,,,,,,,,,,,,,,,,,,,,,,,,,,,,,,,,
292,LO,CERVIGNANO D'ADDA,PO0980180U0001,2016-08-01,86.922,soggiacenza statica,4.91,82.012,5.2,5.975,80.947,81.722,0.7749999999999915,79.78450000000001,82.88449999999997,,,,,,,,,,,,,,,,,,,,,,,,,,,,,,,,,,
293,LO,CERVIGNANO D'ADDA,PO0980180U0001,2016-09-01,86.922,soggiacenza statica,5.11,81.812,5.2,5.975,80.947,81.722,0.7749999999999915,79.78450000000001,82.88449999999997,,,,,,,,,,,,,,,,,,,,,,,,,,,,,,,,,,
294,LO,CERVIGNANO D'ADDA,PO0980180U0001,2016-10-01,86.922,soggiacenza statica,5.36,81.562,5.2,5.975,80.947,81.722,0.7749999999999915,79.78450000000001,82.88449999999997,,,,,,,,,,,,,,,,,,,,,,,,,,,,,,,,,,
295,LO,CERVIGNANO D'ADDA,PO0980180U0001,2016-11-01,86.922,soggiacenza statica,5.21,81.712,5.2,5.975,80.947,81.722,0.7749999999999915,79.78450000000001,82.88449999999997,,,,,,,,,,,,,,,,,,,,,,,,,,,,,,,,,,
296,LO,CERVIGNANO D'ADDA,PO0980180U0001,2016-12-01,86.922,soggiacenza statica,5.01,81.912,5.2,5.975,80.947,81.722,0.7749999999999915,79.78450000000001,82.88449999999997,,,,,,,,,,,,,,,,,,,,,,,,,,,,,,,,,,
297,LO,CERVIGNANO D'ADDA,PO0980180U0001,2017-01-01,86.922,soggiacenza statica,4.66,82.262,5.2,5.975,80.947,81.722,0.7749999999999915,79.78450000000001,82.88449999999997,,,,,,,,,,,,,,,,,,,,,,,,,,,,,,,,,,
298,LO,CERVIGNANO D'ADDA,PO0980180U0001,2017-03-01,86.922,soggiacenza statica,4.71,82.212,5.2,5.975,80.947,81.722,0.7749999999999915,79.78450000000001,82.88449999999997,,,,,,,,,,,,,,,,,,,,,,,,,,,,,,,,,,
299,LO,CERVIGNANO D'ADDA,PO0980180U0001,2017-04-01,86.922,soggiacenza statica,6.41,80.512,5.2,5.975,80.947,81.722,0.7749999999999915,79.78450000000001,82.88449999999997,,,,,,,,,,,,,,,,,,,,,,,,,,,,,,,,,,
300,LO,CERVIGNANO D'ADDA,PO0980180U0001,2017-05-01,86.922,soggiacenza statica,6.41,80.512,5.2,5.975,80.947,81.722,0.7749999999999915,79.78450000000001,82.88449999999997,,,,,,,,,,,,,,,,,,,,,,,,,,,,,,,,,,
301,LO,CERVIGNANO D'ADDA,PO0980180U0001,2017-06-01,86.922,soggiacenza statica,5.06,81.862,5.2,5.975,80.947,81.722,0.7749999999999915,79.78450000000001,82.88449999999997,,,,,,,,,,,,,,,,,,,,,,,,,,,,,,,,,,
302,LO,CERVIGNANO D'ADDA,PO0980180U0001,2017-07-01,86.922,soggiacenza statica,5.66,81.262,5.2,5.975,80.947,81.722,0.7749999999999915,79.78450000000001,82.88449999999997,,,,,,,,,,,,,,,,,,,,,,,,,,,,,,,,,,
303,LO,CERVIGNANO D'ADDA,PO0980180U0001,2017-08-01,86.922,soggiacenza statica,4.71,82.212,5.2,5.975,80.947,81.722,0.7749999999999915,79.78450000000001,82.88449999999997,,,,,,,,,,,,,,,,,,,,,,,,,,,,,,,,,,
304,LO,CERVIGNANO D'ADDA,PO0980180U0001,2017-09-01,86.922,soggiacenza statica,5.16,81.762,5.2,5.975,80.947,81.722,0.7749999999999915,79.78450000000001,82.88449999999997,,,,,,,,,,,,,,,,,,,,,,,,,,,,,,,,,,
305,LO,CERVIGNANO D'ADDA,PO0980180U0001,2017-10-01,86.922,soggiacenza statica,5.06,81.862,5.2,5.975,80.947,81.722,0.7749999999999915,79.78450000000001,82.88449999999997,,,,,,,,,,,,,,,,,,,,,,,,,,,,,,,,,,
306,LO,CERVIGNANO D'ADDA,PO0980180U0001,2017-11-01,86.922,soggiacenza statica,5.56,81.362,5.2,5.975,80.947,81.722,0.7749999999999915,79.78450000000001,82.88449999999997,,,,,,,,,,,,,,,,,,,,,,,,,,,,,,,,,,
307,LO,CERVIGNANO D'ADDA,PO0980180U0001,2017-12-01,86.922,soggiacenza statica,5.16,81.762,5.2,5.975,80.947,81.722,0.7749999999999915,79.78450000000001,82.88449999999997,,,,,,,,,,,,,,,,,,,,,,,,,,,,,,,,,,
308,LO,CERVIGNANO D'ADDA,PO0980180U0001,2018-01-01,86.922,soggiacenza statica,4.71,82.212,5.2,5.975,80.947,81.722,0.7749999999999915,79.78450000000001,82.88449999999997,,,,,,,,,,,,,,,,,,,,,,,,,,,,,,,,,,
309,LO,CERVIGNANO D'ADDA,PO0980180U0001,2018-02-01,86.922,soggiacenza statica,6.06,80.862,5.2,5.975,80.947,81.722,0.7749999999999915,79.78450000000001,82.88449999999997,,,,,,,,,,,,,,,,,,,,,,,,,,,,,,,,,,
310,LO,CERVIGNANO D'ADDA,PO0980180U0001,2018-03-01,86.922,soggiacenza statica,5.16,81.762,5.2,5.975,80.947,81.722,0.7749999999999915,79.78450000000001,82.88449999999997,,,,,,,,,,,,,,,,,,,,,,,,,,,,,,,,,,
311,LO,CERVIGNANO D'ADDA,PO0980180U0001,2018-04-01,86.922,soggiacenza statica,4.66,82.262,5.2,5.975,80.947,81.722,0.7749999999999915,79.78450000000001,82.88449999999997,,,,,,,,,,,,,,,,,,,,,,,,,,,,,,,,,,
312,LO,CERVIGNANO D'ADDA,PO0980180U0001,2018-05-01,86.922,soggiacenza statica,4.71,82.212,5.2,5.975,80.947,81.722,0.7749999999999915,79.78450000000001,82.88449999999997,,,,,,,,,,,,,,,,,,,,,,,,,,,,,,,,,,
313,LO,CERVIGNANO D'ADDA,PO0980180U0001,2018-06-01,86.922,soggiacenza statica,5.11,81.812,5.2,5.975,80.947,81.722,0.7749999999999915,79.78450000000001,82.88449999999997,,,,,,,,,,,,,,,,,,,,,,,,,,,,,,,,,,
314,LO,CERVIGNANO D'ADDA,PO0980180U0001,2018-07-01,86.922,soggiacenza statica,5.01,81.912,5.2,5.975,80.947,81.722,0.7749999999999915,79.78450000000001,82.88449999999997,,,,,,,,,,,,,,,,,,,,,,,,,,,,,,,,,,
315,LO,CERVIGNANO D'ADDA,PO0980180U0001,2018-08-01,86.922,soggiacenza statica,5.06,81.862,5.2,5.975,80.947,81.722,0.7749999999999915,79.78450000000001,82.88449999999997,,,,,,,,,,,,,,,,,,,,,,,,,,,,,,,,,,
316,LO,CERVIGNANO D'ADDA,PO0980180U0001,2018-09-01,86.922,soggiacenza statica,5.06,81.862,5.2,5.975,80.947,81.722,0.7749999999999915,79.78450000000001,82.88449999999997,,,,,,,,,,,,,,,,,,,,,,,,,,,,,,,,,,
317,LO,CERVIGNANO D'ADDA,PO0980180U0001,2018-10-01,86.922,soggiacenza statica,5.16,81.762,5.2,5.975,80.947,81.722,0.7749999999999915,79.78450000000001,82.88449999999997,,,,,,,,,,,,,,,,,,,,,,,,,,,,,,,,,,
318,LO,CERVIGNANO D'ADDA,PO0980180U0001,2018-11-01,86.922,soggiacenza statica,5.21,81.712,5.2,5.975,80.947,81.722,0.7749999999999915,79.78450000000001,82.88449999999997,,,,,,,,,,,,,,,,,,,,,,,,,,,,,,,,,,
319,LO,CERVIGNANO D'ADDA,PO0980180U0001,2018-12-01,86.922,soggiacenza statica,5.16,81.762,5.2,5.975,80.947,81.722,0.7749999999999915,79.78450000000001,82.88449999999997,,,,,,,,,,,,,,,,,,,,,,,,,,,,,,,,,,
320,LO,CERVIGNANO D'ADDA,PO0980180U0001,2019-01-01,86.922,soggiacenza statica,5.91,81.012,5.2,5.975,80.947,81.722,0.7749999999999915,79.78450000000001,82.88449999999997,,,,,,,,,,,,,,,,,,,,,,,,,,,,,,,,,,
321,LO,CERVIGNANO D'ADDA,PO0980180U0001,2019-02-01,86.922,soggiacenza statica,6.21,80.712,5.2,5.975,80.947,81.722,0.7749999999999915,79.78450000000001,82.88449999999997,,,,,,,,,,,,,,,,,,,,,,,,,,,,,,,,,,
322,LO,CERVIGNANO D'ADDA,PO0980180U0001,2019-03-01,86.922,soggiacenza statica,6.11,80.812,5.2,5.975,80.947,81.722,0.7749999999999915,79.78450000000001,82.88449999999997,,,,,,,,,,,,,,,,,,,,,,,,,,,,,,,,,,
323,LO,CERVIGNANO D'ADDA,PO0980180U0001,2019-04-01,86.922,soggiacenza statica,6.21,80.712,5.2,5.975,80.947,81.722,0.7749999999999915,79.78450000000001,82.88449999999997,,,,,,,,,,,,,,,,,,,,,,,,,,,,,,,,,,
324,LO,CERVIGNANO D'ADDA,PO0980180U0001,2019-05-01,86.922,soggiacenza statica,6.21,80.712,5.2,5.975,80.947,81.722,0.7749999999999915,79.78450000000001,82.88449999999997,,,,,,,,,,,,,,,,,,,,,,,,,,,,,,,,,,
325,LO,CERVIGNANO D'ADDA,PO0980180U0001,2019-06-01,86.922,soggiacenza statica,6.26,80.662,5.2,5.975,80.947,81.722,0.7749999999999915,79.78450000000001,82.88449999999997,,,,,,,,,,,,,,,,,,,,,,,,,,,,,,,,,,
326,LO,CERVIGNANO D'ADDA,PO0980180U0001,2019-07-01,86.922,soggiacenza statica,5.09,81.832,5.2,5.975,80.947,81.722,0.7749999999999915,79.78450000000001,82.88449999999997,,,,,,,,,,,,,,,,,,,,,,,,,,,,,,,,,,
327,LO,CERVIGNANO D'ADDA,PO0980180U0001,2019-08-01,86.922,soggiacenza statica,6.41,80.512,5.2,5.975,80.947,81.722,0.7749999999999915,79.78450000000001,82.88449999999997,,,,,,,,,,,,,,,,,,,,,,,,,,,,,,,,,,
328,LO,CERVIGNANO D'ADDA,PO0980180U0001,2019-09-01,86.922,soggiacenza statica,5.56,81.362,5.2,5.975,80.947,81.722,0.7749999999999915,79.78450000000001,82.88449999999997,,,,,,,,,,,,,,,,,,,,,,,,,,,,,,,,,,
329,LO,CERVIGNANO D'ADDA,PO0980180U0001,2019-10-01,86.922,soggiacenza statica,4.71,82.212,5.2,5.975,80.947,81.722,0.7749999999999915,79.78450000000001,82.88449999999997,,,,,,,,,,,,,,,,,,,,,,,,,,,,,,,,,,
330,LO,CERVIGNANO D'ADDA,PO0980180U0001,2019-11-01,86.922,soggiacenza statica,4.66,82.262,5.2,5.975,80.947,81.722,0.7749999999999915,79.78450000000001,82.88449999999997,,,,,,,,,,,,,,,,,,,,,,,,,,,,,,,,,,
331,LO,CERVIGNANO D'ADDA,PO0980180U0001,2019-12-01,86.922,soggiacenza statica,5.16,81.762,5.2,5.975,80.947,81.722,0.7749999999999915,79.78450000000001,82.88449999999997,,,,,,,,,,,,,,,,,,,,,,,,,,,,,,,,,,
332,LO,CERVIGNANO D'ADDA,PO0980180U0001,2020-01-01,86.922,soggiacenza statica,5.16,81.762,5.2,5.975,80.947,81.722,0.7749999999999915,79.78450000000001,82.88449999999997,,,,,,,,,,,,,,,,,,,,,,,,,,,,,,,,,,
333,LO,CERVIGNANO D'ADDA,PO0980180U0001,2020-02-01,86.922,soggiacenza statica,5.06,81.862,5.2,5.975,80.947,81.722,0.7749999999999915,79.78450000000001,82.88449999999997,,,,,,,,,,,,,,,,,,,,,,,,,,,,,,,,,,
334,LO,CERVIGNANO D'ADDA,PO0980180U0001,2020-03-01,86.922,soggiacenza statica,5.66,81.262,5.2,5.975,80.947,81.722,0.7749999999999915,79.78450000000001,82.88449999999997,,,,,,,,,,,,,,,,,,,,,,,,,,,,,,,,,,
335,LO,CERVIGNANO D'ADDA,PO0980180U0001,2020-04-01,86.922,soggiacenza statica,6.06,80.862,5.2,5.975,80.947,81.722,0.7749999999999915,79.78450000000001,82.88449999999997,,,,,,,,,,,,,,,,,,,,,,,,,,,,,,,,,,
336,LO,CERVIGNANO D'ADDA,PO0980180U0001,2020-05-01,86.922,soggiacenza statica,5.16,81.762,5.2,5.975,80.947,81.722,0.7749999999999915,79.78450000000001,82.88449999999997,,,,,,,,,,,,,,,,,,,,,,,,,,,,,,,,,,
337,LO,COMAZZO,PO0980200U0003,2007-03-01,99.238,soggiacenza statica,6.2,93.038,5.5075,6.26,92.978,93.7305,0.7525000000000119,91.84924999999998,94.85925000000003,,,,,,,,,,,,,,,,,,,,,,,,,,,,,,,,,,
338,LO,COMAZZO,PO0980200U0003,2007-04-01,99.238,soggiacenza statica,6.9,92.338,5.5075,6.26,92.978,93.7305,0.7525000000000119,91.84924999999998,94.85925000000003,,,,,,,,,,,,,,,,,,,,,,,,,,,,,,,,,,
339,LO,COMAZZO,PO0980200U0003,2007-05-01,99.238,soggiacenza statica,6.7,92.538,5.5075,6.26,92.978,93.7305,0.7525000000000119,91.84924999999998,94.85925000000003,,,,,,,,,,,,,,,,,,,,,,,,,,,,,,,,,,
340,LO,COMAZZO,PO0980200U0003,2007-06-01,99.238,soggiacenza statica,6.75,92.488,5.5075,6.26,92.978,93.7305,0.7525000000000119,91.84924999999998,94.85925000000003,,,,,,,,,,,,,,,,,,,,,,,,,,,,,,,,,,
341,LO,COMAZZO,PO0980200U0003,2007-08-01,99.238,soggiacenza statica,6.7,92.538,5.5075,6.26,92.978,93.7305,0.7525000000000119,91.84924999999998,94.85925000000003,,,,,,,,,,,,,,,,,,,,,,,,,,,,,,,,,,
342,LO,COMAZZO,PO0980200U0003,2007-09-01,99.238,soggiacenza statica,6.7,92.538,5.5075,6.26,92.978,93.7305,0.7525000000000119,91.84924999999998,94.85925000000003,,,,,,,,,,,,,,,,,,,,,,,,,,,,,,,,,,
343,LO,COMAZZO,PO0980200U0003,2007-10-01,99.238,soggiacenza statica,6.7,92.538,5.5075,6.26,92.978,93.7305,0.7525000000000119,91.84924999999998,94.85925000000003,,,,,,,,,,,,,,,,,,,,,,,,,,,,,,,,,,
344,LO,COMAZZO,PO0980200U0003,2007-11-01,99.238,soggiacenza statica,7.7,91.538,5.5075,6.26,92.978,93.7305,0.7525000000000119,91.84924999999998,94.85925000000003,OUTLIER,,,,,,,,,,,,,,,,,,,,,,,,,,,,,,,,,
345,LO,COMAZZO,PO0980200U0003,2007-12-01,99.238,soggiacenza statica,7.6,91.638,5.5075,6.26,92.978,93.7305,0.7525000000000119,91.84924999999998,94.85925000000003,OUTLIER,,,,,,,,,,,,,,,,,,,,,,,,,,,,,,,,,
346,LO,COMAZZO,PO0980200U0003,2008-01-01,99.238,soggiacenza statica,7.4,91.838,5.5075,6.26,92.978,93.7305,0.7525000000000119,91.84924999999998,94.85925000000003,OUTLIER,,,,,,,,,,,,,,,,,,,,,,,,,,,,,,,,,
347,LO,COMAZZO,PO0980200U0003,2008-02-01,99.238,soggiacenza statica,6.8,92.438,5.5075,6.26,92.978,93.7305,0.7525000000000119,91.84924999999998,94.85925000000003,,,,,,,,,,,,,,,,,,,,,,,,,,,,,,,,,,
348,LO,COMAZZO,PO0980200U0003,2008-03-01,99.238,soggiacenza statica,7.8,91.438,5.5075,6.26,92.978,93.7305,0.7525000000000119,91.84924999999998,94.85925000000003,OUTLIER,,,,,,,,,,,,,,,,,,,,,,,,,,,,,,,,,
349,LO,COMAZZO,PO0980200U0003,2009-01-01,99.238,soggiacenza statica,5.96,93.278,5.5075,6.26,92.978,93.7305,0.7525000000000119,91.84924999999998,94.85925000000003,,,,,,,,,,,,,,,,,,,,,,,,,,,,,,,,,,
350,LO,COMAZZO,PO0980200U0003,2009-02-01,99.238,soggiacenza statica,5.5,93.738,5.5075,6.26,92.978,93.7305,0.7525000000000119,91.84924999999998,94.85925000000003,,,,,,,,,,,,,,,,,,,,,,,,,,,,,,,,,,
351,LO,COMAZZO,PO0980200U0003,2009-03-01,99.238,soggiacenza statica,5.75,93.488,5.5075,6.26,92.978,93.7305,0.7525000000000119,91.84924999999998,94.85925000000003,,,,,,,,,,,,,,,,,,,,,,,,,,,,,,,,,,
352,LO,COMAZZO,PO0980200U0003,2009-04-01,99.238,soggiacenza statica,6.1,93.138,5.5075,6.26,92.978,93.7305,0.7525000000000119,91.84924999999998,94.85925000000003,,,,,,,,,,,,,,,,,,,,,,,,,,,,,,,,,,
353,LO,COMAZZO,PO0980200U0003,2009-05-01,99.238,soggiacenza statica,5.75,93.488,5.5075,6.26,92.978,93.7305,0.7525000000000119,91.84924999999998,94.85925000000003,,,,,,,,,,,,,,,,,,,,,,,,,,,,,,,,,,
354,LO,COMAZZO,PO0980200U0003,2009-06-01,99.238,soggiacenza statica,5.8,93.438,5.5075,6.26,92.978,93.7305,0.7525000000000119,91.84924999999998,94.85925000000003,,,,,,,,,,,,,,,,,,,,,,,,,,,,,,,,,,
355,LO,COMAZZO,PO0980200U0003,2009-07-01,99.238,soggiacenza statica,6.05,93.188,5.5075,6.26,92.978,93.7305,0.7525000000000119,91.84924999999998,94.85925000000003,,,,,,,,,,,,,,,,,,,,,,,,,,,,,,,,,,
356,LO,COMAZZO,PO0980200U0003,2009-08-01,99.238,soggiacenza statica,6.32,92.918,5.5075,6.26,92.978,93.7305,0.7525000000000119,91.84924999999998,94.85925000000003,,,,,,,,,,,,,,,,,,,,,,,,,,,,,,,,,,
357,LO,COMAZZO,PO0980200U0003,2009-09-01,99.238,soggiacenza statica,5.11,94.128,5.5075,6.26,92.978,93.7305,0.7525000000000119,91.84924999999998,94.85925000000003,,,,,,,,,,,,,,,,,,,,,,,,,,,,,,,,,,
358,LO,COMAZZO,PO0980200U0003,2009-10-01,99.238,soggiacenza statica,6.56,92.678,5.5075,6.26,92.978,93.7305,0.7525000000000119,91.84924999999998,94.85925000000003,,,,,,,,,,,,,,,,,,,,,,,,,,,,,,,,,,
359,LO,COMAZZO,PO0980200U0003,2009-12-01,99.238,soggiacenza statica,5.72,93.518,5.5075,6.26,92.978,93.7305,0.7525000000000119,91.84924999999998,94.85925000000003,,,,,,,,,,,,,,,,,,,,,,,,,,,,,,,,,,
360,LO,COMAZZO,PO0980200U0003,2010-01-01,99.238,soggiacenza statica,5.9,93.338,5.5075,6.26,92.978,93.7305,0.7525000000000119,91.84924999999998,94.85925000000003,,,,,,,,,,,,,,,,,,,,,,,,,,,,,,,,,,
361,LO,COMAZZO,PO0980200U0003,2010-02-01,99.238,soggiacenza statica,6.5,92.738,5.5075,6.26,92.978,93.7305,0.7525000000000119,91.84924999999998,94.85925000000003,,,,,,,,,,,,,,,,,,,,,,,,,,,,,,,,,,
362,LO,COMAZZO,PO0980200U0003,2010-04-01,99.238,soggiacenza statica,5.8,93.438,5.5075,6.26,92.978,93.7305,0.7525000000000119,91.84924999999998,94.85925000000003,,,,,,,,,,,,,,,,,,,,,,,,,,,,,,,,,,
363,LO,COMAZZO,PO0980200U0003,2010-05-01,99.238,soggiacenza statica,5.0,94.238,5.5075,6.26,92.978,93.7305,0.7525000000000119,91.84924999999998,94.85925000000003,,,,,,,,,,,,,,,,,,,,,,,,,,,,,,,,,,
364,LO,COMAZZO,PO0980200U0003,2010-06-01,99.238,soggiacenza statica,5.9,93.338,5.5075,6.26,92.978,93.7305,0.7525000000000119,91.84924999999998,94.85925000000003,,,,,,,,,,,,,,,,,,,,,,,,,,,,,,,,,,
365,LO,COMAZZO,PO0980200U0003,2010-07-01,99.238,soggiacenza statica,5.8,93.438,5.5075,6.26,92.978,93.7305,0.7525000000000119,91.84924999999998,94.85925000000003,,,,,,,,,,,,,,,,,,,,,,,,,,,,,,,,,,
366,LO,COMAZZO,PO0980200U0003,2010-08-01,99.238,soggiacenza statica,6.52,92.718,5.5075,6.26,92.978,93.7305,0.7525000000000119,91.84924999999998,94.85925000000003,,,,,,,,,,,,,,,,,,,,,,,,,,,,,,,,,,
367,LO,COMAZZO,PO0980200U0003,2010-09-01,99.238,soggiacenza statica,5.53,93.708,5.5075,6.26,92.978,93.7305,0.7525000000000119,91.84924999999998,94.85925000000003,,,,,,,,,,,,,,,,,,,,,,,,,,,,,,,,,,
368,LO,COMAZZO,PO0980200U0003,2010-10-01,99.238,soggiacenza statica,5.8,93.438,5.5075,6.26,92.978,93.7305,0.7525000000000119,91.84924999999998,94.85925000000003,,,,,,,,,,,,,,,,,,,,,,,,,,,,,,,,,,
369,LO,COMAZZO,PO0980200U0003,2010-11-01,99.238,soggiacenza statica,5.9,93.338,5.5075,6.26,92.978,93.7305,0.7525000000000119,91.84924999999998,94.85925000000003,,,,,,,,,,,,,,,,,,,,,,,,,,,,,,,,,,
370,LO,COMAZZO,PO0980200U0003,2010-12-01,99.238,soggiacenza statica,6.1,93.138,5.5075,6.26,92.978,93.7305,0.7525000000000119,91.84924999999998,94.85925000000003,,,,,,,,,,,,,,,,,,,,,,,,,,,,,,,,,,
371,LO,COMAZZO,PO0980200U0003,2011-01-01,99.238,soggiacenza statica,5.8,93.438,5.5075,6.26,92.978,93.7305,0.7525000000000119,91.84924999999998,94.85925000000003,,,,,,,,,,,,,,,,,,,,,,,,,,,,,,,,,,
372,LO,COMAZZO,PO0980200U0003,2011-02-01,99.238,soggiacenza statica,6.0,93.238,5.5075,6.26,92.978,93.7305,0.7525000000000119,91.84924999999998,94.85925000000003,,,,,,,,,,,,,,,,,,,,,,,,,,,,,,,,,,
373,LO,COMAZZO,PO0980200U0003,2011-03-01,99.238,soggiacenza statica,6.0,93.238,5.5075,6.26,92.978,93.7305,0.7525000000000119,91.84924999999998,94.85925000000003,,,,,,,,,,,,,,,,,,,,,,,,,,,,,,,,,,
374,LO,COMAZZO,PO0980200U0003,2011-04-01,99.238,soggiacenza statica,6.0,93.238,5.5075,6.26,92.978,93.7305,0.7525000000000119,91.84924999999998,94.85925000000003,,,,,,,,,,,,,,,,,,,,,,,,,,,,,,,,,,
375,LO,COMAZZO,PO0980200U0003,2011-05-01,99.238,soggiacenza statica,6.0,93.238,5.5075,6.26,92.978,93.7305,0.7525000000000119,91.84924999999998,94.85925000000003,,,,,,,,,,,,,,,,,,,,,,,,,,,,,,,,,,
376,LO,COMAZZO,PO0980200U0003,2011-06-01,99.238,soggiacenza statica,5.8,93.438,5.5075,6.26,92.978,93.7305,0.7525000000000119,91.84924999999998,94.85925000000003,,,,,,,,,,,,,,,,,,,,,,,,,,,,,,,,,,
377,LO,COMAZZO,PO0980200U0003,2011-07-01,99.238,soggiacenza statica,5.3,93.938,5.5075,6.26,92.978,93.7305,0.7525000000000119,91.84924999999998,94.85925000000003,,,,,,,,,,,,,,,,,,,,,,,,,,,,,,,,,,
378,LO,COMAZZO,PO0980200U0003,2011-08-01,99.238,soggiacenza statica,5.35,93.888,5.5075,6.26,92.978,93.7305,0.7525000000000119,91.84924999999998,94.85925000000003,,,,,,,,,,,,,,,,,,,,,,,,,,,,,,,,,,
379,LO,COMAZZO,PO0980200U0003,2011-09-01,99.238,soggiacenza statica,5.4,93.838,5.5075,6.26,92.978,93.7305,0.7525000000000119,91.84924999999998,94.85925000000003,,,,,,,,,,,,,,,,,,,,,,,,,,,,,,,,,,
380,LO,COMAZZO,PO0980200U0003,2011-10-01,99.238,soggiacenza statica,5.45,93.788,5.5075,6.26,92.978,93.7305,0.7525000000000119,91.84924999999998,94.85925000000003,,,,,,,,,,,,,,,,,,,,,,,,,,,,,,,,,,
381,LO,COMAZZO,PO0980200U0003,2011-11-01,99.238,soggiacenza statica,5.6,93.638,5.5075,6.26,92.978,93.7305,0.7525000000000119,91.84924999999998,94.85925000000003,,,,,,,,,,,,,,,,,,,,,,,,,,,,,,,,,,
382,LO,COMAZZO,PO0980200U0003,2011-12-01,99.238,soggiacenza statica,5.5,93.738,5.5075,6.26,92.978,93.7305,0.7525000000000119,91.84924999999998,94.85925000000003,,,,,,,,,,,,,,,,,,,,,,,,,,,,,,,,,,
383,LO,COMAZZO,PO0980200U0003,2012-01-01,99.238,soggiacenza statica,6.1,93.138,5.5075,6.26,92.978,93.7305,0.7525000000000119,91.84924999999998,94.85925000000003,,,,,,,,,,,,,,,,,,,,,,,,,,,,,,,,,,
384,LO,COMAZZO,PO0980200U0003,2012-02-01,99.238,soggiacenza statica,6.3,92.938,5.5075,6.26,92.978,93.7305,0.7525000000000119,91.84924999999998,94.85925000000003,,,,,,,,,,,,,,,,,,,,,,,,,,,,,,,,,,
385,LO,COMAZZO,PO0980200U0003,2012-03-01,99.238,soggiacenza statica,6.4,92.838,5.5075,6.26,92.978,93.7305,0.7525000000000119,91.84924999999998,94.85925000000003,,,,,,,,,,,,,,,,,,,,,,,,,,,,,,,,,,
386,LO,COMAZZO,PO0980200U0003,2012-04-01,99.238,soggiacenza statica,6.4,92.838,5.5075,6.26,92.978,93.7305,0.7525000000000119,91.84924999999998,94.85925000000003,,,,,,,,,,,,,,,,,,,,,,,,,,,,,,,,,,
387,LO,COMAZZO,PO0980200U0003,2012-05-01,99.238,soggiacenza statica,6.45,92.788,5.5075,6.26,92.978,93.7305,0.7525000000000119,91.84924999999998,94.85925000000003,,,,,,,,,,,,,,,,,,,,,,,,,,,,,,,,,,
388,LO,COMAZZO,PO0980200U0003,2012-06-01,99.238,soggiacenza statica,6.0,93.238,5.5075,6.26,92.978,93.7305,0.7525000000000119,91.84924999999998,94.85925000000003,,,,,,,,,,,,,,,,,,,,,,,,,,,,,,,,,,
389,LO,COMAZZO,PO0980200U0003,2012-07-01,99.238,soggiacenza statica,6.0,93.238,5.5075,6.26,92.978,93.7305,0.7525000000000119,91.84924999999998,94.85925000000003,,,,,,,,,,,,,,,,,,,,,,,,,,,,,,,,,,
390,LO,COMAZZO,PO0980200U0003,2012-08-01,99.238,soggiacenza statica,6.3,92.938,5.5075,6.26,92.978,93.7305,0.7525000000000119,91.84924999999998,94.85925000000003,,,,,,,,,,,,,,,,,,,,,,,,,,,,,,,,,,
391,LO,COMAZZO,PO0980200U0003,2012-09-01,99.238,soggiacenza statica,6.0,93.238,5.5075,6.26,92.978,93.7305,0.7525000000000119,91.84924999999998,94.85925000000003,,,,,,,,,,,,,,,,,,,,,,,,,,,,,,,,,,
392,LO,COMAZZO,PO0980200U0003,2012-10-01,99.238,soggiacenza statica,6.0,93.238,5.5075,6.26,92.978,93.7305,0.7525000000000119,91.84924999999998,94.85925000000003,,,,,,,,,,,,,,,,,,,,,,,,,,,,,,,,,,
393,LO,COMAZZO,PO0980200U0003,2012-11-03,99.238,soggiacenza statica,6.25,92.988,5.5075,6.26,92.978,93.7305,0.7525000000000119,91.84924999999998,94.85925000000003,,,,,,,,,,,,,,,,,,,,,,,,,,,,,,,,,,
394,LO,COMAZZO,PO0980200U0003,2012-12-01,99.238,soggiacenza statica,5.3,93.938,5.5075,6.26,92.978,93.7305,0.7525000000000119,91.84924999999998,94.85925000000003,,,,,,,,,,,,,,,,,,,,,,,,,,,,,,,,,,
395,LO,COMAZZO,PO0980200U0003,2013-01-07,99.238,soggiacenza statica,5.3,93.938,5.5075,6.26,92.978,93.7305,0.7525000000000119,91.84924999999998,94.85925000000003,,,,,,,,,,,,,,,,,,,,,,,,,,,,,,,,,,
396,LO,COMAZZO,PO0980200U0003,2013-02-01,99.238,soggiacenza statica,5.3,93.938,5.5075,6.26,92.978,93.7305,0.7525000000000119,91.84924999999998,94.85925000000003,,,,,,,,,,,,,,,,,,,,,,,,,,,,,,,,,,
397,LO,COMAZZO,PO0980200U0003,2013-03-01,99.238,soggiacenza statica,5.4,93.838,5.5075,6.26,92.978,93.7305,0.7525000000000119,91.84924999999998,94.85925000000003,,,,,,,,,,,,,,,,,,,,,,,,,,,,,,,,,,
398,LO,COMAZZO,PO0980200U0003,2013-04-01,99.238,soggiacenza statica,5.3,93.938,5.5075,6.26,92.978,93.7305,0.7525000000000119,91.84924999999998,94.85925000000003,,,,,,,,,,,,,,,,,,,,,,,,,,,,,,,,,,
399,LO,COMAZZO,PO0980200U0003,2013-05-01,99.238,soggiacenza statica,5.3,93.938,5.5075,6.26,92.978,93.7305,0.7525000000000119,91.84924999999998,94.85925000000003,,,,,,,,,,,,,,,,,,,,,,,,,,,,,,,,,,
400,LO,COMAZZO,PO0980200U0003,2013-06-03,99.238,soggiacenza statica,5.45,93.788,5.5075,6.26,92.978,93.7305,0.7525000000000119,91.84924999999998,94.85925000000003,,,,,,,,,,,,,,,,,,,,,,,,,,,,,,,,,,
401,LO,COMAZZO,PO0980200U0003,2013-07-01,99.238,soggiacenza statica,5.4,93.838,5.5075,6.26,92.978,93.7305,0.7525000000000119,91.84924999999998,94.85925000000003,,,,,,,,,,,,,,,,,,,,,,,,,,,,,,,,,,
402,LO,COMAZZO,PO0980200U0003,2013-08-01,99.238,soggiacenza statica,5.3,93.938,5.5075,6.26,92.978,93.7305,0.7525000000000119,91.84924999999998,94.85925000000003,,,,,,,,,,,,,,,,,,,,,,,,,,,,,,,,,,
403,LO,COMAZZO,PO0980200U0003,2013-09-02,99.238,soggiacenza statica,5.4,93.838,5.5075,6.26,92.978,93.7305,0.7525000000000119,91.84924999999998,94.85925000000003,,,,,,,,,,,,,,,,,,,,,,,,,,,,,,,,,,
404,LO,COMAZZO,PO0980200U0003,2013-10-01,99.238,soggiacenza statica,5.6,93.638,5.5075,6.26,92.978,93.7305,0.7525000000000119,91.84924999999998,94.85925000000003,,,,,,,,,,,,,,,,,,,,,,,,,,,,,,,,,,
405,LO,COMAZZO,PO0980200U0003,2013-11-04,99.238,soggiacenza statica,5.95,93.288,5.5075,6.26,92.978,93.7305,0.7525000000000119,91.84924999999998,94.85925000000003,,,,,,,,,,,,,,,,,,,,,,,,,,,,,,,,,,
406,LO,COMAZZO,PO0980200U0003,2013-12-02,99.238,soggiacenza statica,5.45,93.788,5.5075,6.26,92.978,93.7305,0.7525000000000119,91.84924999999998,94.85925000000003,,,,,,,,,,,,,,,,,,,,,,,,,,,,,,,,,,
407,LO,COMAZZO,PO0980200U0003,2014-01-01,99.238,soggiacenza statica,5.4,93.838,5.5075,6.26,92.978,93.7305,0.7525000000000119,91.84924999999998,94.85925000000003,,,,,,,,,,,,,,,,,,,,,,,,,,,,,,,,,,
408,LO,COMAZZO,PO0980200U0003,2014-02-01,99.238,soggiacenza statica,5.5,93.738,5.5075,6.26,92.978,93.7305,0.7525000000000119,91.84924999999998,94.85925000000003,,,,,,,,,,,,,,,,,,,,,,,,,,,,,,,,,,
409,LO,COMAZZO,PO0980200U0003,2014-03-01,99.238,soggiacenza statica,5.45,93.788,5.5075,6.26,92.978,93.7305,0.7525000000000119,91.84924999999998,94.85925000000003,,,,,,,,,,,,,,,,,,,,,,,,,,,,,,,,,,
410,LO,COMAZZO,PO0980200U0003,2014-04-01,99.238,soggiacenza statica,5.5,93.738,5.5075,6.26,92.978,93.7305,0.7525000000000119,91.84924999999998,94.85925000000003,,,,,,,,,,,,,,,,,,,,,,,,,,,,,,,,,,
411,LO,COMAZZO,PO0980200U0003,2014-05-01,99.238,soggiacenza statica,5.6,93.638,5.5075,6.26,92.978,93.7305,0.7525000000000119,91.84924999999998,94.85925000000003,,,,,,,,,,,,,,,,,,,,,,,,,,,,,,,,,,
412,LO,COMAZZO,PO0980200U0003,2014-06-16,99.238,soggiacenza statica,5.36,93.878,5.5075,6.26,92.978,93.7305,0.7525000000000119,91.84924999999998,94.85925000000003,,,,,,,,,,,,,,,,,,,,,,,,,,,,,,,,,,
413,LO,COMAZZO,PO0980200U0003,2014-07-01,99.238,soggiacenza statica,5.3,93.938,5.5075,6.26,92.978,93.7305,0.7525000000000119,91.84924999999998,94.85925000000003,,,,,,,,,,,,,,,,,,,,,,,,,,,,,,,,,,
414,LO,COMAZZO,PO0980200U0003,2014-08-01,99.238,soggiacenza statica,5.3,93.938,5.5075,6.26,92.978,93.7305,0.7525000000000119,91.84924999999998,94.85925000000003,,,,,,,,,,,,,,,,,,,,,,,,,,,,,,,,,,
415,LO,COMAZZO,PO0980200U0003,2014-09-01,99.238,soggiacenza statica,5.5,93.738,5.5075,6.26,92.978,93.7305,0.7525000000000119,91.84924999999998,94.85925000000003,,,,,,,,,,,,,,,,,,,,,,,,,,,,,,,,,,
416,LO,COMAZZO,PO0980200U0003,2014-10-01,99.238,soggiacenza statica,5.8,93.438,5.5075,6.26,92.978,93.7305,0.7525000000000119,91.84924999999998,94.85925000000003,,,,,,,,,,,,,,,,,,,,,,,,,,,,,,,,,,
417,LO,COMAZZO,PO0980200U0003,2014-11-01,99.238,soggiacenza statica,5.6,93.638,5.5075,6.26,92.978,93.7305,0.7525000000000119,91.84924999999998,94.85925000000003,,,,,,,,,,,,,,,,,,,,,,,,,,,,,,,,,,
418,LO,COMAZZO,PO0980200U0003,2014-12-01,99.238,soggiacenza statica,5.5,93.738,5.5075,6.26,92.978,93.7305,0.7525000000000119,91.84924999999998,94.85925000000003,,,,,,,,,,,,,,,,,,,,,,,,,,,,,,,,,,
419,LO,COMAZZO,PO0980200U0003,2015-01-01,99.238,soggiacenza statica,5.66,93.578,5.5075,6.26,92.978,93.7305,0.7525000000000119,91.84924999999998,94.85925000000003,,,,,,,,,,,,,,,,,,,,,,,,,,,,,,,,,,
420,LO,COMAZZO,PO0980200U0003,2015-02-01,99.238,soggiacenza statica,5.96,93.278,5.5075,6.26,92.978,93.7305,0.7525000000000119,91.84924999999998,94.85925000000003,,,,,,,,,,,,,,,,,,,,,,,,,,,,,,,,,,
421,LO,COMAZZO,PO0980200U0003,2015-03-01,99.238,soggiacenza statica,6.06,93.178,5.5075,6.26,92.978,93.7305,0.7525000000000119,91.84924999999998,94.85925000000003,,,,,,,,,,,,,,,,,,,,,,,,,,,,,,,,,,
422,LO,COMAZZO,PO0980200U0003,2015-04-01,99.238,soggiacenza statica,6.26,92.978,5.5075,6.26,92.978,93.7305,0.7525000000000119,91.84924999999998,94.85925000000003,,,,,,,,,,,,,,,,,,,,,,,,,,,,,,,,,,
423,LO,COMAZZO,PO0980200U0003,2015-05-01,99.238,soggiacenza statica,6.16,93.078,5.5075,6.26,92.978,93.7305,0.7525000000000119,91.84924999999998,94.85925000000003,,,,,,,,,,,,,,,,,,,,,,,,,,,,,,,,,,
424,LO,COMAZZO,PO0980200U0003,2015-06-01,99.238,soggiacenza statica,5.91,93.328,5.5075,6.26,92.978,93.7305,0.7525000000000119,91.84924999999998,94.85925000000003,,,,,,,,,,,,,,,,,,,,,,,,,,,,,,,,,,
425,LO,COMAZZO,PO0980200U0003,2015-07-01,99.238,soggiacenza statica,5.31,93.928,5.5075,6.26,92.978,93.7305,0.7525000000000119,91.84924999999998,94.85925000000003,,,,,,,,,,,,,,,,,,,,,,,,,,,,,,,,,,
426,LO,COMAZZO,PO0980200U0003,2015-08-01,99.238,soggiacenza statica,5.26,93.978,5.5075,6.26,92.978,93.7305,0.7525000000000119,91.84924999999998,94.85925000000003,,,,,,,,,,,,,,,,,,,,,,,,,,,,,,,,,,
427,LO,COMAZZO,PO0980200U0003,2015-09-01,99.238,soggiacenza statica,5.36,93.878,5.5075,6.26,92.978,93.7305,0.7525000000000119,91.84924999999998,94.85925000000003,,,,,,,,,,,,,,,,,,,,,,,,,,,,,,,,,,
428,LO,COMAZZO,PO0980200U0003,2015-10-01,99.238,soggiacenza statica,5.26,93.978,5.5075,6.26,92.978,93.7305,0.7525000000000119,91.84924999999998,94.85925000000003,,,,,,,,,,,,,,,,,,,,,,,,,,,,,,,,,,
429,LO,COMAZZO,PO0980200U0003,2015-11-01,99.238,soggiacenza statica,5.56,93.678,5.5075,6.26,92.978,93.7305,0.7525000000000119,91.84924999999998,94.85925000000003,,,,,,,,,,,,,,,,,,,,,,,,,,,,,,,,,,
430,LO,COMAZZO,PO0980200U0003,2015-12-01,99.238,soggiacenza statica,5.71,93.528,5.5075,6.26,92.978,93.7305,0.7525000000000119,91.84924999999998,94.85925000000003,,,,,,,,,,,,,,,,,,,,,,,,,,,,,,,,,,
431,LO,COMAZZO,PO0980200U0003,2016-01-01,99.238,soggiacenza statica,5.96,93.278,5.5075,6.26,92.978,93.7305,0.7525000000000119,91.84924999999998,94.85925000000003,,,,,,,,,,,,,,,,,,,,,,,,,,,,,,,,,,
432,LO,COMAZZO,PO0980200U0003,2016-02-01,99.238,soggiacenza statica,6.06,93.178,5.5075,6.26,92.978,93.7305,0.7525000000000119,91.84924999999998,94.85925000000003,,,,,,,,,,,,,,,,,,,,,,,,,,,,,,,,,,
433,LO,COMAZZO,PO0980200U0003,2016-03-01,99.238,soggiacenza statica,6.01,93.228,5.5075,6.26,92.978,93.7305,0.7525000000000119,91.84924999999998,94.85925000000003,,,,,,,,,,,,,,,,,,,,,,,,,,,,,,,,,,
434,LO,COMAZZO,PO0980200U0003,2016-04-01,99.238,soggiacenza statica,6.01,93.228,5.5075,6.26,92.978,93.7305,0.7525000000000119,91.84924999999998,94.85925000000003,,,,,,,,,,,,,,,,,,,,,,,,,,,,,,,,,,
435,LO,COMAZZO,PO0980200U0003,2016-05-01,99.238,soggiacenza statica,6.06,93.178,5.5075,6.26,92.978,93.7305,0.7525000000000119,91.84924999999998,94.85925000000003,,,,,,,,,,,,,,,,,,,,,,,,,,,,,,,,,,
436,LO,COMAZZO,PO0980200U0003,2016-06-01,99.238,soggiacenza statica,5.86,93.378,5.5075,6.26,92.978,93.7305,0.7525000000000119,91.84924999999998,94.85925000000003,,,,,,,,,,,,,,,,,,,,,,,,,,,,,,,,,,
437,LO,COMAZZO,PO0980200U0003,2016-07-01,99.238,soggiacenza statica,6.06,93.178,5.5075,6.26,92.978,93.7305,0.7525000000000119,91.84924999999998,94.85925000000003,,,,,,,,,,,,,,,,,,,,,,,,,,,,,,,,,,
438,LO,COMAZZO,PO0980200U0003,2016-08-01,99.238,soggiacenza statica,5.76,93.478,5.5075,6.26,92.978,93.7305,0.7525000000000119,91.84924999999998,94.85925000000003,,,,,,,,,,,,,,,,,,,,,,,,,,,,,,,,,,
439,LO,COMAZZO,PO0980200U0003,2016-09-01,99.238,soggiacenza statica,5.86,93.378,5.5075,6.26,92.978,93.7305,0.7525000000000119,91.84924999999998,94.85925000000003,,,,,,,,,,,,,,,,,,,,,,,,,,,,,,,,,,
440,LO,COMAZZO,PO0980200U0003,2016-10-01,99.238,soggiacenza statica,6.06,93.178,5.5075,6.26,92.978,93.7305,0.7525000000000119,91.84924999999998,94.85925000000003,,,,,,,,,,,,,,,,,,,,,,,,,,,,,,,,,,
441,LO,COMAZZO,PO0980200U0003,2016-11-01,99.238,soggiacenza statica,6.06,93.178,5.5075,6.26,92.978,93.7305,0.7525000000000119,91.84924999999998,94.85925000000003,,,,,,,,,,,,,,,,,,,,,,,,,,,,,,,,,,
442,LO,COMAZZO,PO0980200U0003,2016-12-01,99.238,soggiacenza statica,5.36,93.878,5.5075,6.26,92.978,93.7305,0.7525000000000119,91.84924999999998,94.85925000000003,,,,,,,,,,,,,,,,,,,,,,,,,,,,,,,,,,
443,LO,COMAZZO,PO0980200U0003,2017-01-01,99.238,soggiacenza statica,4.86,94.378,5.5075,6.26,92.978,93.7305,0.7525000000000119,91.84924999999998,94.85925000000003,,,,,,,,,,,,,,,,,,,,,,,,,,,,,,,,,,
444,LO,COMAZZO,PO0980200U0003,2017-03-01,99.238,soggiacenza statica,6.26,92.978,5.5075,6.26,92.978,93.7305,0.7525000000000119,91.84924999999998,94.85925000000003,,,,,,,,,,,,,,,,,,,,,,,,,,,,,,,,,,
445,LO,COMAZZO,PO0980200U0003,2017-04-01,99.238,soggiacenza statica,6.86,92.378,5.5075,6.26,92.978,93.7305,0.7525000000000119,91.84924999999998,94.85925000000003,,,,,,,,,,,,,,,,,,,,,,,,,,,,,,,,,,
446,LO,COMAZZO,PO0980200U0003,2017-05-01,99.238,soggiacenza statica,6.86,92.378,5.5075,6.26,92.978,93.7305,0.7525000000000119,91.84924999999998,94.85925000000003,,,,,,,,,,,,,,,,,,,,,,,,,,,,,,,,,,
447,LO,COMAZZO,PO0980200U0003,2017-06-01,99.238,soggiacenza statica,6.76,92.478,5.5075,6.26,92.978,93.7305,0.7525000000000119,91.84924999999998,94.85925000000003,,,,,,,,,,,,,,,,,,,,,,,,,,,,,,,,,,
448,LO,COMAZZO,PO0980200U0003,2017-07-01,99.238,soggiacenza statica,6.86,92.378,5.5075,6.26,92.978,93.7305,0.7525000000000119,91.84924999999998,94.85925000000003,,,,,,,,,,,,,,,,,,,,,,,,,,,,,,,,,,
449,LO,COMAZZO,PO0980200U0003,2017-08-01,99.238,soggiacenza statica,6.26,92.978,5.5075,6.26,92.978,93.7305,0.7525000000000119,91.84924999999998,94.85925000000003,,,,,,,,,,,,,,,,,,,,,,,,,,,,,,,,,,
450,LO,COMAZZO,PO0980200U0003,2017-09-01,99.238,soggiacenza statica,6.86,92.378,5.5075,6.26,92.978,93.7305,0.7525000000000119,91.84924999999998,94.85925000000003,,,,,,,,,,,,,,,,,,,,,,,,,,,,,,,,,,
451,LO,COMAZZO,PO0980200U0003,2017-10-01,99.238,soggiacenza statica,6.26,92.978,5.5075,6.26,92.978,93.7305,0.7525000000000119,91.84924999999998,94.85925000000003,,,,,,,,,,,,,,,,,,,,,,,,,,,,,,,,,,
452,LO,COMAZZO,PO0980200U0003,2017-11-01,99.238,soggiacenza statica,5.79,93.448,5.5075,6.26,92.978,93.7305,0.7525000000000119,91.84924999999998,94.85925000000003,,,,,,,,,,,,,,,,,,,,,,,,,,,,,,,,,,
453,LO,COMAZZO,PO0980200U0003,2017-12-01,99.238,soggiacenza statica,6.16,93.078,5.5075,6.26,92.978,93.7305,0.7525000000000119,91.84924999999998,94.85925000000003,,,,,,,,,,,,,,,,,,,,,,,,,,,,,,,,,,
454,LO,COMAZZO,PO0980200U0003,2018-01-01,99.238,soggiacenza statica,6.26,92.978,5.5075,6.26,92.978,93.7305,0.7525000000000119,91.84924999999998,94.85925000000003,,,,,,,,,,,,,,,,,,,,,,,,,,,,,,,,,,
455,LO,COMAZZO,PO0980200U0003,2018-02-01,99.238,soggiacenza statica,6.41,92.828,5.5075,6.26,92.978,93.7305,0.7525000000000119,91.84924999999998,94.85925000000003,,,,,,,,,,,,,,,,,,,,,,,,,,,,,,,,,,
456,LO,COMAZZO,PO0980200U0003,2018-03-01,99.238,soggiacenza statica,6.26,92.978,5.5075,6.26,92.978,93.7305,0.7525000000000119,91.84924999999998,94.85925000000003,,,,,,,,,,,,,,,,,,,,,,,,,,,,,,,,,,
457,LO,COMAZZO,PO0980200U0003,2018-04-01,99.238,soggiacenza statica,6.16,93.078,5.5075,6.26,92.978,93.7305,0.7525000000000119,91.84924999999998,94.85925000000003,,,,,,,,,,,,,,,,,,,,,,,,,,,,,,,,,,
458,LO,COMAZZO,PO0980200U0003,2018-05-01,99.238,soggiacenza statica,6.26,92.978,5.5075,6.26,92.978,93.7305,0.7525000000000119,91.84924999999998,94.85925000000003,,,,,,,,,,,,,,,,,,,,,,,,,,,,,,,,,,
459,LO,COMAZZO,PO0980200U0003,2018-06-01,99.238,soggiacenza statica,5.46,93.778,5.5075,6.26,92.978,93.7305,0.7525000000000119,91.84924999999998,94.85925000000003,,,,,,,,,,,,,,,,,,,,,,,,,,,,,,,,,,
460,LO,COMAZZO,PO0980200U0003,2018-07-01,99.238,soggiacenza statica,4.51,94.728,5.5075,6.26,92.978,93.7305,0.7525000000000119,91.84924999999998,94.85925000000003,,,,,,,,,,,,,,,,,,,,,,,,,,,,,,,,,,
461,LO,COMAZZO,PO0980200U0003,2018-08-01,99.238,soggiacenza statica,6.06,93.178,5.5075,6.26,92.978,93.7305,0.7525000000000119,91.84924999999998,94.85925000000003,,,,,,,,,,,,,,,,,,,,,,,,,,,,,,,,,,
462,LO,COMAZZO,PO0980200U0003,2018-09-01,99.238,soggiacenza statica,6.11,93.128,5.5075,6.26,92.978,93.7305,0.7525000000000119,91.84924999999998,94.85925000000003,,,,,,,,,,,,,,,,,,,,,,,,,,,,,,,,,,
463,LO,COMAZZO,PO0980200U0003,2018-10-01,99.238,soggiacenza statica,6.11,93.128,5.5075,6.26,92.978,93.7305,0.7525000000000119,91.84924999999998,94.85925000000003,,,,,,,,,,,,,,,,,,,,,,,,,,,,,,,,,,
464,LO,COMAZZO,PO0980200U0003,2018-11-01,99.238,soggiacenza statica,6.16,93.078,5.5075,6.26,92.978,93.7305,0.7525000000000119,91.84924999999998,94.85925000000003,,,,,,,,,,,,,,,,,,,,,,,,,,,,,,,,,,
465,LO,COMAZZO,PO0980200U0003,2018-12-01,99.238,soggiacenza statica,6.16,93.078,5.5075,6.26,92.978,93.7305,0.7525000000000119,91.84924999999998,94.85925000000003,,,,,,,,,,,,,,,,,,,,,,,,,,,,,,,,,,
466,LO,COMAZZO,PO0980200U0003,2019-01-01,99.238,soggiacenza statica,5.96,93.278,5.5075,6.26,92.978,93.7305,0.7525000000000119,91.84924999999998,94.85925000000003,,,,,,,,,,,,,,,,,,,,,,,,,,,,,,,,,,
467,LO,COMAZZO,PO0980200U0003,2019-02-01,99.238,soggiacenza statica,6.06,93.178,5.5075,6.26,92.978,93.7305,0.7525000000000119,91.84924999999998,94.85925000000003,,,,,,,,,,,,,,,,,,,,,,,,,,,,,,,,,,
468,LO,COMAZZO,PO0980200U0003,2019-03-01,99.238,soggiacenza statica,6.11,93.128,5.5075,6.26,92.978,93.7305,0.7525000000000119,91.84924999999998,94.85925000000003,,,,,,,,,,,,,,,,,,,,,,,,,,,,,,,,,,
469,LO,COMAZZO,PO0980200U0003,2019-04-01,99.238,soggiacenza statica,6.01,93.228,5.5075,6.26,92.978,93.7305,0.7525000000000119,91.84924999999998,94.85925000000003,,,,,,,,,,,,,,,,,,,,,,,,,,,,,,,,,,
470,LO,COMAZZO,PO0980200U0003,2019-05-01,99.238,soggiacenza statica,6.06,93.178,5.5075,6.26,92.978,93.7305,0.7525000000000119,91.84924999999998,94.85925000000003,,,,,,,,,,,,,,,,,,,,,,,,,,,,,,,,,,
471,LO,COMAZZO,PO0980200U0003,2019-06-01,99.238,soggiacenza statica,5.86,93.378,5.5075,6.26,92.978,93.7305,0.7525000000000119,91.84924999999998,94.85925000000003,,,,,,,,,,,,,,,,,,,,,,,,,,,,,,,,,,
472,LO,COMAZZO,PO0980200U0003,2019-07-01,99.238,soggiacenza statica,5.46,93.778,5.5075,6.26,92.978,93.7305,0.7525000000000119,91.84924999999998,94.85925000000003,,,,,,,,,,,,,,,,,,,,,,,,,,,,,,,,,,
473,LO,COMAZZO,PO0980200U0003,2019-08-01,99.238,soggiacenza statica,6.86,92.378,5.5075,6.26,92.978,93.7305,0.7525000000000119,91.84924999999998,94.85925000000003,,,,,,,,,,,,,,,,,,,,,,,,,,,,,,,,,,
474,LO,COMAZZO,PO0980200U0003,2019-09-01,99.238,soggiacenza statica,5.79,93.448,5.5075,6.26,92.978,93.7305,0.7525000000000119,91.84924999999998,94.85925000000003,,,,,,,,,,,,,,,,,,,,,,,,,,,,,,,,,,
475,LO,COMAZZO,PO0980200U0003,2019-10-01,99.238,soggiacenza statica,6.26,92.978,5.5075,6.26,92.978,93.7305,0.7525000000000119,91.84924999999998,94.85925000000003,,,,,,,,,,,,,,,,,,,,,,,,,,,,,,,,,,
476,LO,COMAZZO,PO0980200U0003,2019-11-01,99.238,soggiacenza statica,6.16,93.078,5.5075,6.26,92.978,93.7305,0.7525000000000119,91.84924999999998,94.85925000000003,,,,,,,,,,,,,,,,,,,,,,,,,,,,,,,,,,
477,LO,COMAZZO,PO0980200U0003,2019-12-01,99.238,soggiacenza statica,6.16,93.078,5.5075,6.26,92.978,93.7305,0.7525000000000119,91.84924999999998,94.85925000000003,,,,,,,,,,,,,,,,,,,,,,,,,,,,,,,,,,
478,LO,COMAZZO,PO0980200U0003,2020-01-01,99.238,soggiacenza statica,6.86,92.378,5.5075,6.26,92.978,93.7305,0.7525000000000119,91.84924999999998,94.85925000000003,,,,,,,,,,,,,,,,,,,,,,,,,,,,,,,,,,
479,LO,COMAZZO,PO0980200U0003,2020-02-01,99.238,soggiacenza statica,6.16,93.078,5.5075,6.26,92.978,93.7305,0.7525000000000119,91.84924999999998,94.85925000000003,,,,,,,,,,,,,,,,,,,,,,,,,,,,,,,,,,
480,LO,COMAZZO,PO0980200U0003,2020-03-01,99.238,soggiacenza statica,6.86,92.378,5.5075,6.26,92.978,93.7305,0.7525000000000119,91.84924999999998,94.85925000000003,,,,,,,,,,,,,,,,,,,,,,,,,,,,,,,,,,
481,LO,COMAZZO,PO0980200U0003,2020-04-01,99.238,soggiacenza statica,6.41,92.828,5.5075,6.26,92.978,93.7305,0.7525000000000119,91.84924999999998,94.85925000000003,,,,,,,,,,,,,,,,,,,,,,,,,,,,,,,,,,
482,LO,COMAZZO,PO0980200U0003,2020-05-01,99.238,soggiacenza statica,6.86,92.378,5.5075,6.26,92.978,93.7305,0.7525000000000119,91.84924999999998,94.85925000000003,,,,,,,,,,,,,,,,,,,,,,,,,,,,,,,,,,
