,PROVINCIA,COMUNE,CODICE PUNTO,DATA,Qr[m s.l.m.],DESCRIZIONE,SOGGIACENZA [m],PIEZOMETRIA [m s.l.m.],1Q_PIEZO,3Q_PIEZO,INT_Q_PIEZO,INF,SUP,OUTLIER_PIEZO,1Q_SOGG,3Q_SOGG,Unnamed: 16,Etichette di riga,1Q_PIEZO.1,3Q_PIEZO.1,1Q_SOGG.1,3Q_SOGG.1
0,SO,MAZZO DI VALTELLINA,PO014040NR0002,2012-02-29,555.078,soggiacenza statica,28.955,526.123,525.4176774193548,528.4055000000001,2.987822580645229,520.9359435483871,532.887233870968, ,26.6725,29.660322580645126,,PO014040NR0002,525.4176774193548,528.4055000000001,26.6725,29.660322580645126
1,SO,MAZZO DI VALTELLINA,PO014040NR0002,2012-03-28,555.078,soggiacenza statica,29.135,525.943,525.4176774193548,528.4055000000001,2.987822580645229,520.9359435483871,532.887233870968, ,26.6725,29.660322580645126,,PO014065NR0010,380.0,380.65,4.1,4.75
2,SO,MAZZO DI VALTELLINA,PO014040NR0002,2012-04-24,555.078,soggiacenza statica,28.635,526.443,525.4176774193548,528.4055000000001,2.987822580645229,520.9359435483871,532.887233870968, ,26.6725,29.660322580645126,,PO0140660U0001,390.6685,394.486,31.29,35.1075
3,SO,MAZZO DI VALTELLINA,PO014040NR0002,2012-05-21,555.078,soggiacenza statica,27.425,527.653,525.4176774193548,528.4055000000001,2.987822580645229,520.9359435483871,532.887233870968, ,26.6725,29.660322580645126,,PO0140780R0001,386.59634408602153,388.5588753745814,7.08112462541865,9.04365591397849
4,SO,MAZZO DI VALTELLINA,PO014040NR0002,2012-06-27,555.078,soggiacenza statica,27.075,528.003,525.4176774193548,528.4055000000001,2.987822580645229,520.9359435483871,532.887233870968, ,26.6725,29.660322580645126,,Totale complessivo,380.65,395.031,4.75,32.379999999999995
5,SO,MAZZO DI VALTELLINA,PO014040NR0002,2012-07-12,555.078,soggiacenza statica,27.175,527.903,525.4176774193548,528.4055000000001,2.987822580645229,520.9359435483871,532.887233870968, ,26.6725,29.660322580645126,,,,,,
6,SO,MAZZO DI VALTELLINA,PO014040NR0002,2012-08-09,555.078,soggiacenza statica,28.415,526.663,525.4176774193548,528.4055000000001,2.987822580645229,520.9359435483871,532.887233870968, ,26.6725,29.660322580645126,,,,,,
7,SO,MAZZO DI VALTELLINA,PO014040NR0002,2012-09-19,555.078,soggiacenza statica,29.475,525.603,525.4176774193548,528.4055000000001,2.987822580645229,520.9359435483871,532.887233870968, ,26.6725,29.660322580645126,,,,,,
8,SO,MAZZO DI VALTELLINA,PO014040NR0002,2012-10-24,555.078,soggiacenza statica,29.075,526.003,525.4176774193548,528.4055000000001,2.987822580645229,520.9359435483871,532.887233870968, ,26.6725,29.660322580645126,,,,,,
9,SO,MAZZO DI VALTELLINA,PO014040NR0002,2012-11-27,555.078,soggiacenza statica,28.175,526.903,525.4176774193548,528.4055000000001,2.987822580645229,520.9359435483871,532.887233870968, ,26.6725,29.660322580645126,,,,,,
10,SO,MAZZO DI VALTELLINA,PO014040NR0002,2012-12-11,555.078,soggiacenza statica,27.975,527.103,525.4176774193548,528.4055000000001,2.987822580645229,520.9359435483871,532.887233870968, ,26.6725,29.660322580645126,,,,,,
11,SO,MAZZO DI VALTELLINA,PO014040NR0002,2013-01-14,555.078,soggiacenza statica,28.275,526.803,525.4176774193548,528.4055000000001,2.987822580645229,520.9359435483871,532.887233870968, ,26.6725,29.660322580645126,,,,,,
12,SO,MAZZO DI VALTELLINA,PO014040NR0002,2013-02-11,555.078,soggiacenza statica,28.725,526.353,525.4176774193548,528.4055000000001,2.987822580645229,520.9359435483871,532.887233870968, ,26.6725,29.660322580645126,,,,,,
13,SO,MAZZO DI VALTELLINA,PO014040NR0002,2013-03-11,555.078,soggiacenza statica,29.265,525.813,525.4176774193548,528.4055000000001,2.987822580645229,520.9359435483871,532.887233870968, ,26.6725,29.660322580645126,,,,,,
14,SO,MAZZO DI VALTELLINA,PO014040NR0002,2013-04-08,555.078,soggiacenza statica,27.795,527.283,525.4176774193548,528.4055000000001,2.987822580645229,520.9359435483871,532.887233870968, ,26.6725,29.660322580645126,,,,,,
15,SO,MAZZO DI VALTELLINA,PO014040NR0002,2013-05-07,555.078,soggiacenza statica,29.235,525.843,525.4176774193548,528.4055000000001,2.987822580645229,520.9359435483871,532.887233870968, ,26.6725,29.660322580645126,,,,,,
16,SO,MAZZO DI VALTELLINA,PO014040NR0002,2013-06-10,555.078,soggiacenza statica,27.755,527.323,525.4176774193548,528.4055000000001,2.987822580645229,520.9359435483871,532.887233870968, ,26.6725,29.660322580645126,,,,,,
17,SO,MAZZO DI VALTELLINA,PO014040NR0002,2013-07-08,555.078,soggiacenza statica,27.495,527.583,525.4176774193548,528.4055000000001,2.987822580645229,520.9359435483871,532.887233870968, ,26.6725,29.660322580645126,,,,,,
18,SO,MAZZO DI VALTELLINA,PO014040NR0002,2013-08-05,555.078,soggiacenza statica,27.195,527.883,525.4176774193548,528.4055000000001,2.987822580645229,520.9359435483871,532.887233870968, ,26.6725,29.660322580645126,,,,,,
19,SO,MAZZO DI VALTELLINA,PO014040NR0002,2013-09-09,555.078,soggiacenza statica,28.105,526.973,525.4176774193548,528.4055000000001,2.987822580645229,520.9359435483871,532.887233870968, ,26.6725,29.660322580645126,,,,,,
20,SO,MAZZO DI VALTELLINA,PO014040NR0002,2013-10-07,555.078,soggiacenza statica,28.706,526.372,525.4176774193548,528.4055000000001,2.987822580645229,520.9359435483871,532.887233870968, ,26.6725,29.660322580645126,,,,,,
21,SO,MAZZO DI VALTELLINA,PO014040NR0002,2013-11-12,555.078,soggiacenza statica,27.255,527.823,525.4176774193548,528.4055000000001,2.987822580645229,520.9359435483871,532.887233870968, ,26.6725,29.660322580645126,,,,,,
22,SO,MAZZO DI VALTELLINA,PO014040NR0002,2013-12-02,555.078,soggiacenza statica,26.325,528.753,525.4176774193548,528.4055000000001,2.987822580645229,520.9359435483871,532.887233870968, ,26.6725,29.660322580645126,,,,,,
23,SO,MAZZO DI VALTELLINA,PO014040NR0002,2014-01-27,555.078,soggiacenza statica,26.385,528.693,525.4176774193548,528.4055000000001,2.987822580645229,520.9359435483871,532.887233870968, ,26.6725,29.660322580645126,,,,,,
24,SO,MAZZO DI VALTELLINA,PO014040NR0002,2014-02-24,555.078,soggiacenza statica,25.61,529.468,525.4176774193548,528.4055000000001,2.987822580645229,520.9359435483871,532.887233870968, ,26.6725,29.660322580645126,,,,,,
25,SO,MAZZO DI VALTELLINA,PO014040NR0002,2014-03-24,555.078,soggiacenza statica,26.21,528.868,525.4176774193548,528.4055000000001,2.987822580645229,520.9359435483871,532.887233870968, ,26.6725,29.660322580645126,,,,,,
26,SO,MAZZO DI VALTELLINA,PO014040NR0002,2014-04-14,555.078,soggiacenza statica,26.7,528.378,525.4176774193548,528.4055000000001,2.987822580645229,520.9359435483871,532.887233870968, ,26.6725,29.660322580645126,,,,,,
27,SO,MAZZO DI VALTELLINA,PO014040NR0002,2014-05-27,555.078,soggiacenza statica,26.47,528.608,525.4176774193548,528.4055000000001,2.987822580645229,520.9359435483871,532.887233870968, ,26.6725,29.660322580645126,,,,,,
28,SO,MAZZO DI VALTELLINA,PO014040NR0002,2014-06-16,555.078,soggiacenza statica,26.08,528.998,525.4176774193548,528.4055000000001,2.987822580645229,520.9359435483871,532.887233870968, ,26.6725,29.660322580645126,,,,,,
29,SO,MAZZO DI VALTELLINA,PO014040NR0002,2014-07-09,555.078,soggiacenza statica,26.05,529.028,525.4176774193548,528.4055000000001,2.987822580645229,520.9359435483871,532.887233870968, ,26.6725,29.660322580645126,,,,,,
30,SO,MAZZO DI VALTELLINA,PO014040NR0002,2014-08-04,555.078,soggiacenza statica,26.68,528.398,525.4176774193548,528.4055000000001,2.987822580645229,520.9359435483871,532.887233870968, ,26.6725,29.660322580645126,,,,,,
31,SO,MAZZO DI VALTELLINA,PO014040NR0002,2014-09-01,555.078,soggiacenza statica,25.93,529.148,525.4176774193548,528.4055000000001,2.987822580645229,520.9359435483871,532.887233870968, ,26.6725,29.660322580645126,,,,,,
32,SO,MAZZO DI VALTELLINA,PO014040NR0002,2014-10-20,555.078,soggiacenza statica,26.78,528.298,525.4176774193548,528.4055000000001,2.987822580645229,520.9359435483871,532.887233870968, ,26.6725,29.660322580645126,,,,,,
33,SO,MAZZO DI VALTELLINA,PO014040NR0002,2014-11-18,555.078,soggiacenza statica,26.76,528.318,525.4176774193548,528.4055000000001,2.987822580645229,520.9359435483871,532.887233870968, ,26.6725,29.660322580645126,,,,,,
34,SO,MAZZO DI VALTELLINA,PO014040NR0002,2014-12-10,555.078,soggiacenza statica,25.74,529.338,525.4176774193548,528.4055000000001,2.987822580645229,520.9359435483871,532.887233870968, ,26.6725,29.660322580645126,,,,,,
35,SO,MAZZO DI VALTELLINA,PO014040NR0002,2015-02-26,555.078,soggiacenza statica,25.91,529.168,525.4176774193548,528.4055000000001,2.987822580645229,520.9359435483871,532.887233870968, ,26.6725,29.660322580645126,,,,,,
36,SO,MAZZO DI VALTELLINA,PO014040NR0002,2015-03-18,555.078,soggiacenza statica,26.18,528.898,525.4176774193548,528.4055000000001,2.987822580645229,520.9359435483871,532.887233870968, ,26.6725,29.660322580645126,,,,,,
37,SO,MAZZO DI VALTELLINA,PO014040NR0002,2015-04-20,555.078,soggiacenza statica,26.52,528.558,525.4176774193548,528.4055000000001,2.987822580645229,520.9359435483871,532.887233870968, ,26.6725,29.660322580645126,,,,,,
38,SO,MAZZO DI VALTELLINA,PO014040NR0002,2015-05-11,555.078,soggiacenza statica,26.37,528.708,525.4176774193548,528.4055000000001,2.987822580645229,520.9359435483871,532.887233870968, ,26.6725,29.660322580645126,,,,,,
39,SO,MAZZO DI VALTELLINA,PO014040NR0002,2015-06-23,555.078,soggiacenza statica,26.1,528.978,525.4176774193548,528.4055000000001,2.987822580645229,520.9359435483871,532.887233870968, ,26.6725,29.660322580645126,,,,,,
40,SO,MAZZO DI VALTELLINA,PO014040NR0002,2015-07-14,555.078,soggiacenza statica,26.23,528.848,525.4176774193548,528.4055000000001,2.987822580645229,520.9359435483871,532.887233870968, ,26.6725,29.660322580645126,,,,,,
41,SO,MAZZO DI VALTELLINA,PO014040NR0002,2015-08-25,555.078,soggiacenza statica,26.51,528.568,525.4176774193548,528.4055000000001,2.987822580645229,520.9359435483871,532.887233870968, ,26.6725,29.660322580645126,,,,,,
42,SO,MAZZO DI VALTELLINA,PO014040NR0002,2015-09-08,555.078,soggiacenza statica,26.83,528.248,525.4176774193548,528.4055000000001,2.987822580645229,520.9359435483871,532.887233870968, ,26.6725,29.660322580645126,,,,,,
43,SO,MAZZO DI VALTELLINA,PO014040NR0002,2015-10-23,555.078,soggiacenza statica,27.63,527.448,525.4176774193548,528.4055000000001,2.987822580645229,520.9359435483871,532.887233870968, ,26.6725,29.660322580645126,,,,,,
44,SO,MAZZO DI VALTELLINA,PO014040NR0002,2015-11-03,555.078,soggiacenza statica,27.91,527.168,525.4176774193548,528.4055000000001,2.987822580645229,520.9359435483871,532.887233870968, ,26.6725,29.660322580645126,,,,,,
45,SO,MAZZO DI VALTELLINA,PO014040NR0002,2015-12-03,555.078,soggiacenza statica,28.17,526.908,525.4176774193548,528.4055000000001,2.987822580645229,520.9359435483871,532.887233870968, ,26.6725,29.660322580645126,,,,,,
46,SO,MAZZO DI VALTELLINA,PO014040NR0002,2016-01-18,555.078,soggiacenza statica,29.1,525.978,525.4176774193548,528.4055000000001,2.987822580645229,520.9359435483871,532.887233870968, ,26.6725,29.660322580645126,,,,,,
47,SO,MAZZO DI VALTELLINA,PO014040NR0002,2016-02-24,555.078,soggiacenza statica,29.7,525.378,525.4176774193548,528.4055000000001,2.987822580645229,520.9359435483871,532.887233870968, ,26.6725,29.660322580645126,,,,,,
48,SO,MAZZO DI VALTELLINA,PO014040NR0002,2016-04-27,555.078,soggiacenza statica,30.12,524.958,525.4176774193548,528.4055000000001,2.987822580645229,520.9359435483871,532.887233870968, ,26.6725,29.660322580645126,,,,,,
49,SO,MAZZO DI VALTELLINA,PO014040NR0002,2016-06-27,555.078,soggiacenza statica,26.65,528.428,525.4176774193548,528.4055000000001,2.987822580645229,520.9359435483871,532.887233870968, ,26.6725,29.660322580645126,,,,,,
50,SO,MAZZO DI VALTELLINA,PO014040NR0002,2016-09-02,555.078,soggiacenza statica,27.43,527.648,525.4176774193548,528.4055000000001,2.987822580645229,520.9359435483871,532.887233870968, ,26.6725,29.660322580645126,,,,,,
51,SO,MAZZO DI VALTELLINA,PO014040NR0002,2016-10-17,555.078,soggiacenza statica,24.4,530.678,525.4176774193548,528.4055000000001,2.987822580645229,520.9359435483871,532.887233870968, ,26.6725,29.660322580645126,,,,,,
52,SO,MAZZO DI VALTELLINA,PO014040NR0002,2016-12-01,555.078,soggiacenza statica,28.0,527.078,525.4176774193548,528.4055000000001,2.987822580645229,520.9359435483871,532.887233870968, ,26.6725,29.660322580645126,,,,,,
53,SO,MAZZO DI VALTELLINA,PO014040NR0002,2017-02-14,555.078,soggiacenza statica,20.28,534.798,525.4176774193548,528.4055000000001,2.987822580645229,520.9359435483871,532.887233870968,OUTLIER,26.6725,29.660322580645126,,,,,,
54,SO,MAZZO DI VALTELLINA,PO014040NR0002,2017-05-10,555.078,soggiacenza statica,30.3,524.778,525.4176774193548,528.4055000000001,2.987822580645229,520.9359435483871,532.887233870968, ,26.6725,29.660322580645126,,,,,,
55,SO,MAZZO DI VALTELLINA,PO014040NR0002,2017-06-06,555.078,soggiacenza statica,29.8,525.278,525.4176774193548,528.4055000000001,2.987822580645229,520.9359435483871,532.887233870968, ,26.6725,29.660322580645126,,,,,,
56,SO,MAZZO DI VALTELLINA,PO014040NR0002,2017-07-01,555.078,,29.1154248366013,525.9625751633987,525.4176774193548,528.4055000000001,2.987822580645229,520.9359435483871,532.887233870968, ,26.6725,29.660322580645126,,,,,,
57,SO,MAZZO DI VALTELLINA,PO014040NR0002,2017-08-01,555.078,,29.0384408602151,526.039559139785,525.4176774193548,528.4055000000001,2.987822580645229,520.9359435483871,532.887233870968, ,26.6725,29.660322580645126,,,,,,
58,SO,MAZZO DI VALTELLINA,PO014040NR0002,2017-09-01,555.078,,29.0651111111111,526.0128888888888,525.4176774193548,528.4055000000001,2.987822580645229,520.9359435483871,532.887233870968, ,26.6725,29.660322580645126,,,,,,
59,SO,MAZZO DI VALTELLINA,PO014040NR0002,2017-10-01,555.078,,29.6470967741935,525.4309032258064,525.4176774193548,528.4055000000001,2.987822580645229,520.9359435483871,532.887233870968, ,26.6725,29.660322580645126,,,,,,
60,SO,MAZZO DI VALTELLINA,PO014040NR0002,2017-11-01,555.078,,29.8656666666667,525.2123333333333,525.4176774193548,528.4055000000001,2.987822580645229,520.9359435483871,532.887233870968, ,26.6725,29.660322580645126,,,,,,
61,SO,MAZZO DI VALTELLINA,PO014040NR0002,2017-12-01,555.078,,30.200752688172,524.8772473118279,525.4176774193548,528.4055000000001,2.987822580645229,520.9359435483871,532.887233870968, ,26.6725,29.660322580645126,,,,,,
62,SO,MAZZO DI VALTELLINA,PO014040NR0002,2018-01-01,555.078,,30.7258064516129,524.352193548387,525.4176774193548,528.4055000000001,2.987822580645229,520.9359435483871,532.887233870968, ,26.6725,29.660322580645126,,,,,,
63,SO,MAZZO DI VALTELLINA,PO014040NR0002,2018-02-01,555.078,,31.3289400921659,523.7490599078341,525.4176774193548,528.4055000000001,2.987822580645229,520.9359435483871,532.887233870968, ,26.6725,29.660322580645126,,,,,,
64,SO,MAZZO DI VALTELLINA,PO014040NR0002,2018-03-01,555.078,,31.6733333333333,523.4046666666667,525.4176774193548,528.4055000000001,2.987822580645229,520.9359435483871,532.887233870968, ,26.6725,29.660322580645126,,,,,,
65,SO,MAZZO DI VALTELLINA,PO014040NR0002,2018-04-01,555.078,,31.9480555555555,523.1299444444445,525.4176774193548,528.4055000000001,2.987822580645229,520.9359435483871,532.887233870968, ,26.6725,29.660322580645126,,,,,,
66,SO,MAZZO DI VALTELLINA,PO014040NR0002,2018-05-01,555.078,,31.6018817204301,523.4761182795698,525.4176774193548,528.4055000000001,2.987822580645229,520.9359435483871,532.887233870968, ,26.6725,29.660322580645126,,,,,,
67,SO,MAZZO DI VALTELLINA,PO014040NR0002,2018-06-01,555.078,,29.9084444444444,525.1695555555556,525.4176774193548,528.4055000000001,2.987822580645229,520.9359435483871,532.887233870968, ,26.6725,29.660322580645126,,,,,,
68,SO,MAZZO DI VALTELLINA,PO014040NR0002,2018-07-01,555.078,,29.2179569892474,525.8600430107526,525.4176774193548,528.4055000000001,2.987822580645229,520.9359435483871,532.887233870968, ,26.6725,29.660322580645126,,,,,,
69,SO,MAZZO DI VALTELLINA,PO014040NR0002,2018-08-01,555.078,,29.5904838709678,525.4875161290322,525.4176774193548,528.4055000000001,2.987822580645229,520.9359435483871,532.887233870968, ,26.6725,29.660322580645126,,,,,,
70,SO,MAZZO DI VALTELLINA,PO014040NR0002,2018-09-01,555.078,,30.3025555555556,524.7754444444445,525.4176774193548,528.4055000000001,2.987822580645229,520.9359435483871,532.887233870968, ,26.6725,29.660322580645126,,,,,,
71,SO,MAZZO DI VALTELLINA,PO014040NR0002,2018-10-01,555.078,,31.3641935483871,523.7138064516129,525.4176774193548,528.4055000000001,2.987822580645229,520.9359435483871,532.887233870968, ,26.6725,29.660322580645126,,,,,,
72,SO,MAZZO DI VALTELLINA,PO014040NR0002,2018-11-01,555.078,,31.1301666666667,523.9478333333333,525.4176774193548,528.4055000000001,2.987822580645229,520.9359435483871,532.887233870968, ,26.6725,29.660322580645126,,,,,,
73,SO,MAZZO DI VALTELLINA,PO014040NR0002,2018-12-01,555.078,,30.8216083916084,524.2563916083916,525.4176774193548,528.4055000000001,2.987822580645229,520.9359435483871,532.887233870968, ,26.6725,29.660322580645126,,,,,,
74,SO,MAZZO DI VALTELLINA,PO014040NR0002,2019-01-01,555.078,,31.4224731182796,523.6555268817204,525.4176774193548,528.4055000000001,2.987822580645229,520.9359435483871,532.887233870968, ,26.6725,29.660322580645126,,,,,,
75,SO,MAZZO DI VALTELLINA,PO014040NR0002,2019-02-01,555.078,,31.4177976190476,523.6602023809523,525.4176774193548,528.4055000000001,2.987822580645229,520.9359435483871,532.887233870968, ,26.6725,29.660322580645126,,,,,,
76,SO,MAZZO DI VALTELLINA,PO014040NR0002,2019-03-01,555.078,,31.9048924731183,523.1731075268817,525.4176774193548,528.4055000000001,2.987822580645229,520.9359435483871,532.887233870968, ,26.6725,29.660322580645126,,,,,,
77,SO,MAZZO DI VALTELLINA,PO014040NR0002,2019-04-01,555.078,,32.0445555555556,523.0334444444444,525.4176774193548,528.4055000000001,2.987822580645229,520.9359435483871,532.887233870968, ,26.6725,29.660322580645126,,,,,,
78,SO,MAZZO DI VALTELLINA,PO014040NR0002,2019-05-01,555.078,,32.1095161290323,522.9684838709677,525.4176774193548,528.4055000000001,2.987822580645229,520.9359435483871,532.887233870968, ,26.6725,29.660322580645126,,,,,,
79,SO,MAZZO DI VALTELLINA,PO014040NR0002,2019-06-01,555.078,,31.0958333333333,523.9821666666667,525.4176774193548,528.4055000000001,2.987822580645229,520.9359435483871,532.887233870968, ,26.6725,29.660322580645126,,,,,,
80,SO,MAZZO DI VALTELLINA,PO014040NR0002,2019-07-01,555.078,,28.8138709677419,526.264129032258,525.4176774193548,528.4055000000001,2.987822580645229,520.9359435483871,532.887233870968, ,26.6725,29.660322580645126,,,,,,
81,SO,MAZZO DI VALTELLINA,PO014040NR0002,2019-08-01,555.078,,28.4415923566879,526.636407643312,525.4176774193548,528.4055000000001,2.987822580645229,520.9359435483871,532.887233870968, ,26.6725,29.660322580645126,,,,,,
82,SO,MAZZO DI VALTELLINA,PO014040NR0002,2019-09-01,555.078,,27.0472222222222,528.0307777777778,525.4176774193548,528.4055000000001,2.987822580645229,520.9359435483871,532.887233870968, ,26.6725,29.660322580645126,,,,,,
83,SO,MAZZO DI VALTELLINA,PO014040NR0002,2019-10-01,555.078,,26.9202150537635,528.1577849462366,525.4176774193548,528.4055000000001,2.987822580645229,520.9359435483871,532.887233870968, ,26.6725,29.660322580645126,,,,,,
84,SO,MAZZO DI VALTELLINA,PO014040NR0002,2019-11-01,555.078,,27.9281111111111,527.1498888888889,525.4176774193548,528.4055000000001,2.987822580645229,520.9359435483871,532.887233870968, ,26.6725,29.660322580645126,,,,,,
85,SO,MAZZO DI VALTELLINA,PO014040NR0002,2019-12-01,555.078,,28.5192972972973,526.5587027027027,525.4176774193548,528.4055000000001,2.987822580645229,520.9359435483871,532.887233870968, ,26.6725,29.660322580645126,,,,,,
86,SO,MAZZO DI VALTELLINA,PO014040NR0002,2020-01-01,555.078,,29.094623655914,525.983376344086,525.4176774193548,528.4055000000001,2.987822580645229,520.9359435483871,532.887233870968, ,26.6725,29.660322580645126,,,,,,
87,SO,MAZZO DI VALTELLINA,PO014040NR0002,2020-02-01,555.078,,29.5909195402299,525.48708045977,525.4176774193548,528.4055000000001,2.987822580645229,520.9359435483871,532.887233870968, ,26.6725,29.660322580645126,,,,,,
88,SO,MAZZO DI VALTELLINA,PO014040NR0002,2020-03-01,555.078,,30.0258602150538,525.0521397849462,525.4176774193548,528.4055000000001,2.987822580645229,520.9359435483871,532.887233870968, ,26.6725,29.660322580645126,,,,,,
89,SO,MAZZO DI VALTELLINA,PO014040NR0002,2020-04-01,555.078,,30.2891666666668,524.7888333333332,525.4176774193548,528.4055000000001,2.987822580645229,520.9359435483871,532.887233870968, ,26.6725,29.660322580645126,,,,,,
90,SO,MAZZO DI VALTELLINA,PO014040NR0002,2020-05-01,555.078,,30.0744623655914,525.0035376344086,525.4176774193548,528.4055000000001,2.987822580645229,520.9359435483871,532.887233870968, ,26.6725,29.660322580645126,,,,,,
91,SO,MAZZO DI VALTELLINA,PO014040NR0002,2020-06-01,555.078,,28.9775555555556,526.1004444444444,525.4176774193548,528.4055000000001,2.987822580645229,520.9359435483871,532.887233870968, ,26.6725,29.660322580645126,,,,,,
92,SO,MAZZO DI VALTELLINA,PO014040NR0002,2020-07-01,555.078,,28.0644623655914,527.0135376344085,525.4176774193548,528.4055000000001,2.987822580645229,520.9359435483871,532.887233870968, ,26.6725,29.660322580645126,,,,,,
93,SO,MAZZO DI VALTELLINA,PO014040NR0002,2020-08-01,555.078,,28.4983606557377,526.5796393442623,525.4176774193548,528.4055000000001,2.987822580645229,520.9359435483871,532.887233870968, ,26.6725,29.660322580645126,,,,,,
94,SO,MAZZO DI VALTELLINA,PO014040NR0002,2020-09-01,555.078,,24.5691666666667,530.5088333333333,525.4176774193548,528.4055000000001,2.987822580645229,520.9359435483871,532.887233870968, ,26.6725,29.660322580645126,,,,,,
95,SO,MAZZO DI VALTELLINA,PO014040NR0002,2020-10-01,555.078,,21.2,533.878,525.4176774193548,528.4055000000001,2.987822580645229,520.9359435483871,532.887233870968,OUTLIER,26.6725,29.660322580645126,,,,,,
96,SO,MAZZO DI VALTELLINA,PO014040NR0002,2020-11-01,555.078,,22.24,532.838,525.4176774193548,528.4055000000001,2.987822580645229,520.9359435483871,532.887233870968, ,26.6725,29.660322580645126,,,,,,
97,SO,MAZZO DI VALTELLINA,PO014040NR0002,2020-12-01,555.078,,23.0997849462366,531.9782150537634,525.4176774193548,528.4055000000001,2.987822580645229,520.9359435483871,532.887233870968, ,26.6725,29.660322580645126,,,,,,
98,SO,MAZZO DI VALTELLINA,PO014040NR0002,2021-01-01,555.078,,23.942688172043,531.1353118279569,525.4176774193548,528.4055000000001,2.987822580645229,520.9359435483871,532.887233870968, ,26.6725,29.660322580645126,,,,,,
99,SO,MAZZO DI VALTELLINA,PO014040NR0002,2021-02-01,555.078,,24.1922807017544,530.8857192982456,525.4176774193548,528.4055000000001,2.987822580645229,520.9359435483871,532.887233870968, ,26.6725,29.660322580645126,,,,,,
100,SO,VILLA DI TIRANO,PO0140780R0001,2017-07-01,395.64,soggiacenza statica,3.48815789473684,392.1518421052631,386.59634408602153,388.5588753745814,1.9625312885598873,383.6525471531817,391.5026723074212,OUTLIER,7.08112462541865,9.04365591397849,,,,,,
101,SO,VILLA DI TIRANO,PO0140780R0001,2017-08-01,395.64,soggiacenza statica,4.18505376344086,391.45494623655895,386.59634408602153,388.5588753745814,1.9625312885598873,383.6525471531817,391.5026723074212, ,7.08112462541865,9.04365591397849,,,,,,
102,SO,VILLA DI TIRANO,PO0140780R0001,2017-09-01,395.64,soggiacenza statica,5.06672222222222,390.5732777777775,386.59634408602153,388.5588753745814,1.9625312885598873,383.6525471531817,391.5026723074212, ,7.08112462541865,9.04365591397849,,,,,,
103,SO,VILLA DI TIRANO,PO0140780R0001,2017-10-01,395.64,soggiacenza statica,6.47650537634409,389.1634946236561,386.59634408602153,388.5588753745814,1.9625312885598873,383.6525471531817,391.5026723074212, ,7.08112462541865,9.04365591397849,,,,,,
104,SO,VILLA DI TIRANO,PO0140780R0001,2017-11-01,395.64,soggiacenza statica,7.99694444444444,387.64305555555563,386.59634408602153,388.5588753745814,1.9625312885598873,383.6525471531817,391.5026723074212, ,7.08112462541865,9.04365591397849,,,,,,
105,SO,VILLA DI TIRANO,PO0140780R0001,2017-12-01,395.64,soggiacenza statica,9.10602150537634,386.5339784946236,386.59634408602153,388.5588753745814,1.9625312885598873,383.6525471531817,391.5026723074212, ,7.08112462541865,9.04365591397849,,,,,,
106,SO,VILLA DI TIRANO,PO0140780R0001,2018-01-01,395.64,soggiacenza statica,9.74419354838711,385.8958064516131,386.59634408602153,388.5588753745814,1.9625312885598873,383.6525471531817,391.5026723074212, ,7.08112462541865,9.04365591397849,,,,,,
107,SO,VILLA DI TIRANO,PO0140780R0001,2018-02-01,395.64,soggiacenza statica,9.54598290598291,386.09401709401703,386.59634408602153,388.5588753745814,1.9625312885598873,383.6525471531817,391.5026723074212, ,7.08112462541865,9.04365591397849,,,,,,
108,SO,VILLA DI TIRANO,PO0140780R0001,2018-12-01,395.64,soggiacenza statica,7.93546511627906,387.70453488372107,386.59634408602153,388.5588753745814,1.9625312885598873,383.6525471531817,391.5026723074212, ,7.08112462541865,9.04365591397849,,,,,,
109,SO,VILLA DI TIRANO,PO0140780R0001,2019-01-01,395.64,soggiacenza statica,8.68166666666668,386.9583333333332,386.59634408602153,388.5588753745814,1.9625312885598873,383.6525471531817,391.5026723074212, ,7.08112462541865,9.04365591397849,,,,,,
110,SO,VILLA DI TIRANO,PO0140780R0001,2019-02-01,395.64,soggiacenza statica,9.78505952380952,385.85494047619045,386.59634408602153,388.5588753745814,1.9625312885598873,383.6525471531817,391.5026723074212, ,7.08112462541865,9.04365591397849,,,,,,
111,SO,VILLA DI TIRANO,PO0140780R0001,2019-03-01,395.64,soggiacenza statica,10.0084408602151,385.63155913978517,386.59634408602153,388.5588753745814,1.9625312885598873,383.6525471531817,391.5026723074212, ,7.08112462541865,9.04365591397849,,,,,,
112,SO,VILLA DI TIRANO,PO0140780R0001,2019-04-01,395.64,soggiacenza statica,9.89777777777779,385.74222222222204,386.59634408602153,388.5588753745814,1.9625312885598873,383.6525471531817,391.5026723074212, ,7.08112462541865,9.04365591397849,,,,,,
113,SO,VILLA DI TIRANO,PO0140780R0001,2019-05-01,395.64,soggiacenza statica,9.45747311827957,386.1825268817207,386.59634408602153,388.5588753745814,1.9625312885598873,383.6525471531817,391.5026723074212, ,7.08112462541865,9.04365591397849,,,,,,
114,SO,VILLA DI TIRANO,PO0140780R0001,2019-06-01,395.64,soggiacenza statica,7.99377777777777,387.6462222222223,386.59634408602153,388.5588753745814,1.9625312885598873,383.6525471531817,391.5026723074212, ,7.08112462541865,9.04365591397849,,,,,,
115,SO,VILLA DI TIRANO,PO0140780R0001,2019-07-01,395.64,soggiacenza statica,6.24069892473119,389.3993010752689,386.59634408602153,388.5588753745814,1.9625312885598873,383.6525471531817,391.5026723074212, ,7.08112462541865,9.04365591397849,,,,,,
116,SO,VILLA DI TIRANO,PO0140780R0001,2019-08-01,395.64,soggiacenza statica,6.4913440860215,389.14865591397864,386.59634408602153,388.5588753745814,1.9625312885598873,383.6525471531817,391.5026723074212, ,7.08112462541865,9.04365591397849,,,,,,
117,SO,VILLA DI TIRANO,PO0140780R0001,2019-09-01,395.64,soggiacenza statica,6.94272222222222,388.6972777777779,386.59634408602153,388.5588753745814,1.9625312885598873,383.6525471531817,391.5026723074212, ,7.08112462541865,9.04365591397849,,,,,,
118,SO,VILLA DI TIRANO,PO0140780R0001,2019-10-01,395.64,soggiacenza statica,7.97279569892474,387.6672043010754,386.59634408602153,388.5588753745814,1.9625312885598873,383.6525471531817,391.5026723074212, ,7.08112462541865,9.04365591397849,,,,,,
119,SO,VILLA DI TIRANO,PO0140780R0001,2019-11-01,395.64,soggiacenza statica,7.314,388.32600000000014,386.59634408602153,388.5588753745814,1.9625312885598873,383.6525471531817,391.5026723074212, ,7.08112462541865,9.04365591397849,,,,,,
120,SO,VILLA DI TIRANO,PO0140780R0001,2019-12-01,395.64,soggiacenza statica,7.06945355191257,388.57054644808744,386.59634408602153,388.5588753745814,1.9625312885598873,383.6525471531817,391.5026723074212, ,7.08112462541865,9.04365591397849,,,,,,
121,SO,VILLA DI TIRANO,PO0140780R0001,2020-01-01,395.64,soggiacenza statica,7.47543010752689,388.16456989247314,386.59634408602153,388.5588753745814,1.9625312885598873,383.6525471531817,391.5026723074212, ,7.08112462541865,9.04365591397849,,,,,,
122,SO,VILLA DI TIRANO,PO0140780R0001,2020-02-01,395.64,soggiacenza statica,8.62836257309942,387.0116374269006,386.59634408602153,388.5588753745814,1.9625312885598873,383.6525471531817,391.5026723074212, ,7.08112462541865,9.04365591397849,,,,,,
123,SO,VILLA DI TIRANO,PO0140780R0001,2020-03-01,395.64,soggiacenza statica,9.15623655913979,386.48376344086006,386.59634408602153,388.5588753745814,1.9625312885598873,383.6525471531817,391.5026723074212, ,7.08112462541865,9.04365591397849,,,,,,
124,SO,VILLA DI TIRANO,PO0140780R0001,2020-04-01,395.64,soggiacenza statica,9.57011111111111,386.06988888888895,386.59634408602153,388.5588753745814,1.9625312885598873,383.6525471531817,391.5026723074212, ,7.08112462541865,9.04365591397849,,,,,,
125,SO,VILLA DI TIRANO,PO0140780R0001,2020-05-01,395.64,soggiacenza statica,8.98129032258064,386.65870967741944,386.59634408602153,388.5588753745814,1.9625312885598873,383.6525471531817,391.5026723074212, ,7.08112462541865,9.04365591397849,,,,,,
126,SO,VILLA DI TIRANO,PO0140780R0001,2020-06-01,395.64,soggiacenza statica,7.13733333333333,388.5026666666666,386.59634408602153,388.5588753745814,1.9625312885598873,383.6525471531817,391.5026723074212, ,7.08112462541865,9.04365591397849,,,,,,
127,SO,VILLA DI TIRANO,PO0140780R0001,2020-07-01,395.64,soggiacenza statica,6.25473118279571,389.38526881720446,386.59634408602153,388.5588753745814,1.9625312885598873,383.6525471531817,391.5026723074212, ,7.08112462541865,9.04365591397849,,,,,,
128,SO,VILLA DI TIRANO,PO0140780R0001,2020-08-01,395.64,soggiacenza statica,7.09279569892473,388.5472043010754,386.59634408602153,388.5588753745814,1.9625312885598873,383.6525471531817,391.5026723074212, ,7.08112462541865,9.04365591397849,,,,,,
129,SO,VILLA DI TIRANO,PO0140780R0001,2020-09-01,395.64,soggiacenza statica,7.30622222222222,388.33377777777736,386.59634408602153,388.5588753745814,1.9625312885598873,383.6525471531817,391.5026723074212, ,7.08112462541865,9.04365591397849,,,,,,
130,SO,VILLA DI TIRANO,PO0140780R0001,2020-10-01,395.64,soggiacenza statica,7.43306451612904,388.20693548387084,386.59634408602153,388.5588753745814,1.9625312885598873,383.6525471531817,391.5026723074212, ,7.08112462541865,9.04365591397849,,,,,,
131,SO,VILLA DI TIRANO,PO0140780R0001,2020-11-01,395.64,soggiacenza statica,7.82561111111111,387.8143888888888,386.59634408602153,388.5588753745814,1.9625312885598873,383.6525471531817,391.5026723074212, ,7.08112462541865,9.04365591397849,,,,,,
132,SO,VILLA DI TIRANO,PO0140780R0001,2020-12-01,395.64,soggiacenza statica,8.33252688172043,387.3074731182796,386.59634408602153,388.5588753745814,1.9625312885598873,383.6525471531817,391.5026723074212, ,7.08112462541865,9.04365591397849,,,,,,
133,SO,VILLA DI TIRANO,PO0140780R0001,2021-01-01,395.64,soggiacenza statica,8.61241935483871,387.02758064516155,386.59634408602153,388.5588753745814,1.9625312885598873,383.6525471531817,391.5026723074212, ,7.08112462541865,9.04365591397849,,,,,,
134,SO,VILLA DI TIRANO,PO0140780R0001,2021-02-01,395.64,soggiacenza statica,8.82789473684211,386.81210526315783,386.59634408602153,388.5588753745814,1.9625312885598873,383.6525471531817,391.5026723074212, ,7.08112462541865,9.04365591397849,,,,,,
135,SO,TIRANO,PO0140660U0001,2001-06-26,425776.0,soggiacenza statica,26.1,399.676,390.6685,394.486,3.8174999999999955,384.94225,400.21225, ,31.29,35.1075,,,,,,
136,SO,TIRANO,PO0140660U0001,2001-08-28,425776.0,soggiacenza statica,26.776,399.0,390.6685,394.486,3.8174999999999955,384.94225,400.21225, ,31.29,35.1075,,,,,,
137,SO,TIRANO,PO0140660U0001,2001-09-25,425776.0,soggiacenza statica,26.46,399.316,390.6685,394.486,3.8174999999999955,384.94225,400.21225, ,31.29,35.1075,,,,,,
138,SO,TIRANO,PO0140660U0001,2001-10-22,425776.0,soggiacenza statica,28.6,397.176,390.6685,394.486,3.8174999999999955,384.94225,400.21225, ,31.29,35.1075,,,,,,
139,SO,TIRANO,PO0140660U0001,2001-11-26,425776.0,soggiacenza statica,30.27,395.506,390.6685,394.486,3.8174999999999955,384.94225,400.21225, ,31.29,35.1075,,,,,,
140,SO,TIRANO,PO0140660U0001,2001-12-17,425776.0,soggiacenza statica,30.77,395.006,390.6685,394.486,3.8174999999999955,384.94225,400.21225, ,31.29,35.1075,,,,,,
141,SO,TIRANO,PO0140660U0001,2002-01-28,425776.0,soggiacenza statica,32.29,393.486,390.6685,394.486,3.8174999999999955,384.94225,400.21225, ,31.29,35.1075,,,,,,
142,SO,TIRANO,PO0140660U0001,2002-02-26,425776.0,soggiacenza statica,31.89,393.886,390.6685,394.486,3.8174999999999955,384.94225,400.21225, ,31.29,35.1075,,,,,,
143,SO,TIRANO,PO0140660U0001,2002-03-25,425776.0,soggiacenza statica,33.61,392.166,390.6685,394.486,3.8174999999999955,384.94225,400.21225, ,31.29,35.1075,,,,,,
144,SO,TIRANO,PO0140660U0001,2002-04-30,425776.0,soggiacenza statica,33.58,392.196,390.6685,394.486,3.8174999999999955,384.94225,400.21225, ,31.29,35.1075,,,,,,
145,SO,TIRANO,PO0140660U0001,2002-05-27,425776.0,soggiacenza statica,32.1,393.676,390.6685,394.486,3.8174999999999955,384.94225,400.21225, ,31.29,35.1075,,,,,,
146,SO,TIRANO,PO0140660U0001,2002-06-25,425776.0,soggiacenza statica,29.6,396.176,390.6685,394.486,3.8174999999999955,384.94225,400.21225, ,31.29,35.1075,,,,,,
147,SO,TIRANO,PO0140660U0001,2002-07-31,425776.0,soggiacenza statica,38.149,387.627,390.6685,394.486,3.8174999999999955,384.94225,400.21225, ,31.29,35.1075,,,,,,
148,SO,TIRANO,PO0140660U0001,2002-08-26,425776.0,soggiacenza statica,28.6,397.176,390.6685,394.486,3.8174999999999955,384.94225,400.21225, ,31.29,35.1075,,,,,,
149,SO,TIRANO,PO0140660U0001,2002-09-24,425776.0,soggiacenza statica,29.58,396.196,390.6685,394.486,3.8174999999999955,384.94225,400.21225, ,31.29,35.1075,,,,,,
150,SO,TIRANO,PO0140660U0001,2002-10-29,425776.0,soggiacenza statica,30.8,394.976,390.6685,394.486,3.8174999999999955,384.94225,400.21225, ,31.29,35.1075,,,,,,
151,SO,TIRANO,PO0140660U0001,2002-11-25,425776.0,soggiacenza statica,31.02,394.756,390.6685,394.486,3.8174999999999955,384.94225,400.21225, ,31.29,35.1075,,,,,,
152,SO,TIRANO,PO0140660U0001,2002-12-16,425776.0,soggiacenza statica,28.45,397.326,390.6685,394.486,3.8174999999999955,384.94225,400.21225, ,31.29,35.1075,,,,,,
153,SO,TIRANO,PO0140660U0001,2003-01-27,425776.0,soggiacenza statica,29.06,396.716,390.6685,394.486,3.8174999999999955,384.94225,400.21225, ,31.29,35.1075,,,,,,
154,SO,TIRANO,PO0140660U0001,2003-02-24,425776.0,soggiacenza statica,30.07,395.706,390.6685,394.486,3.8174999999999955,384.94225,400.21225, ,31.29,35.1075,,,,,,
155,SO,TIRANO,PO0140660U0001,2003-03-24,425776.0,soggiacenza statica,31.52,394.256,390.6685,394.486,3.8174999999999955,384.94225,400.21225, ,31.29,35.1075,,,,,,
156,SO,TIRANO,PO0140660U0001,2003-04-28,425776.0,soggiacenza statica,32.41,393.366,390.6685,394.486,3.8174999999999955,384.94225,400.21225, ,31.29,35.1075,,,,,,
157,SO,TIRANO,PO0140660U0001,2003-05-28,425776.0,soggiacenza statica,31.96,393.816,390.6685,394.486,3.8174999999999955,384.94225,400.21225, ,31.29,35.1075,,,,,,
158,SO,TIRANO,PO0140660U0001,2003-06-24,425776.0,soggiacenza statica,30.2,395.576,390.6685,394.486,3.8174999999999955,384.94225,400.21225, ,31.29,35.1075,,,,,,
159,SO,TIRANO,PO0140660U0001,2003-07-28,425776.0,soggiacenza statica,30.91,394.866,390.6685,394.486,3.8174999999999955,384.94225,400.21225, ,31.29,35.1075,,,,,,
160,SO,TIRANO,PO0140660U0001,2003-08-26,425776.0,soggiacenza statica,31.6,394.176,390.6685,394.486,3.8174999999999955,384.94225,400.21225, ,31.29,35.1075,,,,,,
161,SO,TIRANO,PO0140660U0001,2003-09-29,425776.0,soggiacenza statica,33.36,392.416,390.6685,394.486,3.8174999999999955,384.94225,400.21225, ,31.29,35.1075,,,,,,
162,SO,TIRANO,PO0140660U0001,2003-10-30,425776.0,soggiacenza statica,34.72,391.056,390.6685,394.486,3.8174999999999955,384.94225,400.21225, ,31.29,35.1075,,,,,,
163,SO,TIRANO,PO0140660U0001,2003-11-27,425776.0,soggiacenza statica,35.32,390.456,390.6685,394.486,3.8174999999999955,384.94225,400.21225, ,31.29,35.1075,,,,,,
164,SO,TIRANO,PO0140660U0001,2003-12-30,425776.0,soggiacenza statica,36.1,389.676,390.6685,394.486,3.8174999999999955,384.94225,400.21225, ,31.29,35.1075,,,,,,
165,SO,TIRANO,PO0140660U0001,2004-01-29,425776.0,soggiacenza statica,36.65,389.126,390.6685,394.486,3.8174999999999955,384.94225,400.21225, ,31.29,35.1075,,,,,,
166,SO,TIRANO,PO0140660U0001,2004-02-29,425776.0,soggiacenza statica,37.02,388.756,390.6685,394.486,3.8174999999999955,384.94225,400.21225, ,31.29,35.1075,,,,,,
167,SO,TIRANO,PO0140660U0001,2004-03-25,425776.0,soggiacenza statica,37.2,388.576,390.6685,394.486,3.8174999999999955,384.94225,400.21225, ,31.29,35.1075,,,,,,
168,SO,TIRANO,PO0140660U0001,2004-04-22,425776.0,soggiacenza statica,37.13,388.646,390.6685,394.486,3.8174999999999955,384.94225,400.21225, ,31.29,35.1075,,,,,,
169,SO,TIRANO,PO0140660U0001,2004-05-27,425776.0,soggiacenza statica,36.2,389.576,390.6685,394.486,3.8174999999999955,384.94225,400.21225, ,31.29,35.1075,,,,,,
170,SO,TIRANO,PO0140660U0001,2004-06-24,425776.0,soggiacenza statica,34.1,391.676,390.6685,394.486,3.8174999999999955,384.94225,400.21225, ,31.29,35.1075,,,,,,
171,SO,TIRANO,PO0140660U0001,2004-07-29,425776.0,soggiacenza statica,32.47,393.306,390.6685,394.486,3.8174999999999955,384.94225,400.21225, ,31.29,35.1075,,,,,,
172,SO,TIRANO,PO0140660U0001,2004-08-26,425776.0,soggiacenza statica,31.201,394.575,390.6685,394.486,3.8174999999999955,384.94225,400.21225, ,31.29,35.1075,,,,,,
173,SO,TIRANO,PO0140660U0001,2004-09-30,425776.0,soggiacenza statica,31.75,394.026,390.6685,394.486,3.8174999999999955,384.94225,400.21225, ,31.29,35.1075,,,,,,
174,SO,TIRANO,PO0140660U0001,2004-10-28,425776.0,soggiacenza statica,32.73,393.046,390.6685,394.486,3.8174999999999955,384.94225,400.21225, ,31.29,35.1075,,,,,,
175,SO,TIRANO,PO0140660U0001,2004-11-10,425776.0,soggiacenza statica,32.1,393.676,390.6685,394.486,3.8174999999999955,384.94225,400.21225, ,31.29,35.1075,,,,,,
176,SO,TIRANO,PO0140660U0001,2004-12-20,425776.0,soggiacenza statica,32.93,392.846,390.6685,394.486,3.8174999999999955,384.94225,400.21225, ,31.29,35.1075,,,,,,
177,SO,TIRANO,PO0140660U0001,2005-01-20,425776.0,soggiacenza statica,34.12,391.656,390.6685,394.486,3.8174999999999955,384.94225,400.21225, ,31.29,35.1075,,,,,,
178,SO,TIRANO,PO0140660U0001,2005-02-17,425776.0,soggiacenza statica,34.65,391.126,390.6685,394.486,3.8174999999999955,384.94225,400.21225, ,31.29,35.1075,,,,,,
179,SO,TIRANO,PO0140660U0001,2005-03-22,425776.0,soggiacenza statica,35.46,390.316,390.6685,394.486,3.8174999999999955,384.94225,400.21225, ,31.29,35.1075,,,,,,
180,SO,TIRANO,PO0140660U0001,2005-04-26,425776.0,soggiacenza statica,36.56,389.216,390.6685,394.486,3.8174999999999955,384.94225,400.21225, ,31.29,35.1075,,,,,,
181,SO,TIRANO,PO0140660U0001,2005-05-17,425776.0,soggiacenza statica,36.6,389.176,390.6685,394.486,3.8174999999999955,384.94225,400.21225, ,31.29,35.1075,,,,,,
182,SO,TIRANO,PO0140660U0001,2005-06-27,425776.0,soggiacenza statica,35.97,389.806,390.6685,394.486,3.8174999999999955,384.94225,400.21225, ,31.29,35.1075,,,,,,
183,SO,TIRANO,PO0140660U0001,2005-07-20,425776.0,soggiacenza statica,35.13,390.646,390.6685,394.486,3.8174999999999955,384.94225,400.21225, ,31.29,35.1075,,,,,,
184,SO,TIRANO,PO0140660U0001,2005-08-22,425776.0,soggiacenza statica,34.55,391.226,390.6685,394.486,3.8174999999999955,384.94225,400.21225, ,31.29,35.1075,,,,,,
185,SO,TIRANO,PO0140660U0001,2005-09-26,425776.0,soggiacenza statica,35.7,390.076,390.6685,394.486,3.8174999999999955,384.94225,400.21225, ,31.29,35.1075,,,,,,
186,SO,TIRANO,PO0140660U0001,2005-10-24,425776.0,soggiacenza statica,35.48,390.296,390.6685,394.486,3.8174999999999955,384.94225,400.21225, ,31.29,35.1075,,,,,,
187,SO,TIRANO,PO0140660U0001,2005-11-15,425776.0,soggiacenza statica,35.72,390.056,390.6685,394.486,3.8174999999999955,384.94225,400.21225, ,31.29,35.1075,,,,,,
188,SO,TIRANO,PO0140660U0001,2005-12-13,425776.0,soggiacenza statica,36.45,389.326,390.6685,394.486,3.8174999999999955,384.94225,400.21225, ,31.29,35.1075,,,,,,
189,SO,TIRANO,PO0140660U0001,2006-01-25,425776.0,soggiacenza statica,37.8,387.976,390.6685,394.486,3.8174999999999955,384.94225,400.21225, ,31.29,35.1075,,,,,,
190,SO,TIRANO,PO0140660U0001,2006-02-21,425776.0,soggiacenza statica,38.11,387.666,390.6685,394.486,3.8174999999999955,384.94225,400.21225, ,31.29,35.1075,,,,,,
191,SO,TIRANO,PO0140660U0001,2006-03-27,425776.0,soggiacenza statica,38.18,387.596,390.6685,394.486,3.8174999999999955,384.94225,400.21225, ,31.29,35.1075,,,,,,
192,SO,TIRANO,PO0140660U0001,2006-04-24,425776.0,soggiacenza statica,38.2,387.576,390.6685,394.486,3.8174999999999955,384.94225,400.21225, ,31.29,35.1075,,,,,,
193,SO,TIRANO,PO0140660U0001,2006-05-17,425776.0,soggiacenza statica,38.0,387.776,390.6685,394.486,3.8174999999999955,384.94225,400.21225, ,31.29,35.1075,,,,,,
194,SO,TIRANO,PO0140660U0001,2006-06-26,425776.0,soggiacenza statica,36.82,388.956,390.6685,394.486,3.8174999999999955,384.94225,400.21225, ,31.29,35.1075,,,,,,
195,SO,TIRANO,PO0140660U0001,2006-07-26,425776.0,soggiacenza statica,34.82,390.956,390.6685,394.486,3.8174999999999955,384.94225,400.21225, ,31.29,35.1075,,,,,,
196,SO,TIRANO,PO0140660U0001,2006-08-30,425776.0,soggiacenza statica,34.4,391.376,390.6685,394.486,3.8174999999999955,384.94225,400.21225, ,31.29,35.1075,,,,,,
197,SO,TIRANO,PO0140660U0001,2006-09-25,425776.0,soggiacenza statica,35.2,390.576,390.6685,394.486,3.8174999999999955,384.94225,400.21225, ,31.29,35.1075,,,,,,
198,SO,TIRANO,PO0140660U0001,2006-10-26,425776.0,soggiacenza statica,36.1,389.676,390.6685,394.486,3.8174999999999955,384.94225,400.21225, ,31.29,35.1075,,,,,,
199,SO,TIRANO,PO0140660U0001,2006-11-16,425776.0,soggiacenza statica,36.54,389.236,390.6685,394.486,3.8174999999999955,384.94225,400.21225, ,31.29,35.1075,,,,,,
200,SO,TIRANO,PO0140660U0001,2006-12-21,425776.0,soggiacenza statica,37.58,388.196,390.6685,394.486,3.8174999999999955,384.94225,400.21225, ,31.29,35.1075,,,,,,
201,SO,TIRANO,PO0140660U0001,2007-01-26,425776.0,soggiacenza statica,37.95,387.826,390.6685,394.486,3.8174999999999955,384.94225,400.21225, ,31.29,35.1075,,,,,,
202,SO,TIRANO,PO0140660U0001,2007-02-23,425776.0,soggiacenza statica,38.45,387.326,390.6685,394.486,3.8174999999999955,384.94225,400.21225, ,31.29,35.1075,,,,,,
203,SO,TIRANO,PO0140660U0001,2007-03-28,425776.0,soggiacenza statica,39.77,386.006,390.6685,394.486,3.8174999999999955,384.94225,400.21225, ,31.29,35.1075,,,,,,
204,SO,TIRANO,PO0140660U0001,2007-04-26,425776.0,soggiacenza statica,39.12,386.656,390.6685,394.486,3.8174999999999955,384.94225,400.21225, ,31.29,35.1075,,,,,,
205,SO,TIRANO,PO0140660U0001,2007-05-16,425776.0,soggiacenza statica,38.6,387.176,390.6685,394.486,3.8174999999999955,384.94225,400.21225, ,31.29,35.1075,,,,,,
206,SO,TIRANO,PO0140660U0001,2007-06-25,425776.0,soggiacenza statica,37.3,388.476,390.6685,394.486,3.8174999999999955,384.94225,400.21225, ,31.29,35.1075,,,,,,
207,SO,TIRANO,PO0140660U0001,2007-07-23,425776.0,soggiacenza statica,35.3,390.476,390.6685,394.486,3.8174999999999955,384.94225,400.21225, ,31.29,35.1075,,,,,,
208,SO,TIRANO,PO0140660U0001,2007-08-23,425776.0,soggiacenza statica,34.33,391.446,390.6685,394.486,3.8174999999999955,384.94225,400.21225, ,31.29,35.1075,,,,,,
209,SO,TIRANO,PO0140660U0001,2007-09-18,425776.0,soggiacenza statica,35.08,390.696,390.6685,394.486,3.8174999999999955,384.94225,400.21225, ,31.29,35.1075,,,,,,
210,SO,TIRANO,PO0140660U0001,2007-10-26,425776.0,soggiacenza statica,36.97,388.806,390.6685,394.486,3.8174999999999955,384.94225,400.21225, ,31.29,35.1075,,,,,,
211,SO,TIRANO,PO0140660U0001,2007-11-15,425776.0,soggiacenza statica,36.6,389.176,390.6685,394.486,3.8174999999999955,384.94225,400.21225, ,31.29,35.1075,,,,,,
212,SO,TIRANO,PO0140660U0001,2007-12-19,425776.0,soggiacenza statica,37.316,388.46,390.6685,394.486,3.8174999999999955,384.94225,400.21225, ,31.29,35.1075,,,,,,
213,SO,TIRANO,PO0140660U0001,2008-01-30,425776.0,soggiacenza statica,37.96,387.816,390.6685,394.486,3.8174999999999955,384.94225,400.21225, ,31.29,35.1075,,,,,,
214,SO,TIRANO,PO0140660U0001,2008-02-21,425776.0,soggiacenza statica,38.62,387.156,390.6685,394.486,3.8174999999999955,384.94225,400.21225, ,31.29,35.1075,,,,,,
215,SO,TIRANO,PO0140660U0001,2008-03-20,425776.0,soggiacenza statica,39.29,386.486,390.6685,394.486,3.8174999999999955,384.94225,400.21225, ,31.29,35.1075,,,,,,
216,SO,TIRANO,PO0140660U0001,2008-04-28,425776.0,soggiacenza statica,39.76,386.016,390.6685,394.486,3.8174999999999955,384.94225,400.21225, ,31.29,35.1075,,,,,,
217,SO,TIRANO,PO0140660U0001,2008-05-20,425776.0,soggiacenza statica,38.68,387.096,390.6685,394.486,3.8174999999999955,384.94225,400.21225, ,31.29,35.1075,,,,,,
218,SO,TIRANO,PO0140660U0001,2008-06-30,425776.0,soggiacenza statica,34.46,391.316,390.6685,394.486,3.8174999999999955,384.94225,400.21225, ,31.29,35.1075,,,,,,
219,SO,TIRANO,PO0140660U0001,2008-07-23,425776.0,soggiacenza statica,32.19,393.586,390.6685,394.486,3.8174999999999955,384.94225,400.21225, ,31.29,35.1075,,,,,,
220,SO,TIRANO,PO0140660U0001,2008-08-27,425776.0,soggiacenza statica,29.95,395.826,390.6685,394.486,3.8174999999999955,384.94225,400.21225, ,31.29,35.1075,,,,,,
221,SO,TIRANO,PO0140660U0001,2008-09-22,425776.0,soggiacenza statica,29.94,395.836,390.6685,394.486,3.8174999999999955,384.94225,400.21225, ,31.29,35.1075,,,,,,
222,SO,TIRANO,PO0140660U0001,2008-10-29,425776.0,soggiacenza statica,31.0,394.776,390.6685,394.486,3.8174999999999955,384.94225,400.21225, ,31.29,35.1075,,,,,,
223,SO,TIRANO,PO0140660U0001,2008-11-18,425776.0,soggiacenza statica,31.24,394.536,390.6685,394.486,3.8174999999999955,384.94225,400.21225, ,31.29,35.1075,,,,,,
224,SO,TIRANO,PO0140660U0001,2008-12-29,425776.0,soggiacenza statica,31.3,394.476,390.6685,394.486,3.8174999999999955,384.94225,400.21225, ,31.29,35.1075,,,,,,
225,SO,TIRANO,PO0140660U0001,2009-01-28,425776.0,soggiacenza statica,31.77,394.006,390.6685,394.486,3.8174999999999955,384.94225,400.21225, ,31.29,35.1075,,,,,,
226,SO,TIRANO,PO0140660U0001,2009-02-25,425776.0,soggiacenza statica,31.82,393.956,390.6685,394.486,3.8174999999999955,384.94225,400.21225, ,31.29,35.1075,,,,,,
227,SO,TIRANO,PO0140660U0001,2009-03-24,425776.0,soggiacenza statica,32.28,393.496,390.6685,394.486,3.8174999999999955,384.94225,400.21225, ,31.29,35.1075,,,,,,
228,SO,TIRANO,PO0140660U0001,2009-04-20,425776.0,soggiacenza statica,32.7,393.076,390.6685,394.486,3.8174999999999955,384.94225,400.21225, ,31.29,35.1075,,,,,,
229,SO,TIRANO,PO0140660U0001,2009-05-20,425776.0,soggiacenza statica,32.35,393.426,390.6685,394.486,3.8174999999999955,384.94225,400.21225, ,31.29,35.1075,,,,,,
230,SO,TIRANO,PO0140660U0001,2009-06-25,425776.0,soggiacenza statica,29.12,396.656,390.6685,394.486,3.8174999999999955,384.94225,400.21225, ,31.29,35.1075,,,,,,
231,SO,TIRANO,PO0140660U0001,2009-07-31,425776.0,soggiacenza statica,28.92,396.856,390.6685,394.486,3.8174999999999955,384.94225,400.21225, ,31.29,35.1075,,,,,,
232,SO,TIRANO,PO0140660U0001,2009-08-27,425776.0,soggiacenza statica,29.35,396.426,390.6685,394.486,3.8174999999999955,384.94225,400.21225, ,31.29,35.1075,,,,,,
233,SO,TIRANO,PO0140660U0001,2009-09-28,425776.0,soggiacenza statica,31.0,394.776,390.6685,394.486,3.8174999999999955,384.94225,400.21225, ,31.29,35.1075,,,,,,
234,SO,TIRANO,PO0140660U0001,2009-10-28,425776.0,soggiacenza statica,32.13,393.646,390.6685,394.486,3.8174999999999955,384.94225,400.21225, ,31.29,35.1075,,,,,,
235,SO,TIRANO,PO0140660U0001,2009-11-16,425776.0,soggiacenza statica,32.85,392.926,390.6685,394.486,3.8174999999999955,384.94225,400.21225, ,31.29,35.1075,,,,,,
236,SO,TIRANO,PO0140660U0001,2009-12-18,425776.0,soggiacenza statica,34.0,391.776,390.6685,394.486,3.8174999999999955,384.94225,400.21225, ,31.29,35.1075,,,,,,
237,SO,TIRANO,PO0140660U0001,2010-01-29,425776.0,soggiacenza statica,34.16,391.616,390.6685,394.486,3.8174999999999955,384.94225,400.21225, ,31.29,35.1075,,,,,,
238,SO,TIRANO,PO0140660U0001,2010-02-24,425776.0,soggiacenza statica,34.4,391.376,390.6685,394.486,3.8174999999999955,384.94225,400.21225, ,31.29,35.1075,,,,,,
239,SO,TIRANO,PO0140660U0001,2010-03-30,425776.0,soggiacenza statica,35.1,390.676,390.6685,394.486,3.8174999999999955,384.94225,400.21225, ,31.29,35.1075,,,,,,
240,SO,TIRANO,PO0140660U0001,2010-04-30,425776.0,soggiacenza statica,35.43,390.346,390.6685,394.486,3.8174999999999955,384.94225,400.21225, ,31.29,35.1075,,,,,,
241,SO,TIRANO,PO0140660U0001,2010-05-27,425776.0,soggiacenza statica,33.24,392.536,390.6685,394.486,3.8174999999999955,384.94225,400.21225, ,31.29,35.1075,,,,,,
242,SO,TIRANO,PO0140660U0001,2010-06-30,425776.0,soggiacenza statica,31.37,394.406,390.6685,394.486,3.8174999999999955,384.94225,400.21225, ,31.29,35.1075,,,,,,
243,SO,TIRANO,PO0140660U0001,2010-07-28,425776.0,soggiacenza statica,30.39,395.386,390.6685,394.486,3.8174999999999955,384.94225,400.21225, ,31.29,35.1075,,,,,,
244,SO,TIRANO,PO0140660U0001,2010-08-25,425776.0,soggiacenza statica,30.38,395.396,390.6685,394.486,3.8174999999999955,384.94225,400.21225, ,31.29,35.1075,,,,,,
245,SO,TIRANO,PO0140660U0001,2010-09-23,425776.0,soggiacenza statica,30.49,395.286,390.6685,394.486,3.8174999999999955,384.94225,400.21225, ,31.29,35.1075,,,,,,
246,SO,TIRANO,PO0140660U0001,2010-10-28,425776.0,soggiacenza statica,32.25,393.526,390.6685,394.486,3.8174999999999955,384.94225,400.21225, ,31.29,35.1075,,,,,,
247,SO,TIRANO,PO0140660U0001,2010-11-22,425776.0,soggiacenza statica,31.5,394.276,390.6685,394.486,3.8174999999999955,384.94225,400.21225, ,31.29,35.1075,,,,,,
248,SO,TIRANO,PO0140660U0001,2010-12-22,425776.0,soggiacenza statica,31.15,394.626,390.6685,394.486,3.8174999999999955,384.94225,400.21225, ,31.29,35.1075,,,,,,
249,SO,TIRANO,PO0140660U0001,2011-01-27,425776.0,soggiacenza statica,30.95,394.826,390.6685,394.486,3.8174999999999955,384.94225,400.21225, ,31.29,35.1075,,,,,,
250,SO,TIRANO,PO0140660U0001,2011-02-25,425776.0,soggiacenza statica,31.58,394.196,390.6685,394.486,3.8174999999999955,384.94225,400.21225, ,31.29,35.1075,,,,,,
251,SO,TIRANO,PO0140660U0001,2011-03-31,425776.0,soggiacenza statica,32.8,392.976,390.6685,394.486,3.8174999999999955,384.94225,400.21225, ,31.29,35.1075,,,,,,
252,SO,TIRANO,PO0140660U0001,2011-04-28,425776.0,soggiacenza statica,33.45,392.326,390.6685,394.486,3.8174999999999955,384.94225,400.21225, ,31.29,35.1075,,,,,,
253,SO,TIRANO,PO0140660U0001,2011-05-12,425776.0,soggiacenza statica,33.4,392.376,390.6685,394.486,3.8174999999999955,384.94225,400.21225, ,31.29,35.1075,,,,,,
254,SO,TIRANO,PO0140660U0001,2011-06-23,425776.0,soggiacenza statica,33.12,392.656,390.6685,394.486,3.8174999999999955,384.94225,400.21225, ,31.29,35.1075,,,,,,
255,SO,TIRANO,PO0140660U0001,2011-07-27,425776.0,soggiacenza statica,31.26,394.516,390.6685,394.486,3.8174999999999955,384.94225,400.21225, ,31.29,35.1075,,,,,,
256,SO,TIRANO,PO0140660U0001,2011-08-31,425776.0,soggiacenza statica,31.67,394.106,390.6685,394.486,3.8174999999999955,384.94225,400.21225, ,31.29,35.1075,,,,,,
257,SO,TIRANO,PO0140660U0001,2011-09-28,425776.0,soggiacenza statica,31.8,393.976,390.6685,394.486,3.8174999999999955,384.94225,400.21225, ,31.29,35.1075,,,,,,
258,SO,TIRANO,PO0140660U0001,2011-10-26,425776.0,soggiacenza statica,36.49,389.286,390.6685,394.486,3.8174999999999955,384.94225,400.21225, ,31.29,35.1075,,,,,,
259,SO,TIRANO,PO0140660U0001,2011-11-02,425776.0,soggiacenza statica,33.65,392.126,390.6685,394.486,3.8174999999999955,384.94225,400.21225, ,31.29,35.1075,,,,,,
260,SO,TIRANO,PO0140660U0001,2011-12-19,425776.0,soggiacenza statica,35.0,390.776,390.6685,394.486,3.8174999999999955,384.94225,400.21225, ,31.29,35.1075,,,,,,
261,SO,TIRANO,PO0140660U0001,2012-01-25,425776.0,soggiacenza statica,35.9,389.876,390.6685,394.486,3.8174999999999955,384.94225,400.21225, ,31.29,35.1075,,,,,,
262,SO,TIRANO,PO0140660U0001,2012-02-22,425776.0,soggiacenza statica,35.0,390.776,390.6685,394.486,3.8174999999999955,384.94225,400.21225, ,31.29,35.1075,,,,,,
263,SO,TIRANO,PO0140660U0001,2012-03-28,425776.0,soggiacenza statica,35.72,390.056,390.6685,394.486,3.8174999999999955,384.94225,400.21225, ,31.29,35.1075,,,,,,
264,SO,TIRANO,PO0140660U0001,2012-04-24,425776.0,soggiacenza statica,36.5,389.276,390.6685,394.486,3.8174999999999955,384.94225,400.21225, ,31.29,35.1075,,,,,,
265,SO,TIRANO,PO0140660U0001,2012-05-21,425776.0,soggiacenza statica,36.3,389.476,390.6685,394.486,3.8174999999999955,384.94225,400.21225, ,31.29,35.1075,,,,,,
266,SO,TIRANO,PO0140660U0001,2012-06-27,425776.0,soggiacenza statica,30.05,395.726,390.6685,394.486,3.8174999999999955,384.94225,400.21225, ,31.29,35.1075,,,,,,
267,SO,TIRANO,PO0140660U0001,2012-07-12,425776.0,soggiacenza statica,32.93,392.846,390.6685,394.486,3.8174999999999955,384.94225,400.21225, ,31.29,35.1075,,,,,,
268,SO,TIRANO,PO0140660U0001,2012-08-09,425776.0,soggiacenza statica,30.4,395.376,390.6685,394.486,3.8174999999999955,384.94225,400.21225, ,31.29,35.1075,,,,,,
269,SO,TIRANO,PO0140660U0001,2012-09-19,425776.0,soggiacenza statica,31.5,394.276,390.6685,394.486,3.8174999999999955,384.94225,400.21225, ,31.29,35.1075,,,,,,
270,SO,TIRANO,PO0140660U0001,2012-10-24,425776.0,soggiacenza statica,32.17,393.606,390.6685,394.486,3.8174999999999955,384.94225,400.21225, ,31.29,35.1075,,,,,,
271,SO,TIRANO,PO0140660U0001,2012-11-27,425776.0,soggiacenza statica,32.52,393.256,390.6685,394.486,3.8174999999999955,384.94225,400.21225, ,31.29,35.1075,,,,,,
272,SO,TIRANO,PO0140660U0001,2012-12-11,425776.0,soggiacenza statica,32.45,393.326,390.6685,394.486,3.8174999999999955,384.94225,400.21225, ,31.29,35.1075,,,,,,
273,SO,TIRANO,PO0140660U0001,2013-01-14,425776.0,soggiacenza statica,33.04,392.736,390.6685,394.486,3.8174999999999955,384.94225,400.21225, ,31.29,35.1075,,,,,,
274,SO,TIRANO,PO0140660U0001,2013-02-11,425776.0,soggiacenza statica,33.54,392.236,390.6685,394.486,3.8174999999999955,384.94225,400.21225, ,31.29,35.1075,,,,,,
275,SO,TIRANO,PO0140660U0001,2013-03-11,425776.0,soggiacenza statica,34.3,391.476,390.6685,394.486,3.8174999999999955,384.94225,400.21225, ,31.29,35.1075,,,,,,
276,SO,TIRANO,PO0140660U0001,2013-04-08,425776.0,soggiacenza statica,34.96,390.816,390.6685,394.486,3.8174999999999955,384.94225,400.21225, ,31.29,35.1075,,,,,,
277,SO,TIRANO,PO0140660U0001,2013-05-07,425776.0,soggiacenza statica,34.7,391.076,390.6685,394.486,3.8174999999999955,384.94225,400.21225, ,31.29,35.1075,,,,,,
278,SO,TIRANO,PO0140660U0001,2013-06-10,425776.0,soggiacenza statica,33.0,392.776,390.6685,394.486,3.8174999999999955,384.94225,400.21225, ,31.29,35.1075,,,,,,
279,SO,TIRANO,PO0140660U0001,2013-07-08,425776.0,soggiacenza statica,31.26,394.516,390.6685,394.486,3.8174999999999955,384.94225,400.21225, ,31.29,35.1075,,,,,,
280,SO,TIRANO,PO0140660U0001,2013-08-05,425776.0,soggiacenza statica,30.91,394.866,390.6685,394.486,3.8174999999999955,384.94225,400.21225, ,31.29,35.1075,,,,,,
281,SO,TIRANO,PO0140660U0001,2013-09-09,425776.0,soggiacenza statica,31.14,394.636,390.6685,394.486,3.8174999999999955,384.94225,400.21225, ,31.29,35.1075,,,,,,
282,SO,TIRANO,PO0140660U0001,2013-10-07,425776.0,soggiacenza statica,32.7,393.076,390.6685,394.486,3.8174999999999955,384.94225,400.21225, ,31.29,35.1075,,,,,,
283,SO,TIRANO,PO0140660U0001,2013-11-12,425776.0,soggiacenza statica,32.71,393.066,390.6685,394.486,3.8174999999999955,384.94225,400.21225, ,31.29,35.1075,,,,,,
284,SO,TIRANO,PO0140660U0001,2013-12-02,425776.0,soggiacenza statica,33.32,392.456,390.6685,394.486,3.8174999999999955,384.94225,400.21225, ,31.29,35.1075,,,,,,
285,SO,TIRANO,PO0140660U0001,2014-01-27,425776.0,soggiacenza statica,33.23,392.546,390.6685,394.486,3.8174999999999955,384.94225,400.21225, ,31.29,35.1075,,,,,,
286,SO,TIRANO,PO0140660U0001,2014-02-24,425776.0,soggiacenza statica,32.4,393.376,390.6685,394.486,3.8174999999999955,384.94225,400.21225, ,31.29,35.1075,,,,,,
287,SO,TIRANO,PO0140660U0001,2014-03-24,425776.0,soggiacenza statica,32.6,393.176,390.6685,394.486,3.8174999999999955,384.94225,400.21225, ,31.29,35.1075,,,,,,
288,SO,TIRANO,PO0140660U0001,2014-04-24,425776.0,soggiacenza statica,32.48,393.296,390.6685,394.486,3.8174999999999955,384.94225,400.21225, ,31.29,35.1075,,,,,,
289,SO,TIRANO,PO0140660U0001,2014-05-27,425776.0,soggiacenza statica,32.76,393.016,390.6685,394.486,3.8174999999999955,384.94225,400.21225, ,31.29,35.1075,,,,,,
290,SO,TIRANO,PO0140660U0001,2014-06-16,425776.0,soggiacenza statica,31.46,394.316,390.6685,394.486,3.8174999999999955,384.94225,400.21225, ,31.29,35.1075,,,,,,
291,SO,TIRANO,PO0140660U0001,2014-07-09,425776.0,soggiacenza statica,30.86,394.916,390.6685,394.486,3.8174999999999955,384.94225,400.21225, ,31.29,35.1075,,,,,,
292,SO,TIRANO,PO0140660U0001,2014-08-04,425776.0,soggiacenza statica,30.64,395.136,390.6685,394.486,3.8174999999999955,384.94225,400.21225, ,31.29,35.1075,,,,,,
293,SO,TIRANO,PO0140660U0001,2014-09-01,425776.0,soggiacenza statica,30.75,395.026,390.6685,394.486,3.8174999999999955,384.94225,400.21225, ,31.29,35.1075,,,,,,
294,SO,TIRANO,PO0140660U0001,2014-10-20,425776.0,soggiacenza statica,32.36,393.416,390.6685,394.486,3.8174999999999955,384.94225,400.21225, ,31.29,35.1075,,,,,,
295,SO,TIRANO,PO0140660U0001,2014-11-03,425776.0,soggiacenza statica,32.76,393.016,390.6685,394.486,3.8174999999999955,384.94225,400.21225, ,31.29,35.1075,,,,,,
296,SO,TIRANO,PO0140660U0001,2014-12-04,425776.0,soggiacenza statica,31.02,394.756,390.6685,394.486,3.8174999999999955,384.94225,400.21225, ,31.29,35.1075,,,,,,
297,SO,TIRANO,PO0140660U0001,2015-02-26,425776.0,soggiacenza statica,32.84,392.936,390.6685,394.486,3.8174999999999955,384.94225,400.21225, ,31.29,35.1075,,,,,,
298,SO,TIRANO,PO0140660U0001,2015-03-26,425776.0,soggiacenza statica,33.84,391.936,390.6685,394.486,3.8174999999999955,384.94225,400.21225, ,31.29,35.1075,,,,,,
299,SO,TIRANO,PO0140660U0001,2015-04-20,425776.0,soggiacenza statica,33.05,392.726,390.6685,394.486,3.8174999999999955,384.94225,400.21225, ,31.29,35.1075,,,,,,
300,SO,TIRANO,PO0140660U0001,2015-05-11,425776.0,soggiacenza statica,34.91,390.866,390.6685,394.486,3.8174999999999955,384.94225,400.21225, ,31.29,35.1075,,,,,,
301,SO,TIRANO,PO0140660U0001,2015-10-21,425776.0,soggiacenza statica,34.66,391.116,390.6685,394.486,3.8174999999999955,384.94225,400.21225, ,31.29,35.1075,,,,,,
302,SO,TIRANO,PO0140660U0001,2015-12-03,425776.0,soggiacenza statica,36.38,389.396,390.6685,394.486,3.8174999999999955,384.94225,400.21225, ,31.29,35.1075,,,,,,
303,SO,TIRANO,PO0140660U0001,2016-01-08,425776.0,soggiacenza statica,36.33,389.446,390.6685,394.486,3.8174999999999955,384.94225,400.21225, ,31.29,35.1075,,,,,,
304,SO,TIRANO,PO0140660U0001,2016-02-03,425776.0,soggiacenza statica,36.73,389.046,390.6685,394.486,3.8174999999999955,384.94225,400.21225, ,31.29,35.1075,,,,,,
305,SO,TIRANO,PO0140660U0001,2016-03-08,425776.0,soggiacenza statica,35.81,389.966,390.6685,394.486,3.8174999999999955,384.94225,400.21225, ,31.29,35.1075,,,,,,
306,SO,TIRANO,PO0140660U0001,2016-04-27,425776.0,soggiacenza statica,35.87,389.906,390.6685,394.486,3.8174999999999955,384.94225,400.21225, ,31.29,35.1075,,,,,,
307,SO,TIRANO,PO0140660U0001,2016-06-01,425776.0,soggiacenza statica,34.43,391.346,390.6685,394.486,3.8174999999999955,384.94225,400.21225, ,31.29,35.1075,,,,,,
308,SO,TIRANO,PO0140660U0001,2016-07-07,425776.0,soggiacenza statica,27.4,398.376,390.6685,394.486,3.8174999999999955,384.94225,400.21225, ,31.29,35.1075,,,,,,
309,SO,TIRANO,PO0140660U0001,2016-08-28,425776.0,soggiacenza statica,28.3,397.476,390.6685,394.486,3.8174999999999955,384.94225,400.21225, ,31.29,35.1075,,,,,,
310,SO,TIRANO,PO0140660U0001,2016-10-04,425776.0,soggiacenza statica,28.2,397.576,390.6685,394.486,3.8174999999999955,384.94225,400.21225, ,31.29,35.1075,,,,,,
311,SO,TIRANO,PO0140660U0001,2016-11-08,425776.0,soggiacenza statica,28.3,397.476,390.6685,394.486,3.8174999999999955,384.94225,400.21225, ,31.29,35.1075,,,,,,
312,SO,TIRANO,PO0140660U0001,2016-12-07,425776.0,soggiacenza statica,29.3,396.476,390.6685,394.486,3.8174999999999955,384.94225,400.21225, ,31.29,35.1075,,,,,,
313,SO,TIRANO,PO0140660U0001,2017-01-10,425776.0,soggiacenza statica,29.9,395.876,390.6685,394.486,3.8174999999999955,384.94225,400.21225, ,31.29,35.1075,,,,,,
314,SO,TIRANO,PO0140660U0001,2017-02-07,425776.0,soggiacenza statica,30.0,395.776,390.6685,394.486,3.8174999999999955,384.94225,400.21225, ,31.29,35.1075,,,,,,
315,SO,TIRANO,PO0140660U0001,2017-03-09,425776.0,soggiacenza statica,34.0,391.776,390.6685,394.486,3.8174999999999955,384.94225,400.21225, ,31.29,35.1075,,,,,,
316,SO,TIRANO,PO0140660U0001,2017-05-10,425776.0,soggiacenza statica,33.4,392.376,390.6685,394.486,3.8174999999999955,384.94225,400.21225, ,31.29,35.1075,,,,,,
317,SO,TIRANO,PO0140660U0001,2017-06-06,425776.0,soggiacenza statica,31.55,394.226,390.6685,394.486,3.8174999999999955,384.94225,400.21225, ,31.29,35.1075,,,,,,
318,SO,TIRANO,PO0140660U0001,2017-07-07,425776.0,soggiacenza statica,30.74,395.036,390.6685,394.486,3.8174999999999955,384.94225,400.21225, ,31.29,35.1075,,,,,,
319,SO,TIRANO,PO0140660U0001,2017-08-07,425776.0,soggiacenza statica,31.0,394.776,390.6685,394.486,3.8174999999999955,384.94225,400.21225, ,31.29,35.1075,,,,,,
320,SO,TIRANO,PO0140660U0001,2017-09-19,425776.0,soggiacenza statica,31.5,394.276,390.6685,394.486,3.8174999999999955,384.94225,400.21225, ,31.29,35.1075,,,,,,
321,SO,TIRANO,PO0140660U0001,2017-10-24,425776.0,soggiacenza statica,30.2,395.576,390.6685,394.486,3.8174999999999955,384.94225,400.21225, ,31.29,35.1075,,,,,,
322,SO,TIRANO,PO0140660U0001,2017-11-02,425776.0,soggiacenza statica,31.0,394.776,390.6685,394.486,3.8174999999999955,384.94225,400.21225, ,31.29,35.1075,,,,,,
323,SO,TIRANO,PO0140660U0001,2017-12-06,425776.0,soggiacenza statica,33.33,392.446,390.6685,394.486,3.8174999999999955,384.94225,400.21225, ,31.29,35.1075,,,,,,
324,SO,TIRANO,PO0140660U0001,2018-01-11,425776.0,soggiacenza statica,32.724999999999994,392.84933333333333,390.6685,394.486,3.8174999999999955,384.94225,400.21225, ,31.29,35.1075,,,,,,
325,SO,TIRANO,PO0140660U0001,2018-02-07,425776.0,soggiacenza statica,35.02,390.756,390.6685,394.486,3.8174999999999955,384.94225,400.21225, ,31.29,35.1075,,,,,,
326,SO,TIRANO,PO0140660U0001,2018-03-09,425776.0,soggiacenza statica,35.24,390.536,390.6685,394.486,3.8174999999999955,384.94225,400.21225, ,31.29,35.1075,,,,,,
327,SO,TIRANO,PO0140660U0001,2018-04-09,425776.0,soggiacenza statica,34.89,390.886,390.6685,394.486,3.8174999999999955,384.94225,400.21225, ,31.29,35.1075,,,,,,
328,SO,TIRANO,PO0140660U0001,2018-05-28,425776.0,soggiacenza statica,33.67,392.106,390.6685,394.486,3.8174999999999955,384.94225,400.21225, ,31.29,35.1075,,,,,,
329,SO,TIRANO,PO0140660U0001,2018-06-30,425776.0,soggiacenza statica,30.87,394.906,390.6685,394.486,3.8174999999999955,384.94225,400.21225, ,31.29,35.1075,,,,,,
330,SO,TIRANO,PO0140660U0001,2018-07-30,425776.0,soggiacenza statica,30.76,395.016,390.6685,394.486,3.8174999999999955,384.94225,400.21225, ,31.29,35.1075,,,,,,
331,SO,TIRANO,PO0140660U0001,2018-08-18,425776.0,soggiacenza statica,30.57,395.206,390.6685,394.486,3.8174999999999955,384.94225,400.21225, ,31.29,35.1075,,,,,,
332,SO,TIRANO,PO0140660U0001,2018-10-30,425776.0,soggiacenza statica,34.05,391.726,390.6685,394.486,3.8174999999999955,384.94225,400.21225, ,31.29,35.1075,,,,,,
333,SO,TIRANO,PO0140660U0001,2018-11-30,425776.0,soggiacenza statica,33.0,392.776,390.6685,394.486,3.8174999999999955,384.94225,400.21225, ,31.29,35.1075,,,,,,
334,SO,TIRANO,PO0140660U0001,2018-12-30,425776.0,soggiacenza statica,33.23,392.546,390.6685,394.486,3.8174999999999955,384.94225,400.21225, ,31.29,35.1075,,,,,,
335,SO,TIRANO,PO0140660U0001,2019-01-31,425776.0,soggiacenza statica,34.4,391.376,390.6685,394.486,3.8174999999999955,384.94225,400.21225, ,31.29,35.1075,,,,,,
336,SO,TIRANO,PO0140660U0001,2019-02-28,425776.0,soggiacenza statica,35.3,390.476,390.6685,394.486,3.8174999999999955,384.94225,400.21225, ,31.29,35.1075,,,,,,
337,SO,TIRANO,PO0140660U0001,2019-03-31,425776.0,soggiacenza statica,35.67,390.106,390.6685,394.486,3.8174999999999955,384.94225,400.21225, ,31.29,35.1075,,,,,,
338,SO,TIRANO,PO0140660U0001,2019-04-30,425776.0,soggiacenza statica,35.39,390.386,390.6685,394.486,3.8174999999999955,384.94225,400.21225, ,31.29,35.1075,,,,,,
339,SO,TIRANO,PO0140660U0001,2019-05-23,425776.0,soggiacenza statica,35.01,390.766,390.6685,394.486,3.8174999999999955,384.94225,400.21225, ,31.29,35.1075,,,,,,
340,SO,TIRANO,PO0140660U0001,2019-06-23,425776.0,soggiacenza statica,32.81,392.966,390.6685,394.486,3.8174999999999955,384.94225,400.21225, ,31.29,35.1075,,,,,,
341,SO,TIRANO,PO0140660U0001,2019-07-20,425776.0,soggiacenza statica,30.45,395.326,390.6685,394.486,3.8174999999999955,384.94225,400.21225, ,31.29,35.1075,,,,,,
342,SO,TIRANO,PO0140660U0001,2019-08-31,425776.0,soggiacenza statica,30.48,395.296,390.6685,394.486,3.8174999999999955,384.94225,400.21225, ,31.29,35.1075,,,,,,
343,SO,TIRANO,PO0140660U0001,2019-09-30,425776.0,soggiacenza statica,31.34,394.436,390.6685,394.486,3.8174999999999955,384.94225,400.21225, ,31.29,35.1075,,,,,,
344,SO,TIRANO,PO0140660U0001,2019-10-30,425776.0,soggiacenza statica,32.4,393.376,390.6685,394.486,3.8174999999999955,384.94225,400.21225, ,31.29,35.1075,,,,,,
345,SO,TIRANO,PO0140660U0001,2019-11-30,425776.0,soggiacenza statica,31.5,394.276,390.6685,394.486,3.8174999999999955,384.94225,400.21225, ,31.29,35.1075,,,,,,
346,SO,TIRANO,PO0140660U0001,2019-12-28,425776.0,soggiacenza statica,31.69,394.086,390.6685,394.486,3.8174999999999955,384.94225,400.21225, ,31.29,35.1075,,,,,,
347,SO,TIRANO,PO0140660U0001,2020-01-28,425776.0,soggiacenza statica,32.29,393.486,390.6685,394.486,3.8174999999999955,384.94225,400.21225, ,31.29,35.1075,,,,,,
348,SO,TIRANO,PO0140660U0001,2020-02-28,425776.0,soggiacenza statica,33.94,391.836,390.6685,394.486,3.8174999999999955,384.94225,400.21225, ,31.29,35.1075,,,,,,
349,SO,TIRANO,PO0140660U0001,2020-03-28,425776.0,soggiacenza statica,34.48,391.296,390.6685,394.486,3.8174999999999955,384.94225,400.21225, ,31.29,35.1075,,,,,,
350,SO,TIRANO,PO0140660U0001,2020-04-24,425776.0,soggiacenza statica,35.06,390.716,390.6685,394.486,3.8174999999999955,384.94225,400.21225, ,31.29,35.1075,,,,,,
351,SO,TIRANO,PO0140660U0001,2020-05-30,425776.0,soggiacenza statica,34.05,391.726,390.6685,394.486,3.8174999999999955,384.94225,400.21225, ,31.29,35.1075,,,,,,
352,SO,TIRANO,PO0140660U0001,2020-06-30,425776.0,soggiacenza statica,31.32,394.456,390.6685,394.486,3.8174999999999955,384.94225,400.21225, ,31.29,35.1075,,,,,,
353,SO,TIRANO,PO0140660U0001,2020-07-31,425776.0,soggiacenza statica,30.55,395.226,390.6685,394.486,3.8174999999999955,384.94225,400.21225, ,31.29,35.1075,,,,,,
354,SO,TIRANO,PO0140660U0001,2020-08-31,425776.0,soggiacenza statica,31.35,394.426,390.6685,394.486,3.8174999999999955,384.94225,400.21225, ,31.29,35.1075,,,,,,
355,SO,TIRANO,PO0140660U0001,2020-09-30,425776.0,soggiacenza statica,31.47,394.306,390.6685,394.486,3.8174999999999955,384.94225,400.21225, ,31.29,35.1075,,,,,,
356,SO,TIRANO,PO0140660U0001,2020-10-31,425776.0,soggiacenza statica,31.81,393.966,390.6685,394.486,3.8174999999999955,384.94225,400.21225, ,31.29,35.1075,,,,,,
357,SO,TIRANO,PO0140660U0001,2020-11-30,425776.0,soggiacenza statica,32.51,393.266,390.6685,394.486,3.8174999999999955,384.94225,400.21225, ,31.29,35.1075,,,,,,
358,SO,TIRANO,PO0140660U0001,2020-12-21,425776.0,soggiacenza statica,32.78,392.996,390.6685,394.486,3.8174999999999955,384.94225,400.21225, ,31.29,35.1075,,,,,,
359,SO,TIRANO,PO0140660U0001,2021-01-31,425776.0,soggiacenza statica,33.4,392.376,390.6685,394.486,3.8174999999999955,384.94225,400.21225, ,31.29,35.1075,,,,,,
360,SO,TIRANO,PO0140660U0001,2021-02-28,425776.0,soggiacenza statica,33.5,392.276,390.6685,394.486,3.8174999999999955,384.94225,400.21225, ,31.29,35.1075,,,,,,
361,SO,TIRANO,PO0140660U0001,2021-03-31,425776.0,soggiacenza statica,34.53,391.246,390.6685,394.486,3.8174999999999955,384.94225,400.21225, ,31.29,35.1075,,,,,,
362,SO,TIRANO,PO0140660U0001,2021-04-26,425776.0,soggiacenza statica,34.98,390.796,390.6685,394.486,3.8174999999999955,384.94225,400.21225, ,31.29,35.1075,,,,,,
363,SO,TEGLIO,PO014065NR0010,2006-05-17,384.75,soggiacenza statica,5.08,379.67,380.0,380.65,0.6499999999999773,379.02500000000003,381.62499999999994, ,4.1,4.75,,,,,,
364,SO,TEGLIO,PO014065NR0010,2006-06-28,384.75,soggiacenza statica,4.97,379.78,380.0,380.65,0.6499999999999773,379.02500000000003,381.62499999999994, ,4.1,4.75,,,,,,
365,SO,TEGLIO,PO014065NR0010,2006-07-26,384.75,soggiacenza statica,6.19,378.56,380.0,380.65,0.6499999999999773,379.02500000000003,381.62499999999994,OUTLIER,4.1,4.75,,,,,,
366,SO,TEGLIO,PO014065NR0010,2006-08-30,384.75,soggiacenza statica,5.15,379.6,380.0,380.65,0.6499999999999773,379.02500000000003,381.62499999999994, ,4.1,4.75,,,,,,
367,SO,TEGLIO,PO014065NR0010,2006-09-25,384.75,soggiacenza statica,4.93,379.82,380.0,380.65,0.6499999999999773,379.02500000000003,381.62499999999994, ,4.1,4.75,,,,,,
368,SO,TEGLIO,PO014065NR0010,2006-10-26,384.75,soggiacenza statica,5.05,379.7,380.0,380.65,0.6499999999999773,379.02500000000003,381.62499999999994, ,4.1,4.75,,,,,,
369,SO,TEGLIO,PO014065NR0010,2006-11-16,384.75,soggiacenza statica,5.63,379.12,380.0,380.65,0.6499999999999773,379.02500000000003,381.62499999999994, ,4.1,4.75,,,,,,
370,SO,TEGLIO,PO014065NR0010,2006-12-21,384.75,soggiacenza statica,5.34,379.41,380.0,380.65,0.6499999999999773,379.02500000000003,381.62499999999994, ,4.1,4.75,,,,,,
371,SO,TEGLIO,PO014065NR0010,2007-01-26,384.75,soggiacenza statica,5.29,379.46,380.0,380.65,0.6499999999999773,379.02500000000003,381.62499999999994, ,4.1,4.75,,,,,,
372,SO,TEGLIO,PO014065NR0010,2007-02-23,384.75,soggiacenza statica,5.35,379.4,380.0,380.65,0.6499999999999773,379.02500000000003,381.62499999999994, ,4.1,4.75,,,,,,
373,SO,TEGLIO,PO014065NR0010,2007-03-28,384.75,soggiacenza statica,5.5,379.25,380.0,380.65,0.6499999999999773,379.02500000000003,381.62499999999994, ,4.1,4.75,,,,,,
374,SO,TEGLIO,PO014065NR0010,2007-04-26,384.75,soggiacenza statica,5.95,378.8,380.0,380.65,0.6499999999999773,379.02500000000003,381.62499999999994,OUTLIER,4.1,4.75,,,,,,
375,SO,TEGLIO,PO014065NR0010,2007-05-16,384.75,soggiacenza statica,5.4,379.35,380.0,380.65,0.6499999999999773,379.02500000000003,381.62499999999994, ,4.1,4.75,,,,,,
376,SO,TEGLIO,PO014065NR0010,2007-06-25,384.75,soggiacenza statica,5.08,379.67,380.0,380.65,0.6499999999999773,379.02500000000003,381.62499999999994, ,4.1,4.75,,,,,,
377,SO,TEGLIO,PO014065NR0010,2007-07-23,384.75,soggiacenza statica,4.89,379.86,380.0,380.65,0.6499999999999773,379.02500000000003,381.62499999999994, ,4.1,4.75,,,,,,
378,SO,TEGLIO,PO014065NR0010,2007-08-23,384.75,soggiacenza statica,4.35,380.4,380.0,380.65,0.6499999999999773,379.02500000000003,381.62499999999994, ,4.1,4.75,,,,,,
379,SO,TEGLIO,PO014065NR0010,2007-09-18,384.75,soggiacenza statica,4.9,379.85,380.0,380.65,0.6499999999999773,379.02500000000003,381.62499999999994, ,4.1,4.75,,,,,,
380,SO,TEGLIO,PO014065NR0010,2007-10-26,384.75,soggiacenza statica,4.9,379.85,380.0,380.65,0.6499999999999773,379.02500000000003,381.62499999999994, ,4.1,4.75,,,,,,
381,SO,TEGLIO,PO014065NR0010,2007-11-15,384.75,soggiacenza statica,5.06,379.69,380.0,380.65,0.6499999999999773,379.02500000000003,381.62499999999994, ,4.1,4.75,,,,,,
382,SO,TEGLIO,PO014065NR0010,2007-12-19,384.75,soggiacenza statica,5.17,379.58,380.0,380.65,0.6499999999999773,379.02500000000003,381.62499999999994, ,4.1,4.75,,,,,,
383,SO,TEGLIO,PO014065NR0010,2008-01-30,384.75,soggiacenza statica,5.02,379.73,380.0,380.65,0.6499999999999773,379.02500000000003,381.62499999999994, ,4.1,4.75,,,,,,
384,SO,TEGLIO,PO014065NR0010,2008-02-21,384.75,soggiacenza statica,5.52,379.23,380.0,380.65,0.6499999999999773,379.02500000000003,381.62499999999994, ,4.1,4.75,,,,,,
385,SO,TEGLIO,PO014065NR0010,2008-03-20,384.75,soggiacenza statica,5.67,379.08,380.0,380.65,0.6499999999999773,379.02500000000003,381.62499999999994, ,4.1,4.75,,,,,,
386,SO,TEGLIO,PO014065NR0010,2008-04-28,384.75,soggiacenza statica,6.0,378.75,380.0,380.65,0.6499999999999773,379.02500000000003,381.62499999999994,OUTLIER,4.1,4.75,,,,,,
387,SO,TEGLIO,PO014065NR0010,2008-05-19,384.75,soggiacenza statica,5.81,378.94,380.0,380.65,0.6499999999999773,379.02500000000003,381.62499999999994,OUTLIER,4.1,4.75,,,,,,
388,SO,TEGLIO,PO014065NR0010,2008-06-30,384.75,soggiacenza statica,4.38,380.37,380.0,380.65,0.6499999999999773,379.02500000000003,381.62499999999994, ,4.1,4.75,,,,,,
389,SO,TEGLIO,PO014065NR0010,2008-07-23,384.75,soggiacenza statica,4.01,380.74,380.0,380.65,0.6499999999999773,379.02500000000003,381.62499999999994, ,4.1,4.75,,,,,,
390,SO,TEGLIO,PO014065NR0010,2008-08-27,384.75,soggiacenza statica,4.25,380.5,380.0,380.65,0.6499999999999773,379.02500000000003,381.62499999999994, ,4.1,4.75,,,,,,
391,SO,TEGLIO,PO014065NR0010,2008-09-22,384.75,soggiacenza statica,3.95,380.8,380.0,380.65,0.6499999999999773,379.02500000000003,381.62499999999994, ,4.1,4.75,,,,,,
392,SO,TEGLIO,PO014065NR0010,2008-10-29,384.75,soggiacenza statica,4.64,380.11,380.0,380.65,0.6499999999999773,379.02500000000003,381.62499999999994, ,4.1,4.75,,,,,,
393,SO,TEGLIO,PO014065NR0010,2008-11-18,384.75,soggiacenza statica,4.27,380.48,380.0,380.65,0.6499999999999773,379.02500000000003,381.62499999999994, ,4.1,4.75,,,,,,
394,SO,TEGLIO,PO014065NR0010,2008-12-23,384.75,soggiacenza statica,4.63,380.12,380.0,380.65,0.6499999999999773,379.02500000000003,381.62499999999994, ,4.1,4.75,,,,,,
395,SO,TEGLIO,PO014065NR0010,2009-01-28,384.75,soggiacenza statica,3.98,380.77,380.0,380.65,0.6499999999999773,379.02500000000003,381.62499999999994, ,4.1,4.75,,,,,,
396,SO,TEGLIO,PO014065NR0010,2009-02-25,384.75,soggiacenza statica,3.95,380.8,380.0,380.65,0.6499999999999773,379.02500000000003,381.62499999999994, ,4.1,4.75,,,,,,
397,SO,TEGLIO,PO014065NR0010,2009-03-24,384.75,soggiacenza statica,4.15,380.6,380.0,380.65,0.6499999999999773,379.02500000000003,381.62499999999994, ,4.1,4.75,,,,,,
398,SO,TEGLIO,PO014065NR0010,2009-04-20,384.75,soggiacenza statica,3.95,380.8,380.0,380.65,0.6499999999999773,379.02500000000003,381.62499999999994, ,4.1,4.75,,,,,,
399,SO,TEGLIO,PO014065NR0010,2009-05-20,384.75,soggiacenza statica,4.33,380.42,380.0,380.65,0.6499999999999773,379.02500000000003,381.62499999999994, ,4.1,4.75,,,,,,
400,SO,TEGLIO,PO014065NR0010,2009-06-25,384.75,soggiacenza statica,4.04,380.71,380.0,380.65,0.6499999999999773,379.02500000000003,381.62499999999994, ,4.1,4.75,,,,,,
401,SO,TEGLIO,PO014065NR0010,2009-07-31,384.75,soggiacenza statica,4.15,380.6,380.0,380.65,0.6499999999999773,379.02500000000003,381.62499999999994, ,4.1,4.75,,,,,,
402,SO,TEGLIO,PO014065NR0010,2009-08-27,384.75,soggiacenza statica,4.55,380.2,380.0,380.65,0.6499999999999773,379.02500000000003,381.62499999999994, ,4.1,4.75,,,,,,
403,SO,TEGLIO,PO014065NR0010,2009-09-24,384.75,soggiacenza statica,4.55,380.2,380.0,380.65,0.6499999999999773,379.02500000000003,381.62499999999994, ,4.1,4.75,,,,,,
404,SO,TEGLIO,PO014065NR0010,2009-10-28,384.75,soggiacenza statica,4.65,380.1,380.0,380.65,0.6499999999999773,379.02500000000003,381.62499999999994, ,4.1,4.75,,,,,,
405,SO,TEGLIO,PO014065NR0010,2009-11-16,384.75,soggiacenza statica,4.8,379.95,380.0,380.65,0.6499999999999773,379.02500000000003,381.62499999999994, ,4.1,4.75,,,,,,
406,SO,TEGLIO,PO014065NR0010,2009-12-18,384.75,soggiacenza statica,4.75,380.0,380.0,380.65,0.6499999999999773,379.02500000000003,381.62499999999994, ,4.1,4.75,,,,,,
407,SO,TEGLIO,PO014065NR0010,2010-01-29,384.75,soggiacenza statica,4.69,380.06,380.0,380.65,0.6499999999999773,379.02500000000003,381.62499999999994, ,4.1,4.75,,,,,,
408,SO,TEGLIO,PO014065NR0010,2010-02-24,384.75,soggiacenza statica,5.05,379.7,380.0,380.65,0.6499999999999773,379.02500000000003,381.62499999999994, ,4.1,4.75,,,,,,
409,SO,TEGLIO,PO014065NR0010,2010-03-30,384.75,soggiacenza statica,5.45,379.3,380.0,380.65,0.6499999999999773,379.02500000000003,381.62499999999994, ,4.1,4.75,,,,,,
410,SO,TEGLIO,PO014065NR0010,2010-04-30,384.75,soggiacenza statica,5.17,379.58,380.0,380.65,0.6499999999999773,379.02500000000003,381.62499999999994, ,4.1,4.75,,,,,,
411,SO,TEGLIO,PO014065NR0010,2010-05-27,384.75,soggiacenza statica,4.33,380.42,380.0,380.65,0.6499999999999773,379.02500000000003,381.62499999999994, ,4.1,4.75,,,,,,
412,SO,TEGLIO,PO014065NR0010,2010-06-30,384.75,soggiacenza statica,4.58,380.17,380.0,380.65,0.6499999999999773,379.02500000000003,381.62499999999994, ,4.1,4.75,,,,,,
413,SO,TEGLIO,PO014065NR0010,2010-07-28,384.75,soggiacenza statica,5.25,379.5,380.0,380.65,0.6499999999999773,379.02500000000003,381.62499999999994, ,4.1,4.75,,,,,,
414,SO,TEGLIO,PO014065NR0010,2010-08-30,384.75,soggiacenza statica,4.4,380.35,380.0,380.65,0.6499999999999773,379.02500000000003,381.62499999999994, ,4.1,4.75,,,,,,
415,SO,TEGLIO,PO014065NR0010,2010-09-23,384.75,soggiacenza statica,4.29,380.46,380.0,380.65,0.6499999999999773,379.02500000000003,381.62499999999994, ,4.1,4.75,,,,,,
416,SO,TEGLIO,PO014065NR0010,2010-10-28,384.75,soggiacenza statica,4.79,379.96,380.0,380.65,0.6499999999999773,379.02500000000003,381.62499999999994, ,4.1,4.75,,,,,,
417,SO,TEGLIO,PO014065NR0010,2010-11-22,384.75,soggiacenza statica,3.69,381.06,380.0,380.65,0.6499999999999773,379.02500000000003,381.62499999999994, ,4.1,4.75,,,,,,
418,SO,TEGLIO,PO014065NR0010,2010-12-22,384.75,soggiacenza statica,4.53,380.22,380.0,380.65,0.6499999999999773,379.02500000000003,381.62499999999994, ,4.1,4.75,,,,,,
419,SO,TEGLIO,PO014065NR0010,2011-01-27,384.75,soggiacenza statica,4.35,380.4,380.0,380.65,0.6499999999999773,379.02500000000003,381.62499999999994, ,4.1,4.75,,,,,,
420,SO,TEGLIO,PO014065NR0010,2011-02-25,384.75,soggiacenza statica,4.48,380.27,380.0,380.65,0.6499999999999773,379.02500000000003,381.62499999999994, ,4.1,4.75,,,,,,
421,SO,TEGLIO,PO014065NR0010,2011-03-31,384.75,soggiacenza statica,4.5,380.25,380.0,380.65,0.6499999999999773,379.02500000000003,381.62499999999994, ,4.1,4.75,,,,,,
422,SO,TEGLIO,PO014065NR0010,2011-04-28,384.75,soggiacenza statica,4.95,379.8,380.0,380.65,0.6499999999999773,379.02500000000003,381.62499999999994, ,4.1,4.75,,,,,,
423,SO,TEGLIO,PO014065NR0010,2011-05-12,384.75,soggiacenza statica,4.93,379.82,380.0,380.65,0.6499999999999773,379.02500000000003,381.62499999999994, ,4.1,4.75,,,,,,
424,SO,TEGLIO,PO014065NR0010,2011-06-23,384.75,soggiacenza statica,4.56,380.19,380.0,380.65,0.6499999999999773,379.02500000000003,381.62499999999994, ,4.1,4.75,,,,,,
425,SO,TEGLIO,PO014065NR0010,2011-07-27,384.75,soggiacenza statica,4.25,380.5,380.0,380.65,0.6499999999999773,379.02500000000003,381.62499999999994, ,4.1,4.75,,,,,,
426,SO,TEGLIO,PO014065NR0010,2011-08-31,384.75,soggiacenza statica,4.55,380.2,380.0,380.65,0.6499999999999773,379.02500000000003,381.62499999999994, ,4.1,4.75,,,,,,
427,SO,TEGLIO,PO014065NR0010,2011-09-28,384.75,soggiacenza statica,4.29,380.46,380.0,380.65,0.6499999999999773,379.02500000000003,381.62499999999994, ,4.1,4.75,,,,,,
428,SO,TEGLIO,PO014065NR0010,2011-10-26,384.75,soggiacenza statica,4.55,380.2,380.0,380.65,0.6499999999999773,379.02500000000003,381.62499999999994, ,4.1,4.75,,,,,,
429,SO,TEGLIO,PO014065NR0010,2011-11-02,384.75,soggiacenza statica,4.65,380.1,380.0,380.65,0.6499999999999773,379.02500000000003,381.62499999999994, ,4.1,4.75,,,,,,
430,SO,TEGLIO,PO014065NR0010,2011-12-19,384.75,soggiacenza statica,4.75,380.0,380.0,380.65,0.6499999999999773,379.02500000000003,381.62499999999994, ,4.1,4.75,,,,,,
431,SO,TEGLIO,PO014065NR0010,2012-01-25,384.75,soggiacenza statica,4.93,379.82,380.0,380.65,0.6499999999999773,379.02500000000003,381.62499999999994, ,4.1,4.75,,,,,,
432,SO,TEGLIO,PO014065NR0010,2012-02-22,384.75,soggiacenza statica,5.14,379.61,380.0,380.65,0.6499999999999773,379.02500000000003,381.62499999999994, ,4.1,4.75,,,,,,
433,SO,TEGLIO,PO014065NR0010,2012-03-28,384.75,soggiacenza statica,5.28,379.47,380.0,380.65,0.6499999999999773,379.02500000000003,381.62499999999994, ,4.1,4.75,,,,,,
434,SO,TEGLIO,PO014065NR0010,2012-04-24,384.75,soggiacenza statica,5.55,379.2,380.0,380.65,0.6499999999999773,379.02500000000003,381.62499999999994, ,4.1,4.75,,,,,,
435,SO,TEGLIO,PO014065NR0010,2012-05-21,384.75,soggiacenza statica,4.83,379.92,380.0,380.65,0.6499999999999773,379.02500000000003,381.62499999999994, ,4.1,4.75,,,,,,
436,SO,TEGLIO,PO014065NR0010,2012-06-21,384.75,soggiacenza statica,4.87,379.88,380.0,380.65,0.6499999999999773,379.02500000000003,381.62499999999994, ,4.1,4.75,,,,,,
437,SO,TEGLIO,PO014065NR0010,2012-07-11,384.75,soggiacenza statica,4.67,380.08,380.0,380.65,0.6499999999999773,379.02500000000003,381.62499999999994, ,4.1,4.75,,,,,,
438,SO,TEGLIO,PO014065NR0010,2012-08-07,384.75,soggiacenza statica,3.74,381.01,380.0,380.65,0.6499999999999773,379.02500000000003,381.62499999999994, ,4.1,4.75,,,,,,
439,SO,TEGLIO,PO014065NR0010,2012-09-12,384.75,soggiacenza statica,4.69,380.06,380.0,380.65,0.6499999999999773,379.02500000000003,381.62499999999994, ,4.1,4.75,,,,,,
440,SO,TEGLIO,PO014065NR0010,2012-10-17,384.75,soggiacenza statica,4.55,380.2,380.0,380.65,0.6499999999999773,379.02500000000003,381.62499999999994, ,4.1,4.75,,,,,,
441,SO,TEGLIO,PO014065NR0010,2012-11-06,384.75,soggiacenza statica,4.27,380.48,380.0,380.65,0.6499999999999773,379.02500000000003,381.62499999999994, ,4.1,4.75,,,,,,
442,SO,TEGLIO,PO014065NR0010,2012-12-17,384.75,soggiacenza statica,4.35,380.4,380.0,380.65,0.6499999999999773,379.02500000000003,381.62499999999994, ,4.1,4.75,,,,,,
443,SO,TEGLIO,PO014065NR0010,2013-01-21,384.75,soggiacenza statica,4.7,380.05,380.0,380.65,0.6499999999999773,379.02500000000003,381.62499999999994, ,4.1,4.75,,,,,,
444,SO,TEGLIO,PO014065NR0010,2013-02-18,384.75,soggiacenza statica,4.79,379.96,380.0,380.65,0.6499999999999773,379.02500000000003,381.62499999999994, ,4.1,4.75,,,,,,
445,SO,TEGLIO,PO014065NR0010,2013-03-19,384.75,soggiacenza statica,4.81,379.94,380.0,380.65,0.6499999999999773,379.02500000000003,381.62499999999994, ,4.1,4.75,,,,,,
446,SO,TEGLIO,PO014065NR0010,2013-04-22,384.75,soggiacenza statica,4.7,380.05,380.0,380.65,0.6499999999999773,379.02500000000003,381.62499999999994, ,4.1,4.75,,,,,,
447,SO,TEGLIO,PO014065NR0010,2013-05-13,384.75,soggiacenza statica,4.55,380.2,380.0,380.65,0.6499999999999773,379.02500000000003,381.62499999999994, ,4.1,4.75,,,,,,
448,SO,TEGLIO,PO014065NR0010,2013-06-03,384.75,soggiacenza statica,4.14,380.61,380.0,380.65,0.6499999999999773,379.02500000000003,381.62499999999994, ,4.1,4.75,,,,,,
449,SO,TEGLIO,PO014065NR0010,2013-07-15,384.75,soggiacenza statica,4.75,380.0,380.0,380.65,0.6499999999999773,379.02500000000003,381.62499999999994, ,4.1,4.75,,,,,,
450,SO,TEGLIO,PO014065NR0010,2013-08-05,384.75,soggiacenza statica,4.28,380.47,380.0,380.65,0.6499999999999773,379.02500000000003,381.62499999999994, ,4.1,4.75,,,,,,
451,SO,TEGLIO,PO014065NR0010,2013-09-16,384.75,soggiacenza statica,4.62,380.13,380.0,380.65,0.6499999999999773,379.02500000000003,381.62499999999994, ,4.1,4.75,,,,,,
452,SO,TEGLIO,PO014065NR0010,2013-10-15,384.75,soggiacenza statica,5.0,379.75,380.0,380.65,0.6499999999999773,379.02500000000003,381.62499999999994, ,4.1,4.75,,,,,,
453,SO,TEGLIO,PO014065NR0010,2013-11-19,384.75,soggiacenza statica,4.48,380.27,380.0,380.65,0.6499999999999773,379.02500000000003,381.62499999999994, ,4.1,4.75,,,,,,
454,SO,TEGLIO,PO014065NR0010,2013-12-09,384.75,soggiacenza statica,4.48,380.27,380.0,380.65,0.6499999999999773,379.02500000000003,381.62499999999994, ,4.1,4.75,,,,,,
455,SO,TEGLIO,PO014065NR0010,2014-01-20,384.75,soggiacenza statica,5.27,379.48,380.0,380.65,0.6499999999999773,379.02500000000003,381.62499999999994, ,4.1,4.75,,,,,,
456,SO,TEGLIO,PO014065NR0010,2014-02-05,384.75,soggiacenza statica,4.02,380.73,380.0,380.65,0.6499999999999773,379.02500000000003,381.62499999999994, ,4.1,4.75,,,,,,
457,SO,TEGLIO,PO014065NR0010,2014-03-17,384.75,soggiacenza statica,3.79,380.96,380.0,380.65,0.6499999999999773,379.02500000000003,381.62499999999994, ,4.1,4.75,,,,,,
458,SO,TEGLIO,PO014065NR0010,2014-04-07,384.75,soggiacenza statica,4.35,380.4,380.0,380.65,0.6499999999999773,379.02500000000003,381.62499999999994, ,4.1,4.75,,,,,,
459,SO,TEGLIO,PO014065NR0010,2014-05-19,384.75,soggiacenza statica,4.41,380.34,380.0,380.65,0.6499999999999773,379.02500000000003,381.62499999999994, ,4.1,4.75,,,,,,
460,SO,TEGLIO,PO014065NR0010,2014-06-11,384.75,soggiacenza statica,4.39,380.36,380.0,380.65,0.6499999999999773,379.02500000000003,381.62499999999994, ,4.1,4.75,,,,,,
461,SO,TEGLIO,PO014065NR0010,2014-07-14,384.75,soggiacenza statica,4.48,380.27,380.0,380.65,0.6499999999999773,379.02500000000003,381.62499999999994, ,4.1,4.75,,,,,,
462,SO,TEGLIO,PO014065NR0010,2014-08-04,384.75,soggiacenza statica,4.1,380.65,380.0,380.65,0.6499999999999773,379.02500000000003,381.62499999999994, ,4.1,4.75,,,,,,
463,SO,TEGLIO,PO014065NR0010,2014-09-01,384.75,soggiacenza statica,4.15,380.6,380.0,380.65,0.6499999999999773,379.02500000000003,381.62499999999994, ,4.1,4.75,,,,,,
464,SO,TEGLIO,PO014065NR0010,2014-10-06,384.75,soggiacenza statica,4.49,380.26,380.0,380.65,0.6499999999999773,379.02500000000003,381.62499999999994, ,4.1,4.75,,,,,,
465,SO,TEGLIO,PO014065NR0010,2014-11-17,384.75,soggiacenza statica,3.37,381.38,380.0,380.65,0.6499999999999773,379.02500000000003,381.62499999999994, ,4.1,4.75,,,,,,
466,SO,TEGLIO,PO014065NR0010,2014-12-18,384.75,soggiacenza statica,2.83,381.92,380.0,380.65,0.6499999999999773,379.02500000000003,381.62499999999994,OUTLIER,4.1,4.75,,,,,,
467,SO,TEGLIO,PO014065NR0010,2014-12-24,384.75,soggiacenza statica,2.83,381.92,380.0,380.65,0.6499999999999773,379.02500000000003,381.62499999999994,OUTLIER,4.1,4.75,,,,,,
468,SO,TEGLIO,PO014065NR0010,2015-01-01,384.75,soggiacenza statica,3.9,380.85,380.0,380.65,0.6499999999999773,379.02500000000003,381.62499999999994, ,4.1,4.75,,,,,,
469,SO,TEGLIO,PO014065NR0010,2015-02-01,384.75,soggiacenza statica,4.015,380.735,380.0,380.65,0.6499999999999773,379.02500000000003,381.62499999999994, ,4.1,4.75,,,,,,
470,SO,TEGLIO,PO014065NR0010,2015-03-01,384.75,soggiacenza statica,4.325,380.425,380.0,380.65,0.6499999999999773,379.02500000000003,381.62499999999994, ,4.1,4.75,,,,,,
471,SO,TEGLIO,PO014065NR0010,2015-04-01,384.75,soggiacenza statica,4.25,380.5,380.0,380.65,0.6499999999999773,379.02500000000003,381.62499999999994, ,4.1,4.75,,,,,,
472,SO,TEGLIO,PO014065NR0010,2015-05-01,384.75,soggiacenza statica,4.17,380.58,380.0,380.65,0.6499999999999773,379.02500000000003,381.62499999999994, ,4.1,4.75,,,,,,
473,SO,TEGLIO,PO014065NR0010,2015-06-01,384.75,soggiacenza statica,4.1,380.65,380.0,380.65,0.6499999999999773,379.02500000000003,381.62499999999994, ,4.1,4.75,,,,,,
474,SO,TEGLIO,PO014065NR0010,2015-07-01,384.75,soggiacenza statica,4.4,380.35,380.0,380.65,0.6499999999999773,379.02500000000003,381.62499999999994, ,4.1,4.75,,,,,,
475,SO,TEGLIO,PO014065NR0010,2015-08-01,384.75,soggiacenza statica,4.15,380.6,380.0,380.65,0.6499999999999773,379.02500000000003,381.62499999999994, ,4.1,4.75,,,,,,
476,SO,TEGLIO,PO014065NR0010,2015-09-01,384.75,soggiacenza statica,4.4,380.35,380.0,380.65,0.6499999999999773,379.02500000000003,381.62499999999994, ,4.1,4.75,,,,,,
477,SO,TEGLIO,PO014065NR0010,2015-10-01,384.75,soggiacenza statica,4.225,380.525,380.0,380.65,0.6499999999999773,379.02500000000003,381.62499999999994, ,4.1,4.75,,,,,,
478,SO,TEGLIO,PO014065NR0010,2015-11-01,384.75,soggiacenza statica,4.4,380.35,380.0,380.65,0.6499999999999773,379.02500000000003,381.62499999999994, ,4.1,4.75,,,,,,
479,SO,TEGLIO,PO014065NR0010,2015-12-01,384.75,soggiacenza statica,4.4,380.35,380.0,380.65,0.6499999999999773,379.02500000000003,381.62499999999994, ,4.1,4.75,,,,,,
480,SO,TEGLIO,PO014065NR0010,2016-01-01,384.75,soggiacenza statica,4.5,380.25,380.0,380.65,0.6499999999999773,379.02500000000003,381.62499999999994, ,4.1,4.75,,,,,,
481,SO,TEGLIO,PO014065NR0010,2016-02-01,384.75,soggiacenza statica,4.75,380.0,380.0,380.65,0.6499999999999773,379.02500000000003,381.62499999999994, ,4.1,4.75,,,,,,
482,SO,TEGLIO,PO014065NR0010,2016-03-01,384.75,soggiacenza statica,4.85,379.9,380.0,380.65,0.6499999999999773,379.02500000000003,381.62499999999994, ,4.1,4.75,,,,,,
483,SO,TEGLIO,PO014065NR0010,2016-04-01,384.75,soggiacenza statica,4.6,380.15,380.0,380.65,0.6499999999999773,379.02500000000003,381.62499999999994, ,4.1,4.75,,,,,,
484,SO,TEGLIO,PO014065NR0010,2016-05-31,384.75,soggiacenza statica,4.3,380.45,380.0,380.65,0.6499999999999773,379.02500000000003,381.62499999999994, ,4.1,4.75,,,,,,
485,SO,TEGLIO,PO014065NR0010,2016-06-30,384.75,soggiacenza statica,4.0,380.75,380.0,380.65,0.6499999999999773,379.02500000000003,381.62499999999994, ,4.1,4.75,,,,,,
486,SO,TEGLIO,PO014065NR0010,2016-07-01,384.75,soggiacenza statica,3.5,381.25,380.0,380.65,0.6499999999999773,379.02500000000003,381.62499999999994, ,4.1,4.75,,,,,,
487,SO,TEGLIO,PO014065NR0010,2016-08-01,384.75,soggiacenza statica,3.5,381.25,380.0,380.65,0.6499999999999773,379.02500000000003,381.62499999999994, ,4.1,4.75,,,,,,
488,SO,TEGLIO,PO014065NR0010,2016-09-01,384.75,soggiacenza statica,3.9,380.85,380.0,380.65,0.6499999999999773,379.02500000000003,381.62499999999994, ,4.1,4.75,,,,,,
489,SO,TEGLIO,PO014065NR0010,2016-10-01,384.75,soggiacenza statica,3.8,380.95,380.0,380.65,0.6499999999999773,379.02500000000003,381.62499999999994, ,4.1,4.75,,,,,,
490,SO,TEGLIO,PO014065NR0010,2016-11-01,384.75,soggiacenza statica,4.05,380.7,380.0,380.65,0.6499999999999773,379.02500000000003,381.62499999999994, ,4.1,4.75,,,,,,
491,SO,TEGLIO,PO014065NR0010,2016-12-01,384.75,soggiacenza statica,4.0,380.75,380.0,380.65,0.6499999999999773,379.02500000000003,381.62499999999994, ,4.1,4.75,,,,,,
492,SO,TEGLIO,PO014065NR0010,2017-01-09,384.75,soggiacenza statica,3.7,381.05,380.0,380.65,0.6499999999999773,379.02500000000003,381.62499999999994, ,4.1,4.75,,,,,,
493,SO,TEGLIO,PO014065NR0010,2017-02-01,384.75,soggiacenza statica,4.2,380.55,380.0,380.65,0.6499999999999773,379.02500000000003,381.62499999999994, ,4.1,4.75,,,,,,
494,SO,TEGLIO,PO014065NR0010,2017-03-01,384.75,soggiacenza statica,4.4,380.35,380.0,380.65,0.6499999999999773,379.02500000000003,381.62499999999994, ,4.1,4.75,,,,,,
495,SO,TEGLIO,PO014065NR0010,2017-04-03,384.75,soggiacenza statica,4.4,380.35,380.0,380.65,0.6499999999999773,379.02500000000003,381.62499999999994, ,4.1,4.75,,,,,,
496,SO,TEGLIO,PO014065NR0010,2017-05-02,384.75,soggiacenza statica,4.3,380.45,380.0,380.65,0.6499999999999773,379.02500000000003,381.62499999999994, ,4.1,4.75,,,,,,
497,SO,TEGLIO,PO014065NR0010,2017-06-01,384.75,soggiacenza statica,4.2,380.55,380.0,380.65,0.6499999999999773,379.02500000000003,381.62499999999994, ,4.1,4.75,,,,,,
498,SO,TEGLIO,PO014065NR0010,2017-07-03,384.75,soggiacenza statica,3.3,381.45,380.0,380.65,0.6499999999999773,379.02500000000003,381.62499999999994, ,4.1,4.75,,,,,,
499,SO,TEGLIO,PO014065NR0010,2017-08-01,384.75,soggiacenza statica,3.85,380.9,380.0,380.65,0.6499999999999773,379.02500000000003,381.62499999999994, ,4.1,4.75,,,,,,
500,SO,TEGLIO,PO014065NR0010,2017-09-01,384.75,soggiacenza statica,3.65,381.1,380.0,380.65,0.6499999999999773,379.02500000000003,381.62499999999994, ,4.1,4.75,,,,,,
501,SO,TEGLIO,PO014065NR0010,2017-10-01,384.75,soggiacenza statica,3.75,381.0,380.0,380.65,0.6499999999999773,379.02500000000003,381.62499999999994, ,4.1,4.75,,,,,,
502,SO,TEGLIO,PO014065NR0010,2017-11-01,384.75,soggiacenza statica,4.0,380.75,380.0,380.65,0.6499999999999773,379.02500000000003,381.62499999999994, ,4.1,4.75,,,,,,
503,SO,TEGLIO,PO014065NR0010,2017-12-01,384.75,soggiacenza statica,4.3,380.45,380.0,380.65,0.6499999999999773,379.02500000000003,381.62499999999994, ,4.1,4.75,,,,,,
504,SO,TEGLIO,PO014065NR0010,2018-01-09,384.75,soggiacenza statica,4.4,380.35,380.0,380.65,0.6499999999999773,379.02500000000003,381.62499999999994, ,4.1,4.75,,,,,,
505,SO,TEGLIO,PO014065NR0010,2018-02-01,384.75,soggiacenza statica,4.2,380.55,380.0,380.65,0.6499999999999773,379.02500000000003,381.62499999999994, ,4.1,4.75,,,,,,
506,SO,TEGLIO,PO014065NR0010,2018-03-01,384.75,soggiacenza statica,4.3,380.45,380.0,380.65,0.6499999999999773,379.02500000000003,381.62499999999994, ,4.1,4.75,,,,,,
507,SO,TEGLIO,PO014065NR0010,2018-04-03,384.75,soggiacenza statica,4.4,380.35,380.0,380.65,0.6499999999999773,379.02500000000003,381.62499999999994, ,4.1,4.75,,,,,,
508,SO,TEGLIO,PO014065NR0010,2018-05-02,384.75,soggiacenza statica,3.8,380.95,380.0,380.65,0.6499999999999773,379.02500000000003,381.62499999999994, ,4.1,4.75,,,,,,
509,SO,TEGLIO,PO014065NR0010,2018-06-04,384.75,soggiacenza statica,4.0,380.75,380.0,380.65,0.6499999999999773,379.02500000000003,381.62499999999994, ,4.1,4.75,,,,,,
510,SO,TEGLIO,PO014065NR0010,2018-07-02,384.75,soggiacenza statica,3.7,381.05,380.0,380.65,0.6499999999999773,379.02500000000003,381.62499999999994, ,4.1,4.75,,,,,,
511,SO,TEGLIO,PO014065NR0010,2018-08-01,384.75,soggiacenza statica,4.2,380.55,380.0,380.65,0.6499999999999773,379.02500000000003,381.62499999999994, ,4.1,4.75,,,,,,
512,SO,TEGLIO,PO014065NR0010,2018-09-01,384.75,soggiacenza statica,4.2,380.55,380.0,380.65,0.6499999999999773,379.02500000000003,381.62499999999994, ,4.1,4.75,,,,,,
513,SO,TEGLIO,PO014065NR0010,2018-10-01,384.75,soggiacenza statica,4.2,380.55,380.0,380.65,0.6499999999999773,379.02500000000003,381.62499999999994, ,4.1,4.75,,,,,,
514,SO,TEGLIO,PO014065NR0010,2018-11-01,384.75,soggiacenza statica,4.2,380.55,380.0,380.65,0.6499999999999773,379.02500000000003,381.62499999999994, ,4.1,4.75,,,,,,
515,SO,TEGLIO,PO014065NR0010,2018-12-01,384.75,soggiacenza statica,4.1,380.65,380.0,380.65,0.6499999999999773,379.02500000000003,381.62499999999994, ,4.1,4.75,,,,,,
516,SO,TEGLIO,PO014065NR0010,2019-01-07,384.75,soggiacenza statica,4.1,380.65,380.0,380.65,0.6499999999999773,379.02500000000003,381.62499999999994, ,4.1,4.75,,,,,,
517,SO,TEGLIO,PO014065NR0010,2019-02-01,384.75,soggiacenza statica,4.3,380.45,380.0,380.65,0.6499999999999773,379.02500000000003,381.62499999999994, ,4.1,4.75,,,,,,
518,SO,TEGLIO,PO014065NR0010,2019-03-01,384.75,soggiacenza statica,4.3,380.45,380.0,380.65,0.6499999999999773,379.02500000000003,381.62499999999994, ,4.1,4.75,,,,,,
519,SO,TEGLIO,PO014065NR0010,2019-04-10,384.75,soggiacenza statica,4.3,380.45,380.0,380.65,0.6499999999999773,379.02500000000003,381.62499999999994, ,4.1,4.75,,,,,,
520,SO,TEGLIO,PO014065NR0010,2019-05-01,384.75,soggiacenza statica,3.09,381.66,380.0,380.65,0.6499999999999773,379.02500000000003,381.62499999999994,OUTLIER,4.1,4.75,,,,,,
521,SO,TEGLIO,PO014065NR0010,2019-06-01,384.75,soggiacenza statica,3.9,380.85,380.0,380.65,0.6499999999999773,379.02500000000003,381.62499999999994, ,4.1,4.75,,,,,,
522,SO,TEGLIO,PO014065NR0010,2019-07-01,384.75,soggiacenza statica,4.1,380.65,380.0,380.65,0.6499999999999773,379.02500000000003,381.62499999999994, ,4.1,4.75,,,,,,
523,SO,TEGLIO,PO014065NR0010,2019-08-01,384.75,soggiacenza statica,4.0,380.75,380.0,380.65,0.6499999999999773,379.02500000000003,381.62499999999994, ,4.1,4.75,,,,,,
524,SO,TEGLIO,PO014065NR0010,2019-09-01,384.75,soggiacenza statica,4.2,380.55,380.0,380.65,0.6499999999999773,379.02500000000003,381.62499999999994, ,4.1,4.75,,,,,,
525,SO,TEGLIO,PO014065NR0010,2019-10-01,384.75,soggiacenza statica,3.85,380.9,380.0,380.65,0.6499999999999773,379.02500000000003,381.62499999999994, ,4.1,4.75,,,,,,
526,SO,TEGLIO,PO014065NR0010,2019-11-01,384.75,soggiacenza statica,3.7,381.05,380.0,380.65,0.6499999999999773,379.02500000000003,381.62499999999994, ,4.1,4.75,,,,,,
527,SO,TEGLIO,PO014065NR0010,2019-12-01,384.75,soggiacenza statica,3.4,381.35,380.0,380.65,0.6499999999999773,379.02500000000003,381.62499999999994, ,4.1,4.75,,,,,,
528,SO,TEGLIO,PO014065NR0010,2020-01-07,384.75,soggiacenza statica,3.8,380.95,380.0,380.65,0.6499999999999773,379.02500000000003,381.62499999999994, ,4.1,4.75,,,,,,
529,SO,TEGLIO,PO014065NR0010,2020-02-01,384.75,soggiacenza statica,4.2,380.55,380.0,380.65,0.6499999999999773,379.02500000000003,381.62499999999994, ,4.1,4.75,,,,,,
530,SO,TEGLIO,PO014065NR0010,2020-03-01,384.75,soggiacenza statica,4.3,380.45,380.0,380.65,0.6499999999999773,379.02500000000003,381.62499999999994, ,4.1,4.75,,,,,,
531,SO,TEGLIO,PO014065NR0010,2020-04-01,384.75,soggiacenza statica,4.4,380.35,380.0,380.65,0.6499999999999773,379.02500000000003,381.62499999999994, ,4.1,4.75,,,,,,
532,SO,TEGLIO,PO014065NR0010,2020-05-01,384.75,soggiacenza statica,4.2,380.55,380.0,380.65,0.6499999999999773,379.02500000000003,381.62499999999994, ,4.1,4.75,,,,,,
533,SO,TEGLIO,PO014065NR0010,2020-06-01,384.75,soggiacenza statica,4.2,380.55,380.0,380.65,0.6499999999999773,379.02500000000003,381.62499999999994, ,4.1,4.75,,,,,,
534,SO,TEGLIO,PO014065NR0010,2020-07-01,384.75,soggiacenza statica,3.7,381.05,380.0,380.65,0.6499999999999773,379.02500000000003,381.62499999999994, ,4.1,4.75,,,,,,
535,SO,TEGLIO,PO014065NR0010,2020-08-01,384.75,soggiacenza statica,4.3,380.45,380.0,380.65,0.6499999999999773,379.02500000000003,381.62499999999994, ,4.1,4.75,,,,,,
536,SO,TEGLIO,PO014065NR0010,2020-09-01,384.75,soggiacenza statica,3.5,381.25,380.0,380.65,0.6499999999999773,379.02500000000003,381.62499999999994, ,4.1,4.75,,,,,,
537,SO,TEGLIO,PO014065NR0010,2020-10-01,384.75,soggiacenza statica,3.9,380.85,380.0,380.65,0.6499999999999773,379.02500000000003,381.62499999999994, ,4.1,4.75,,,,,,
538,SO,TEGLIO,PO014065NR0010,2020-11-01,384.75,soggiacenza statica,3.7,381.05,380.0,380.65,0.6499999999999773,379.02500000000003,381.62499999999994, ,4.1,4.75,,,,,,
539,SO,TEGLIO,PO014065NR0010,2020-12-01,384.75,soggiacenza statica,4.2,380.55,380.0,380.65,0.6499999999999773,379.02500000000003,381.62499999999994, ,4.1,4.75,,,,,,
540,SO,TEGLIO,PO014065NR0010,2021-01-07,384.75,soggiacenza statica,4.2,380.55,380.0,380.65,0.6499999999999773,379.02500000000003,381.62499999999994, ,4.1,4.75,,,,,,
541,SO,TEGLIO,PO014065NR0010,2021-02-01,384.75,soggiacenza statica,4.1,380.65,380.0,380.65,0.6499999999999773,379.02500000000003,381.62499999999994, ,4.1,4.75,,,,,,
542,SO,TEGLIO,PO014065NR0010,2021-03-01,384.75,soggiacenza statica,4.1,380.65,380.0,380.65,0.6499999999999773,379.02500000000003,381.62499999999994, ,4.1,4.75,,,,,,
