,PROVINCIA,COMUNE,CODICE PUNTO,DATA,Qr[m s.l.m.],DESCRIZIONE,MISURA SOGGIACENZA [m],PIEZOMETRIA [m s.l.m.],1Q_SOGG,3Q_SOGG,1Q_PIEZO,3Q_PIEZO,IQR_PIEZO,INF,SUP,OUTLIERS,Unnamed: 16,Unnamed: 17,Unnamed: 18,Etichette di riga,1Q_SOGG.1,3Q_SOGG.1,1Q_PIEZO.1,3Q_PIEZO.1
0,SO,MESE,PO0140430U0001,2004-12-21,269.0,soggiacenza statica,19.5,249.5,17.79,21.67,247.32999999999998,251.20999999999998,3.8799999999999955,241.51,257.03,,,,,PO0140430U0001,17.79,21.67,247.32999999999998,251.20999999999998
1,SO,MESE,PO0140430U0001,2005-01-27,269.0,soggiacenza statica,19.3,249.7,17.79,21.67,247.32999999999998,251.20999999999998,3.8799999999999955,241.51,257.03,,,,,PO014054NU0002,6.115,8.325,226.752,228.962
2,SO,MESE,PO0140430U0001,2005-02-23,269.0,soggiacenza statica,20.8,248.2,17.79,21.67,247.32999999999998,251.20999999999998,3.8799999999999955,241.51,257.03,,,,,PO0140570R0020,2.535,2.92,205.75,206.135
3,SO,MESE,PO0140430U0001,2005-03-23,269.0,soggiacenza statica,22.1,246.9,17.79,21.67,247.32999999999998,251.20999999999998,3.8799999999999955,241.51,257.03,,,,,Totale complessivo,2.7975,19.067500000000003,205.99,248.71249999999998
4,SO,MESE,PO0140430U0001,2005-04-29,269.0,soggiacenza statica,21.5,247.5,17.79,21.67,247.32999999999998,251.20999999999998,3.8799999999999955,241.51,257.03,,,,,,,,,
5,SO,MESE,PO0140430U0001,2005-05-10,269.0,soggiacenza statica,21.02,247.98,17.79,21.67,247.32999999999998,251.20999999999998,3.8799999999999955,241.51,257.03,,,,,,,,,
6,SO,MESE,PO0140430U0001,2005-06-29,269.0,soggiacenza statica,19.8,249.2,17.79,21.67,247.32999999999998,251.20999999999998,3.8799999999999955,241.51,257.03,,,,,,,,,
7,SO,MESE,PO0140430U0001,2005-07-19,269.0,soggiacenza statica,20.1,248.9,17.79,21.67,247.32999999999998,251.20999999999998,3.8799999999999955,241.51,257.03,,,,,,,,,
8,SO,MESE,PO0140430U0001,2005-08-23,269.0,soggiacenza statica,22.3,246.7,17.79,21.67,247.32999999999998,251.20999999999998,3.8799999999999955,241.51,257.03,,,,,,,,,
9,SO,MESE,PO0140430U0001,2005-09-28,269.0,soggiacenza statica,22.9,246.1,17.79,21.67,247.32999999999998,251.20999999999998,3.8799999999999955,241.51,257.03,,,,,,,,,
10,SO,MESE,PO0140430U0001,2005-10-25,269.0,soggiacenza statica,19.4,249.6,17.79,21.67,247.32999999999998,251.20999999999998,3.8799999999999955,241.51,257.03,,,,,,,,,
11,SO,MESE,PO0140430U0001,2005-11-14,269.0,soggiacenza statica,23.76,245.24,17.79,21.67,247.32999999999998,251.20999999999998,3.8799999999999955,241.51,257.03,,,,,,,,,
12,SO,MESE,PO0140430U0001,2005-12-21,269.0,soggiacenza statica,25.16,243.84,17.79,21.67,247.32999999999998,251.20999999999998,3.8799999999999955,241.51,257.03,,,,,,,,,
13,SO,MESE,PO0140430U0001,2006-01-24,269.0,soggiacenza statica,22.5,246.5,17.79,21.67,247.32999999999998,251.20999999999998,3.8799999999999955,241.51,257.03,,,,,,,,,
14,SO,MESE,PO0140430U0001,2006-02-22,269.0,soggiacenza statica,26.81,242.19,17.79,21.67,247.32999999999998,251.20999999999998,3.8799999999999955,241.51,257.03,,,,,,,,,
15,SO,MESE,PO0140430U0001,2006-03-28,269.0,soggiacenza statica,26.5,242.5,17.79,21.67,247.32999999999998,251.20999999999998,3.8799999999999955,241.51,257.03,,,,,,,,,
16,SO,MESE,PO0140430U0001,2006-04-24,269.0,soggiacenza statica,26.5,242.5,17.79,21.67,247.32999999999998,251.20999999999998,3.8799999999999955,241.51,257.03,,,,,,,,,
17,SO,MESE,PO0140430U0001,2006-05-17,269.0,soggiacenza statica,23.48,245.52,17.79,21.67,247.32999999999998,251.20999999999998,3.8799999999999955,241.51,257.03,,,,,,,,,
18,SO,MESE,PO0140430U0001,2006-06-27,269.0,soggiacenza statica,21.68,247.32,17.79,21.67,247.32999999999998,251.20999999999998,3.8799999999999955,241.51,257.03,,,,,,,,,
19,SO,MESE,PO0140430U0001,2006-07-27,269.0,soggiacenza statica,21.6,247.4,17.79,21.67,247.32999999999998,251.20999999999998,3.8799999999999955,241.51,257.03,,,,,,,,,
20,SO,MESE,PO0140430U0001,2006-08-31,269.0,soggiacenza statica,21.72,247.28,17.79,21.67,247.32999999999998,251.20999999999998,3.8799999999999955,241.51,257.03,,,,,,,,,
21,SO,MESE,PO0140430U0001,2006-09-28,269.0,soggiacenza statica,19.5,249.5,17.79,21.67,247.32999999999998,251.20999999999998,3.8799999999999955,241.51,257.03,,,,,,,,,
22,SO,MESE,PO0140430U0001,2006-10-25,269.0,soggiacenza statica,20.8,248.2,17.79,21.67,247.32999999999998,251.20999999999998,3.8799999999999955,241.51,257.03,,,,,,,,,
23,SO,MESE,PO0140430U0001,2006-11-22,269.0,soggiacenza statica,20.3,248.7,17.79,21.67,247.32999999999998,251.20999999999998,3.8799999999999955,241.51,257.03,,,,,,,,,
24,SO,MESE,PO0140430U0001,2006-12-20,269.0,soggiacenza statica,18.1,250.9,17.79,21.67,247.32999999999998,251.20999999999998,3.8799999999999955,241.51,257.03,,,,,,,,,
25,SO,MESE,PO0140430U0001,2007-01-29,269.0,soggiacenza statica,19.18,249.82,17.79,21.67,247.32999999999998,251.20999999999998,3.8799999999999955,241.51,257.03,,,,,,,,,
26,SO,MESE,PO0140430U0001,2007-02-21,269.0,soggiacenza statica,21.38,247.62,17.79,21.67,247.32999999999998,251.20999999999998,3.8799999999999955,241.51,257.03,,,,,,,,,
27,SO,MESE,PO0140430U0001,2007-03-29,269.0,soggiacenza statica,21.66,247.34,17.79,21.67,247.32999999999998,251.20999999999998,3.8799999999999955,241.51,257.03,,,,,,,,,
28,SO,MESE,PO0140430U0001,2007-04-27,269.0,soggiacenza statica,21.92,247.08,17.79,21.67,247.32999999999998,251.20999999999998,3.8799999999999955,241.51,257.03,,,,,,,,,
29,SO,MESE,PO0140430U0001,2007-05-17,269.0,soggiacenza statica,21.18,247.82,17.79,21.67,247.32999999999998,251.20999999999998,3.8799999999999955,241.51,257.03,,,,,,,,,
30,SO,MESE,PO0140430U0001,2007-06-28,269.0,soggiacenza statica,18.55,250.45,17.79,21.67,247.32999999999998,251.20999999999998,3.8799999999999955,241.51,257.03,,,,,,,,,
31,SO,MESE,PO0140430U0001,2007-07-25,269.0,soggiacenza statica,18.75,250.25,17.79,21.67,247.32999999999998,251.20999999999998,3.8799999999999955,241.51,257.03,,,,,,,,,
32,SO,MESE,PO0140430U0001,2007-08-30,269.0,soggiacenza statica,18.5,250.5,17.79,21.67,247.32999999999998,251.20999999999998,3.8799999999999955,241.51,257.03,,,,,,,,,
33,SO,MESE,PO0140430U0001,2007-09-19,269.0,soggiacenza statica,19.55,249.45,17.79,21.67,247.32999999999998,251.20999999999998,3.8799999999999955,241.51,257.03,,,,,,,,,
34,SO,MESE,PO0140430U0001,2007-10-31,269.0,soggiacenza statica,21.48,247.52,17.79,21.67,247.32999999999998,251.20999999999998,3.8799999999999955,241.51,257.03,,,,,,,,,
35,SO,MESE,PO0140430U0001,2007-11-14,269.0,soggiacenza statica,22.3,246.7,17.79,21.67,247.32999999999998,251.20999999999998,3.8799999999999955,241.51,257.03,,,,,,,,,
36,SO,MESE,PO0140430U0001,2007-12-20,269.0,soggiacenza statica,23.52,245.48,17.79,21.67,247.32999999999998,251.20999999999998,3.8799999999999955,241.51,257.03,,,,,,,,,
37,SO,MESE,PO0140430U0001,2008-01-29,269.0,soggiacenza statica,24.07,244.93,17.79,21.67,247.32999999999998,251.20999999999998,3.8799999999999955,241.51,257.03,,,,,,,,,
38,SO,MESE,PO0140430U0001,2008-02-28,269.0,soggiacenza statica,24.2,244.8,17.79,21.67,247.32999999999998,251.20999999999998,3.8799999999999955,241.51,257.03,,,,,,,,,
39,SO,MESE,PO0140430U0001,2008-03-27,269.0,soggiacenza statica,24.19,244.81,17.79,21.67,247.32999999999998,251.20999999999998,3.8799999999999955,241.51,257.03,,,,,,,,,
40,SO,MESE,PO0140430U0001,2008-04-23,269.0,soggiacenza statica,23.7,245.3,17.79,21.67,247.32999999999998,251.20999999999998,3.8799999999999955,241.51,257.03,,,,,,,,,
41,SO,MESE,PO0140430U0001,2008-05-20,269.0,soggiacenza statica,21.58,247.42,17.79,21.67,247.32999999999998,251.20999999999998,3.8799999999999955,241.51,257.03,,,,,,,,,
42,SO,MESE,PO0140430U0001,2008-06-25,269.0,soggiacenza statica,18.83,250.17,17.79,21.67,247.32999999999998,251.20999999999998,3.8799999999999955,241.51,257.03,,,,,,,,,
43,SO,MESE,PO0140430U0001,2008-07-31,269.0,soggiacenza statica,17.53,251.47,17.79,21.67,247.32999999999998,251.20999999999998,3.8799999999999955,241.51,257.03,,,,,,,,,
44,SO,MESE,PO0140430U0001,2008-08-28,269.0,soggiacenza statica,18.23,250.77,17.79,21.67,247.32999999999998,251.20999999999998,3.8799999999999955,241.51,257.03,,,,,,,,,
45,SO,MESE,PO0140430U0001,2008-09-23,269.0,soggiacenza statica,17.5,251.5,17.79,21.67,247.32999999999998,251.20999999999998,3.8799999999999955,241.51,257.03,,,,,,,,,
46,SO,MESE,PO0140430U0001,2008-10-23,269.0,soggiacenza statica,17.4,251.6,17.79,21.67,247.32999999999998,251.20999999999998,3.8799999999999955,241.51,257.03,,,,,,,,,
47,SO,MESE,PO0140430U0001,2008-11-13,269.0,soggiacenza statica,17.85,251.15,17.79,21.67,247.32999999999998,251.20999999999998,3.8799999999999955,241.51,257.03,,,,,,,,,
48,SO,MESE,PO0140430U0001,2008-12-18,269.0,soggiacenza statica,18.15,250.85,17.79,21.67,247.32999999999998,251.20999999999998,3.8799999999999955,241.51,257.03,,,,,,,,,
49,SO,MESE,PO0140430U0001,2009-01-30,269.0,soggiacenza statica,18.2,250.8,17.79,21.67,247.32999999999998,251.20999999999998,3.8799999999999955,241.51,257.03,,,,,,,,,
50,SO,MESE,PO0140430U0001,2009-02-26,269.0,soggiacenza statica,18.75,250.25,17.79,21.67,247.32999999999998,251.20999999999998,3.8799999999999955,241.51,257.03,,,,,,,,,
51,SO,MESE,PO0140430U0001,2009-03-25,269.0,soggiacenza statica,18.8,250.2,17.79,21.67,247.32999999999998,251.20999999999998,3.8799999999999955,241.51,257.03,,,,,,,,,
52,SO,MESE,PO0140430U0001,2009-04-16,269.0,soggiacenza statica,19.68,249.32,17.79,21.67,247.32999999999998,251.20999999999998,3.8799999999999955,241.51,257.03,,,,,,,,,
53,SO,MESE,PO0140430U0001,2009-05-13,269.0,soggiacenza statica,18.86,250.14,17.79,21.67,247.32999999999998,251.20999999999998,3.8799999999999955,241.51,257.03,,,,,,,,,
54,SO,MESE,PO0140430U0001,2009-06-30,269.0,soggiacenza statica,18.32,250.68,17.79,21.67,247.32999999999998,251.20999999999998,3.8799999999999955,241.51,257.03,,,,,,,,,
55,SO,MESE,PO0140430U0001,2009-07-29,269.0,soggiacenza statica,18.9,250.1,17.79,21.67,247.32999999999998,251.20999999999998,3.8799999999999955,241.51,257.03,,,,,,,,,
56,SO,MESE,PO0140430U0001,2009-08-26,269.0,soggiacenza statica,18.95,250.05,17.79,21.67,247.32999999999998,251.20999999999998,3.8799999999999955,241.51,257.03,,,,,,,,,
57,SO,MESE,PO0140430U0001,2009-09-30,269.0,soggiacenza statica,19.0,250.0,17.79,21.67,247.32999999999998,251.20999999999998,3.8799999999999955,241.51,257.03,,,,,,,,,
58,SO,MESE,PO0140430U0001,2009-10-30,269.0,soggiacenza statica,20.9,248.1,17.79,21.67,247.32999999999998,251.20999999999998,3.8799999999999955,241.51,257.03,,,,,,,,,
59,SO,MESE,PO0140430U0001,2009-11-18,269.0,soggiacenza statica,21.8,247.2,17.79,21.67,247.32999999999998,251.20999999999998,3.8799999999999955,241.51,257.03,,,,,,,,,
60,SO,MESE,PO0140430U0001,2009-12-21,269.0,soggiacenza statica,20.3,248.7,17.79,21.67,247.32999999999998,251.20999999999998,3.8799999999999955,241.51,257.03,,,,,,,,,
61,SO,MESE,PO0140430U0001,2010-01-22,269.0,soggiacenza statica,20.25,248.75,17.79,21.67,247.32999999999998,251.20999999999998,3.8799999999999955,241.51,257.03,,,,,,,,,
62,SO,MESE,PO0140430U0001,2010-02-22,269.0,soggiacenza statica,21.75,247.25,17.79,21.67,247.32999999999998,251.20999999999998,3.8799999999999955,241.51,257.03,,,,,,,,,
63,SO,MESE,PO0140430U0001,2010-03-31,269.0,soggiacenza statica,21.94,247.06,17.79,21.67,247.32999999999998,251.20999999999998,3.8799999999999955,241.51,257.03,,,,,,,,,
64,SO,MESE,PO0140430U0001,2010-04-28,269.0,soggiacenza statica,19.13,249.87,17.79,21.67,247.32999999999998,251.20999999999998,3.8799999999999955,241.51,257.03,,,,,,,,,
65,SO,MESE,PO0140430U0001,2010-05-26,269.0,soggiacenza statica,18.7,250.3,17.79,21.67,247.32999999999998,251.20999999999998,3.8799999999999955,241.51,257.03,,,,,,,,,
66,SO,MESE,PO0140430U0001,2010-06-30,269.0,soggiacenza statica,18.0,251.0,17.79,21.67,247.32999999999998,251.20999999999998,3.8799999999999955,241.51,257.03,,,,,,,,,
67,SO,MESE,PO0140430U0001,2010-07-26,269.0,soggiacenza statica,18.4,250.6,17.79,21.67,247.32999999999998,251.20999999999998,3.8799999999999955,241.51,257.03,,,,,,,,,
68,SO,MESE,PO0140430U0001,2010-08-26,269.0,soggiacenza statica,19.12,249.88,17.79,21.67,247.32999999999998,251.20999999999998,3.8799999999999955,241.51,257.03,,,,,,,,,
69,SO,MESE,PO0140430U0001,2010-09-22,269.0,soggiacenza statica,19.63,249.37,17.79,21.67,247.32999999999998,251.20999999999998,3.8799999999999955,241.51,257.03,,,,,,,,,
70,SO,MESE,PO0140430U0001,2010-10-27,269.0,soggiacenza statica,21.4,247.6,17.79,21.67,247.32999999999998,251.20999999999998,3.8799999999999955,241.51,257.03,,,,,,,,,
71,SO,MESE,PO0140430U0001,2010-11-18,269.0,soggiacenza statica,21.17,247.83,17.79,21.67,247.32999999999998,251.20999999999998,3.8799999999999955,241.51,257.03,,,,,,,,,
72,SO,MESE,PO0140430U0001,2010-12-23,269.0,soggiacenza statica,20.7,248.3,17.79,21.67,247.32999999999998,251.20999999999998,3.8799999999999955,241.51,257.03,,,,,,,,,
73,SO,MESE,PO0140430U0001,2011-01-24,269.0,soggiacenza statica,20.64,248.36,17.79,21.67,247.32999999999998,251.20999999999998,3.8799999999999955,241.51,257.03,,,,,,,,,
74,SO,MESE,PO0140430U0001,2011-02-22,269.0,soggiacenza statica,22.14,246.86,17.79,21.67,247.32999999999998,251.20999999999998,3.8799999999999955,241.51,257.03,,,,,,,,,
75,SO,MESE,PO0140430U0001,2011-03-22,269.0,soggiacenza statica,23.13,245.87,17.79,21.67,247.32999999999998,251.20999999999998,3.8799999999999955,241.51,257.03,,,,,,,,,
76,SO,MESE,PO0140430U0001,2011-04-26,269.0,soggiacenza statica,23.61,245.39,17.79,21.67,247.32999999999998,251.20999999999998,3.8799999999999955,241.51,257.03,,,,,,,,,
77,SO,MESE,PO0140430U0001,2011-05-26,269.0,soggiacenza statica,23.57,245.43,17.79,21.67,247.32999999999998,251.20999999999998,3.8799999999999955,241.51,257.03,,,,,,,,,
78,SO,MESE,PO0140430U0001,2011-06-30,269.0,soggiacenza statica,21.18,247.82,17.79,21.67,247.32999999999998,251.20999999999998,3.8799999999999955,241.51,257.03,,,,,,,,,
79,SO,MESE,PO0140430U0001,2011-07-21,269.0,soggiacenza statica,19.22,249.78,17.79,21.67,247.32999999999998,251.20999999999998,3.8799999999999955,241.51,257.03,,,,,,,,,
80,SO,MESE,PO0140430U0001,2011-08-24,269.0,soggiacenza statica,19.05,249.95,17.79,21.67,247.32999999999998,251.20999999999998,3.8799999999999955,241.51,257.03,,,,,,,,,
81,SO,MESE,PO0140430U0001,2011-09-22,269.0,soggiacenza statica,18.25,250.75,17.79,21.67,247.32999999999998,251.20999999999998,3.8799999999999955,241.51,257.03,,,,,,,,,
82,SO,MESE,PO0140430U0001,2011-10-25,269.0,soggiacenza statica,20.05,248.95,17.79,21.67,247.32999999999998,251.20999999999998,3.8799999999999955,241.51,257.03,,,,,,,,,
83,SO,MESE,PO0140430U0001,2011-11-07,269.0,soggiacenza statica,20.68,248.32,17.79,21.67,247.32999999999998,251.20999999999998,3.8799999999999955,241.51,257.03,,,,,,,,,
84,SO,MESE,PO0140430U0001,2011-12-20,269.0,soggiacenza statica,21.18,247.82,17.79,21.67,247.32999999999998,251.20999999999998,3.8799999999999955,241.51,257.03,,,,,,,,,
85,SO,MESE,PO0140430U0001,2012-01-12,269.0,soggiacenza statica,22.6,246.4,17.79,21.67,247.32999999999998,251.20999999999998,3.8799999999999955,241.51,257.03,,,,,,,,,
86,SO,MESE,PO0140430U0001,2012-02-07,269.0,soggiacenza statica,23.86,245.14,17.79,21.67,247.32999999999998,251.20999999999998,3.8799999999999955,241.51,257.03,,,,,,,,,
87,SO,MESE,PO0140430U0001,2012-03-12,269.0,soggiacenza statica,24.57,244.43,17.79,21.67,247.32999999999998,251.20999999999998,3.8799999999999955,241.51,257.03,,,,,,,,,
88,SO,MESE,PO0140430U0001,2012-04-11,269.0,soggiacenza statica,24.9,244.1,17.79,21.67,247.32999999999998,251.20999999999998,3.8799999999999955,241.51,257.03,,,,,,,,,
89,SO,MESE,PO0140430U0001,2012-05-02,269.0,soggiacenza statica,22.51,246.49,17.79,21.67,247.32999999999998,251.20999999999998,3.8799999999999955,241.51,257.03,,,,,,,,,
90,SO,MESE,PO0140430U0001,2012-06-13,269.0,soggiacenza statica,19.52,249.48,17.79,21.67,247.32999999999998,251.20999999999998,3.8799999999999955,241.51,257.03,,,,,,,,,
91,SO,MESE,PO0140430U0001,2012-07-05,269.0,soggiacenza statica,19.5,249.5,17.79,21.67,247.32999999999998,251.20999999999998,3.8799999999999955,241.51,257.03,,,,,,,,,
92,SO,MESE,PO0140430U0001,2012-09-06,269.0,soggiacenza statica,21.95,247.05,17.79,21.67,247.32999999999998,251.20999999999998,3.8799999999999955,241.51,257.03,,,,,,,,,
93,SO,MESE,PO0140430U0001,2012-10-11,269.0,soggiacenza statica,19.9,249.1,17.79,21.67,247.32999999999998,251.20999999999998,3.8799999999999955,241.51,257.03,,,,,,,,,
94,SO,MESE,PO0140430U0001,2012-11-13,269.0,soggiacenza statica,17.32,251.68,17.79,21.67,247.32999999999998,251.20999999999998,3.8799999999999955,241.51,257.03,,,,,,,,,
95,SO,MESE,PO0140430U0001,2012-12-18,269.0,soggiacenza statica,17.12,251.88,17.79,21.67,247.32999999999998,251.20999999999998,3.8799999999999955,241.51,257.03,,,,,,,,,
96,SO,MESE,PO0140430U0001,2013-01-28,269.0,soggiacenza statica,19.82,249.18,17.79,21.67,247.32999999999998,251.20999999999998,3.8799999999999955,241.51,257.03,,,,,,,,,
97,SO,MESE,PO0140430U0001,2013-02-26,269.0,soggiacenza statica,21.0,248.0,17.79,21.67,247.32999999999998,251.20999999999998,3.8799999999999955,241.51,257.03,,,,,,,,,
98,SO,MESE,PO0140430U0001,2013-03-18,269.0,soggiacenza statica,20.9,248.1,17.79,21.67,247.32999999999998,251.20999999999998,3.8799999999999955,241.51,257.03,,,,,,,,,
99,SO,MESE,PO0140430U0001,2013-04-03,269.0,soggiacenza statica,20.99,248.01,17.79,21.67,247.32999999999998,251.20999999999998,3.8799999999999955,241.51,257.03,,,,,,,,,
100,SO,MESE,PO0140430U0001,2013-05-21,269.0,soggiacenza statica,13.7,255.3,17.79,21.67,247.32999999999998,251.20999999999998,3.8799999999999955,241.51,257.03,,,,,,,,,
101,SO,MESE,PO0140430U0001,2013-06-24,269.0,soggiacenza statica,14.48,254.52,17.79,21.67,247.32999999999998,251.20999999999998,3.8799999999999955,241.51,257.03,,,,,,,,,
102,SO,MESE,PO0140430U0001,2013-07-22,269.0,soggiacenza statica,15.4,253.6,17.79,21.67,247.32999999999998,251.20999999999998,3.8799999999999955,241.51,257.03,,,,,,,,,
103,SO,MESE,PO0140430U0001,2013-08-26,269.0,soggiacenza statica,17.66,251.34,17.79,21.67,247.32999999999998,251.20999999999998,3.8799999999999955,241.51,257.03,,,,,,,,,
104,SO,MESE,PO0140430U0001,2013-09-23,269.0,soggiacenza statica,18.62,250.38,17.79,21.67,247.32999999999998,251.20999999999998,3.8799999999999955,241.51,257.03,,,,,,,,,
105,SO,MESE,PO0140430U0001,2013-10-28,269.0,soggiacenza statica,17.78,251.22,17.79,21.67,247.32999999999998,251.20999999999998,3.8799999999999955,241.51,257.03,,,,,,,,,
106,SO,MESE,PO0140430U0001,2013-11-26,269.0,soggiacenza statica,16.05,252.95,17.79,21.67,247.32999999999998,251.20999999999998,3.8799999999999955,241.51,257.03,,,,,,,,,
107,SO,MESE,PO0140430U0001,2013-12-16,269.0,soggiacenza statica,17.45,251.55,17.79,21.67,247.32999999999998,251.20999999999998,3.8799999999999955,241.51,257.03,,,,,,,,,
108,SO,MESE,PO0140430U0001,2014-01-13,269.0,soggiacenza statica,16.73,252.27,17.79,21.67,247.32999999999998,251.20999999999998,3.8799999999999955,241.51,257.03,,,,,,,,,
109,SO,MESE,PO0140430U0001,2014-02-10,269.0,soggiacenza statica,16.92,252.08,17.79,21.67,247.32999999999998,251.20999999999998,3.8799999999999955,241.51,257.03,,,,,,,,,
110,SO,MESE,PO0140430U0001,2014-03-10,269.0,soggiacenza statica,17.93,251.07,17.79,21.67,247.32999999999998,251.20999999999998,3.8799999999999955,241.51,257.03,,,,,,,,,
111,SO,MESE,PO0140430U0001,2014-04-01,269.0,soggiacenza statica,18.5,250.5,17.79,21.67,247.32999999999998,251.20999999999998,3.8799999999999955,241.51,257.03,,,,,,,,,
112,SO,MESE,PO0140430U0001,2014-05-06,269.0,soggiacenza statica,18.85,250.15,17.79,21.67,247.32999999999998,251.20999999999998,3.8799999999999955,241.51,257.03,,,,,,,,,
113,SO,MESE,PO0140430U0001,2014-06-09,269.0,soggiacenza statica,17.3,251.7,17.79,21.67,247.32999999999998,251.20999999999998,3.8799999999999955,241.51,257.03,,,,,,,,,
114,SO,MESE,PO0140430U0001,2014-07-17,269.0,soggiacenza statica,15.68,253.32,17.79,21.67,247.32999999999998,251.20999999999998,3.8799999999999955,241.51,257.03,,,,,,,,,
115,SO,MESE,PO0140430U0001,2014-08-25,269.0,soggiacenza statica,14.21,254.79,17.79,21.67,247.32999999999998,251.20999999999998,3.8799999999999955,241.51,257.03,,,,,,,,,
116,SO,MESE,PO0140430U0001,2014-09-08,269.0,soggiacenza statica,15.07,253.93,17.79,21.67,247.32999999999998,251.20999999999998,3.8799999999999955,241.51,257.03,,,,,,,,,
117,SO,MESE,PO0140430U0001,2014-10-13,269.0,soggiacenza statica,17.1,251.9,17.79,21.67,247.32999999999998,251.20999999999998,3.8799999999999955,241.51,257.03,,,,,,,,,
118,SO,MESE,PO0140430U0001,2014-11-10,269.0,soggiacenza statica,14.79,254.21,17.79,21.67,247.32999999999998,251.20999999999998,3.8799999999999955,241.51,257.03,,,,,,,,,
119,SO,MESE,PO0140430U0001,2014-12-09,269.0,soggiacenza statica,14.22,254.78,17.79,21.67,247.32999999999998,251.20999999999998,3.8799999999999955,241.51,257.03,,,,,,,,,
120,SO,MESE,PO0140430U0001,2015-02-16,269.0,soggiacenza statica,20.23,248.77,17.79,21.67,247.32999999999998,251.20999999999998,3.8799999999999955,241.51,257.03,,,,,,,,,
121,SO,MESE,PO0140430U0001,2015-03-17,269.0,soggiacenza statica,21.1,247.9,17.79,21.67,247.32999999999998,251.20999999999998,3.8799999999999955,241.51,257.03,,,,,,,,,
122,SO,MESE,PO0140430U0001,2015-04-24,269.0,soggiacenza statica,21.0,248.0,17.79,21.67,247.32999999999998,251.20999999999998,3.8799999999999955,241.51,257.03,,,,,,,,,
123,SO,MESE,PO0140430U0001,2015-05-12,269.0,soggiacenza statica,19.92,249.08,17.79,21.67,247.32999999999998,251.20999999999998,3.8799999999999955,241.51,257.03,,,,,,,,,
124,SO,MESE,PO0140430U0001,2015-06-29,269.0,soggiacenza statica,18.71,250.29,17.79,21.67,247.32999999999998,251.20999999999998,3.8799999999999955,241.51,257.03,,,,,,,,,
125,SO,MESE,PO0140430U0001,2015-07-27,269.0,soggiacenza statica,19.31,249.69,17.79,21.67,247.32999999999998,251.20999999999998,3.8799999999999955,241.51,257.03,,,,,,,,,
126,SO,MESE,PO0140430U0001,2015-08-24,269.0,soggiacenza statica,19.81,249.19,17.79,21.67,247.32999999999998,251.20999999999998,3.8799999999999955,241.51,257.03,,,,,,,,,
127,SO,MESE,PO0140430U0001,2015-09-16,269.0,soggiacenza statica,18.82,250.18,17.79,21.67,247.32999999999998,251.20999999999998,3.8799999999999955,241.51,257.03,,,,,,,,,
128,SO,MESE,PO0140430U0001,2015-10-26,269.0,soggiacenza statica,17.92,251.08,17.79,21.67,247.32999999999998,251.20999999999998,3.8799999999999955,241.51,257.03,,,,,,,,,
129,SO,MESE,PO0140430U0001,2015-11-16,269.0,soggiacenza statica,19.2,249.8,17.79,21.67,247.32999999999998,251.20999999999998,3.8799999999999955,241.51,257.03,,,,,,,,,
130,SO,MESE,PO0140430U0001,2015-12-02,269.0,soggiacenza statica,20.36,248.64,17.79,21.67,247.32999999999998,251.20999999999998,3.8799999999999955,241.51,257.03,,,,,,,,,
131,SO,MESE,PO0140430U0001,2016-01-07,269.0,soggiacenza statica,22.48,246.52,17.79,21.67,247.32999999999998,251.20999999999998,3.8799999999999955,241.51,257.03,,,,,,,,,
132,SO,MESE,PO0140430U0001,2016-02-02,269.0,soggiacenza statica,22.4,246.6,17.79,21.67,247.32999999999998,251.20999999999998,3.8799999999999955,241.51,257.03,,,,,,,,,
133,SO,MESE,PO0140430U0001,2016-03-07,269.0,soggiacenza statica,23.47,245.53,17.79,21.67,247.32999999999998,251.20999999999998,3.8799999999999955,241.51,257.03,,,,,,,,,
134,SO,MESE,PO0140430U0001,2016-04-28,269.0,soggiacenza statica,20.73,248.27,17.79,21.67,247.32999999999998,251.20999999999998,3.8799999999999955,241.51,257.03,,,,,,,,,
135,SO,MESE,PO0140430U0001,2016-07-01,269.0,soggiacenza statica,15.2,253.8,17.79,21.67,247.32999999999998,251.20999999999998,3.8799999999999955,241.51,257.03,,,,,,,,,
136,SO,MESE,PO0140430U0001,2016-09-02,269.0,soggiacenza statica,16.75,252.25,17.79,21.67,247.32999999999998,251.20999999999998,3.8799999999999955,241.51,257.03,,,,,,,,,
137,SO,MESE,PO0140430U0001,2016-10-03,269.0,soggiacenza statica,17.2,251.8,17.79,21.67,247.32999999999998,251.20999999999998,3.8799999999999955,241.51,257.03,,,,,,,,,
138,SO,MESE,PO0140430U0001,2016-11-09,269.0,soggiacenza statica,18.8,250.2,17.79,21.67,247.32999999999998,251.20999999999998,3.8799999999999955,241.51,257.03,,,,,,,,,
139,SO,MESE,PO0140430U0001,2016-12-09,269.0,soggiacenza statica,19.8,249.2,17.79,21.67,247.32999999999998,251.20999999999998,3.8799999999999955,241.51,257.03,,,,,,,,,
140,SO,MESE,PO0140430U0001,2017-01-09,269.0,soggiacenza statica,20.2,248.8,17.79,21.67,247.32999999999998,251.20999999999998,3.8799999999999955,241.51,257.03,,,,,,,,,
141,SO,MESE,PO0140430U0001,2017-02-08,269.0,soggiacenza statica,23.5,245.5,17.79,21.67,247.32999999999998,251.20999999999998,3.8799999999999955,241.51,257.03,,,,,,,,,
142,SO,MESE,PO0140430U0001,2017-03-01,269.0,soggiacenza statica,22.8,246.2,17.79,21.67,247.32999999999998,251.20999999999998,3.8799999999999955,241.51,257.03,,,,,,,,,
143,SO,MESE,PO0140430U0001,2017-05-08,269.0,soggiacenza statica,18.6,250.4,17.79,21.67,247.32999999999998,251.20999999999998,3.8799999999999955,241.51,257.03,,,,,,,,,
144,SO,MESE,PO0140430U0001,2017-06-16,269.0,soggiacenza statica,16.0,253.0,17.79,21.67,247.32999999999998,251.20999999999998,3.8799999999999955,241.51,257.03,,,,,,,,,
145,SO,MESE,PO0140430U0001,2017-07-04,269.0,soggiacenza statica,15.0,254.0,17.79,21.67,247.32999999999998,251.20999999999998,3.8799999999999955,241.51,257.03,,,,,,,,,
146,SO,MESE,PO0140430U0001,2017-08-08,269.0,soggiacenza statica,15.17,253.83,17.79,21.67,247.32999999999998,251.20999999999998,3.8799999999999955,241.51,257.03,,,,,,,,,
147,SO,MESE,PO0140430U0001,2017-09-18,269.0,soggiacenza statica,17.8,251.2,17.79,21.67,247.32999999999998,251.20999999999998,3.8799999999999955,241.51,257.03,,,,,,,,,
148,SO,MESE,PO0140430U0001,2017-10-18,269.0,soggiacenza statica,17.5,251.5,17.79,21.67,247.32999999999998,251.20999999999998,3.8799999999999955,241.51,257.03,,,,,,,,,
149,SO,MESE,PO0140430U0001,2017-11-06,269.0,soggiacenza statica,17.85,251.15,17.79,21.67,247.32999999999998,251.20999999999998,3.8799999999999955,241.51,257.03,,,,,,,,,
150,SO,MESE,PO0140430U0001,2017-12-18,269.0,soggiacenza statica,22.5,246.5,17.79,21.67,247.32999999999998,251.20999999999998,3.8799999999999955,241.51,257.03,,,,,,,,,
151,SO,MESE,PO0140430U0001,2018-01-10,269.0,soggiacenza statica,22.67,246.33,17.79,21.67,247.32999999999998,251.20999999999998,3.8799999999999955,241.51,257.03,,,,,,,,,
152,SO,MESE,PO0140430U0001,2018-02-06,269.0,soggiacenza statica,21.8,247.2,17.79,21.67,247.32999999999998,251.20999999999998,3.8799999999999955,241.51,257.03,,,,,,,,,
153,SO,MESE,PO0140430U0001,2018-03-01,269.0,soggiacenza statica,22.2,246.8,17.79,21.67,247.32999999999998,251.20999999999998,3.8799999999999955,241.51,257.03,,,,,,,,,
154,SO,MESE,PO0140430U0001,2018-04-08,269.0,soggiacenza statica,21.56,247.44,17.79,21.67,247.32999999999998,251.20999999999998,3.8799999999999955,241.51,257.03,,,,,,,,,
155,SO,MESE,PO0140430U0001,2018-05-28,269.0,soggiacenza statica,20.05,248.95,17.79,21.67,247.32999999999998,251.20999999999998,3.8799999999999955,241.51,257.03,,,,,,,,,
156,SO,MESE,PO0140430U0001,2018-06-30,269.0,soggiacenza statica,20.4,248.6,17.79,21.67,247.32999999999998,251.20999999999998,3.8799999999999955,241.51,257.03,,,,,,,,,
157,SO,MESE,PO0140430U0001,2018-07-30,269.0,soggiacenza statica,20.2,248.8,17.79,21.67,247.32999999999998,251.20999999999998,3.8799999999999955,241.51,257.03,,,,,,,,,
158,SO,MESE,PO0140430U0001,2018-08-30,269.0,soggiacenza statica,21.01,247.99,17.79,21.67,247.32999999999998,251.20999999999998,3.8799999999999955,241.51,257.03,,,,,,,,,
159,SO,MESE,PO0140430U0001,2018-09-30,269.0,soggiacenza statica,22.36,246.64,17.79,21.67,247.32999999999998,251.20999999999998,3.8799999999999955,241.51,257.03,,,,,,,,,
160,SO,MESE,PO0140430U0001,2018-10-30,269.0,soggiacenza statica,23.0,246.0,17.79,21.67,247.32999999999998,251.20999999999998,3.8799999999999955,241.51,257.03,,,,,,,,,
161,SO,MESE,PO0140430U0001,2018-11-30,269.0,soggiacenza statica,19.27,249.73,17.79,21.67,247.32999999999998,251.20999999999998,3.8799999999999955,241.51,257.03,,,,,,,,,
162,SO,MESE,PO0140430U0001,2018-12-30,269.0,soggiacenza statica,20.82,248.18,17.79,21.67,247.32999999999998,251.20999999999998,3.8799999999999955,241.51,257.03,,,,,,,,,
163,SO,MESE,PO0140430U0001,2019-01-31,269.0,soggiacenza statica,22.88,246.12,17.79,21.67,247.32999999999998,251.20999999999998,3.8799999999999955,241.51,257.03,,,,,,,,,
164,SO,MESE,PO0140430U0001,2019-02-28,269.0,soggiacenza statica,23.5,245.5,17.79,21.67,247.32999999999998,251.20999999999998,3.8799999999999955,241.51,257.03,,,,,,,,,
165,SO,MESE,PO0140430U0001,2019-03-31,269.0,soggiacenza statica,22.52,246.48,17.79,21.67,247.32999999999998,251.20999999999998,3.8799999999999955,241.51,257.03,,,,,,,,,
166,SO,MESE,PO0140430U0001,2019-04-30,269.0,soggiacenza statica,21.84,247.16,17.79,21.67,247.32999999999998,251.20999999999998,3.8799999999999955,241.51,257.03,,,,,,,,,
167,SO,MESE,PO0140430U0001,2019-05-23,269.0,soggiacenza statica,21.42,247.58,17.79,21.67,247.32999999999998,251.20999999999998,3.8799999999999955,241.51,257.03,,,,,,,,,
168,SO,MESE,PO0140430U0001,2019-06-23,269.0,soggiacenza statica,15.24,253.76,17.79,21.67,247.32999999999998,251.20999999999998,3.8799999999999955,241.51,257.03,,,,,,,,,
169,SO,MESE,PO0140430U0001,2019-07-20,269.0,soggiacenza statica,14.98,254.02,17.79,21.67,247.32999999999998,251.20999999999998,3.8799999999999955,241.51,257.03,,,,,,,,,
170,SO,MESE,PO0140430U0001,2019-08-31,269.0,soggiacenza statica,12.72,256.28,17.79,21.67,247.32999999999998,251.20999999999998,3.8799999999999955,241.51,257.03,,,,,,,,,
171,SO,MESE,PO0140430U0001,2019-09-30,269.0,soggiacenza statica,13.05,255.95,17.79,21.67,247.32999999999998,251.20999999999998,3.8799999999999955,241.51,257.03,,,,,,,,,
172,SO,MESE,PO0140430U0001,2020-01-28,269.0,soggiacenza statica,14.03,254.97,17.79,21.67,247.32999999999998,251.20999999999998,3.8799999999999955,241.51,257.03,,,,,,,,,
173,SO,MESE,PO0140430U0001,2020-02-28,269.0,soggiacenza statica,16.04,252.96,17.79,21.67,247.32999999999998,251.20999999999998,3.8799999999999955,241.51,257.03,,,,,,,,,
174,SO,MESE,PO0140430U0001,2020-03-28,269.0,soggiacenza statica,17.35,251.65,17.79,21.67,247.32999999999998,251.20999999999998,3.8799999999999955,241.51,257.03,,,,,,,,,
175,SO,MESE,PO0140430U0001,2020-04-24,269.0,soggiacenza statica,17.14,251.86,17.79,21.67,247.32999999999998,251.20999999999998,3.8799999999999955,241.51,257.03,,,,,,,,,
176,SO,MESE,PO0140430U0001,2020-05-30,269.0,soggiacenza statica,14.4,254.6,17.79,21.67,247.32999999999998,251.20999999999998,3.8799999999999955,241.51,257.03,,,,,,,,,
177,SO,MESE,PO0140430U0001,2020-06-30,269.0,soggiacenza statica,12.29,256.71,17.79,21.67,247.32999999999998,251.20999999999998,3.8799999999999955,241.51,257.03,,,,,,,,,
178,SO,MESE,PO0140430U0001,2020-07-31,269.0,soggiacenza statica,13.33,255.67,17.79,21.67,247.32999999999998,251.20999999999998,3.8799999999999955,241.51,257.03,,,,,,,,,
179,SO,MESE,PO0140430U0001,2020-08-31,269.0,soggiacenza statica,13.37,255.63,17.79,21.67,247.32999999999998,251.20999999999998,3.8799999999999955,241.51,257.03,,,,,,,,,
180,SO,MESE,PO0140430U0001,2020-09-30,269.0,soggiacenza statica,13.2,255.8,17.79,21.67,247.32999999999998,251.20999999999998,3.8799999999999955,241.51,257.03,,,,,,,,,
181,SO,MESE,PO0140430U0001,2020-11-30,269.0,soggiacenza statica,13.48,255.52,17.79,21.67,247.32999999999998,251.20999999999998,3.8799999999999955,241.51,257.03,,,,,,,,,
182,SO,MESE,PO0140430U0001,2020-12-21,269.0,soggiacenza statica,14.78,254.22,17.79,21.67,247.32999999999998,251.20999999999998,3.8799999999999955,241.51,257.03,,,,,,,,,
183,SO,MESE,PO0140430U0001,2021-01-31,269.0,soggiacenza statica,16.72,252.28,17.79,21.67,247.32999999999998,251.20999999999998,3.8799999999999955,241.51,257.03,,,,,,,,,
184,SO,MESE,PO0140430U0001,2021-02-28,269.0,soggiacenza statica,16.82,252.18,17.79,21.67,247.32999999999998,251.20999999999998,3.8799999999999955,241.51,257.03,,,,,,,,,
185,SO,MESE,PO0140430U0001,2021-03-31,269.0,soggiacenza statica,17.05,251.95,17.79,21.67,247.32999999999998,251.20999999999998,3.8799999999999955,241.51,257.03,,,,,,,,,
186,SO,MESE,PO0140430U0001,2021-04-26,269.0,soggiacenza statica,17.63,251.37,17.79,21.67,247.32999999999998,251.20999999999998,3.8799999999999955,241.51,257.03,,,,,,,,,
187,SO,PRATA CAMPORTACCIO,PO014054NU0002,2016-01-07,235.077,soggiacenza statica,9.4,225.677,6.115,8.325,226.752,228.962,2.2099999999999795,223.43700000000004,232.27699999999996,,,,,,,,,
188,SO,PRATA CAMPORTACCIO,PO014054NU0002,2016-02-03,235.077,soggiacenza statica,9.65,225.427,6.115,8.325,226.752,228.962,2.2099999999999795,223.43700000000004,232.27699999999996,,,,,,,,,
189,SO,PRATA CAMPORTACCIO,PO014054NU0002,2016-03-07,235.077,soggiacenza statica,9.55,225.527,6.115,8.325,226.752,228.962,2.2099999999999795,223.43700000000004,232.27699999999996,,,,,,,,,
190,SO,PRATA CAMPORTACCIO,PO014054NU0002,2016-04-28,235.077,soggiacenza statica,7.23,227.847,6.115,8.325,226.752,228.962,2.2099999999999795,223.43700000000004,232.27699999999996,,,,,,,,,
191,SO,PRATA CAMPORTACCIO,PO014054NU0002,2016-05-31,235.077,soggiacenza statica,7.1,227.977,6.115,8.325,226.752,228.962,2.2099999999999795,223.43700000000004,232.27699999999996,,,,,,,,,
192,SO,PRATA CAMPORTACCIO,PO014054NU0002,2016-07-01,235.077,soggiacenza statica,5.33,229.747,6.115,8.325,226.752,228.962,2.2099999999999795,223.43700000000004,232.27699999999996,,,,,,,,,
193,SO,PRATA CAMPORTACCIO,PO014054NU0002,2016-08-01,235.077,soggiacenza statica,5.7,229.377,6.115,8.325,226.752,228.962,2.2099999999999795,223.43700000000004,232.27699999999996,,,,,,,,,
194,SO,PRATA CAMPORTACCIO,PO014054NU0002,2016-09-02,235.077,soggiacenza statica,6.5,228.577,6.115,8.325,226.752,228.962,2.2099999999999795,223.43700000000004,232.27699999999996,,,,,,,,,
195,SO,PRATA CAMPORTACCIO,PO014054NU0002,2016-10-03,235.077,soggiacenza statica,6.3,228.777,6.115,8.325,226.752,228.962,2.2099999999999795,223.43700000000004,232.27699999999996,,,,,,,,,
196,SO,PRATA CAMPORTACCIO,PO014054NU0002,2016-11-09,235.077,soggiacenza statica,6.5,228.577,6.115,8.325,226.752,228.962,2.2099999999999795,223.43700000000004,232.27699999999996,,,,,,,,,
197,SO,PRATA CAMPORTACCIO,PO014054NU0002,2016-12-09,235.077,soggiacenza statica,7.7,227.377,6.115,8.325,226.752,228.962,2.2099999999999795,223.43700000000004,232.27699999999996,,,,,,,,,
198,SO,PRATA CAMPORTACCIO,PO014054NU0002,2017-01-09,235.077,soggiacenza statica,8.1,226.977,6.115,8.325,226.752,228.962,2.2099999999999795,223.43700000000004,232.27699999999996,,,,,,,,,
199,SO,PRATA CAMPORTACCIO,PO014054NU0002,2017-02-08,235.077,soggiacenza statica,7.7,227.377,6.115,8.325,226.752,228.962,2.2099999999999795,223.43700000000004,232.27699999999996,,,,,,,,,
200,SO,PRATA CAMPORTACCIO,PO014054NU0002,2017-03-01,235.077,soggiacenza statica,8.4,226.677,6.115,8.325,226.752,228.962,2.2099999999999795,223.43700000000004,232.27699999999996,,,,,,,,,
201,SO,PRATA CAMPORTACCIO,PO014054NU0002,2017-05-08,235.077,soggiacenza statica,6.8,228.277,6.115,8.325,226.752,228.962,2.2099999999999795,223.43700000000004,232.27699999999996,,,,,,,,,
202,SO,PRATA CAMPORTACCIO,PO014054NU0002,2017-06-16,235.077,soggiacenza statica,5.6,229.477,6.115,8.325,226.752,228.962,2.2099999999999795,223.43700000000004,232.27699999999996,,,,,,,,,
203,SO,PRATA CAMPORTACCIO,PO014054NU0002,2017-07-04,235.077,soggiacenza statica,6.87,228.207,6.115,8.325,226.752,228.962,2.2099999999999795,223.43700000000004,232.27699999999996,,,,,,,,,
204,SO,PRATA CAMPORTACCIO,PO014054NU0002,2017-08-08,235.077,soggiacenza statica,6.95,228.127,6.115,8.325,226.752,228.962,2.2099999999999795,223.43700000000004,232.27699999999996,,,,,,,,,
205,SO,PRATA CAMPORTACCIO,PO014054NU0002,2017-09-18,235.077,soggiacenza statica,6.6,228.477,6.115,8.325,226.752,228.962,2.2099999999999795,223.43700000000004,232.27699999999996,,,,,,,,,
206,SO,PRATA CAMPORTACCIO,PO014054NU0002,2017-10-18,235.077,soggiacenza statica,7.2,227.877,6.115,8.325,226.752,228.962,2.2099999999999795,223.43700000000004,232.27699999999996,,,,,,,,,
207,SO,PRATA CAMPORTACCIO,PO014054NU0002,2017-11-06,235.077,soggiacenza statica,7.25,227.827,6.115,8.325,226.752,228.962,2.2099999999999795,223.43700000000004,232.27699999999996,,,,,,,,,
208,SO,PRATA CAMPORTACCIO,PO014054NU0002,2017-12-18,235.077,soggiacenza statica,7.33,227.747,6.115,8.325,226.752,228.962,2.2099999999999795,223.43700000000004,232.27699999999996,,,,,,,,,
209,SO,PRATA CAMPORTACCIO,PO014054NU0002,2018-01-10,235.077,soggiacenza statica,7.74,227.337,6.115,8.325,226.752,228.962,2.2099999999999795,223.43700000000004,232.27699999999996,,,,,,,,,
210,SO,PRATA CAMPORTACCIO,PO014054NU0002,2018-02-06,235.077,soggiacenza statica,8.0,227.077,6.115,8.325,226.752,228.962,2.2099999999999795,223.43700000000004,232.27699999999996,,,,,,,,,
211,SO,PRATA CAMPORTACCIO,PO014054NU0002,2018-03-01,235.077,soggiacenza statica,7.81,227.267,6.115,8.325,226.752,228.962,2.2099999999999795,223.43700000000004,232.27699999999996,,,,,,,,,
212,SO,PRATA CAMPORTACCIO,PO014054NU0002,2018-04-08,235.077,soggiacenza statica,7.54,227.537,6.115,8.325,226.752,228.962,2.2099999999999795,223.43700000000004,232.27699999999996,,,,,,,,,
213,SO,PRATA CAMPORTACCIO,PO014054NU0002,2018-05-28,235.077,soggiacenza statica,8.48,226.597,6.115,8.325,226.752,228.962,2.2099999999999795,223.43700000000004,232.27699999999996,,,,,,,,,
214,SO,PRATA CAMPORTACCIO,PO014054NU0002,2018-06-30,235.077,soggiacenza statica,8.49,226.587,6.115,8.325,226.752,228.962,2.2099999999999795,223.43700000000004,232.27699999999996,,,,,,,,,
215,SO,PRATA CAMPORTACCIO,PO014054NU0002,2018-07-30,235.077,soggiacenza statica,8.67,226.407,6.115,8.325,226.752,228.962,2.2099999999999795,223.43700000000004,232.27699999999996,,,,,,,,,
216,SO,PRATA CAMPORTACCIO,PO014054NU0002,2018-08-30,235.077,soggiacenza statica,8.82,226.257,6.115,8.325,226.752,228.962,2.2099999999999795,223.43700000000004,232.27699999999996,,,,,,,,,
217,SO,PRATA CAMPORTACCIO,PO014054NU0002,2018-09-30,235.077,soggiacenza statica,9.53,225.547,6.115,8.325,226.752,228.962,2.2099999999999795,223.43700000000004,232.27699999999996,,,,,,,,,
218,SO,PRATA CAMPORTACCIO,PO014054NU0002,2018-10-30,235.077,soggiacenza statica,9.53,225.547,6.115,8.325,226.752,228.962,2.2099999999999795,223.43700000000004,232.27699999999996,,,,,,,,,
219,SO,PRATA CAMPORTACCIO,PO014054NU0002,2018-11-30,235.077,soggiacenza statica,7.58,227.497,6.115,8.325,226.752,228.962,2.2099999999999795,223.43700000000004,232.27699999999996,,,,,,,,,
220,SO,PRATA CAMPORTACCIO,PO014054NU0002,2018-12-30,235.077,soggiacenza statica,8.69,226.387,6.115,8.325,226.752,228.962,2.2099999999999795,223.43700000000004,232.27699999999996,,,,,,,,,
221,SO,PRATA CAMPORTACCIO,PO014054NU0002,2019-01-31,235.077,soggiacenza statica,9.41,225.667,6.115,8.325,226.752,228.962,2.2099999999999795,223.43700000000004,232.27699999999996,,,,,,,,,
222,SO,PRATA CAMPORTACCIO,PO014054NU0002,2019-02-28,235.077,soggiacenza statica,9.75,225.327,6.115,8.325,226.752,228.962,2.2099999999999795,223.43700000000004,232.27699999999996,,,,,,,,,
223,SO,PRATA CAMPORTACCIO,PO014054NU0002,2019-03-31,235.077,soggiacenza statica,9.11,225.967,6.115,8.325,226.752,228.962,2.2099999999999795,223.43700000000004,232.27699999999996,,,,,,,,,
224,SO,PRATA CAMPORTACCIO,PO014054NU0002,2019-04-30,235.077,soggiacenza statica,8.91,226.167,6.115,8.325,226.752,228.962,2.2099999999999795,223.43700000000004,232.27699999999996,,,,,,,,,
225,SO,PRATA CAMPORTACCIO,PO014054NU0002,2019-05-23,235.077,soggiacenza statica,8.83,226.247,6.115,8.325,226.752,228.962,2.2099999999999795,223.43700000000004,232.27699999999996,,,,,,,,,
226,SO,PRATA CAMPORTACCIO,PO014054NU0002,2019-06-23,235.077,soggiacenza statica,6.43,228.647,6.115,8.325,226.752,228.962,2.2099999999999795,223.43700000000004,232.27699999999996,,,,,,,,,
227,SO,PRATA CAMPORTACCIO,PO014054NU0002,2019-07-20,235.077,soggiacenza statica,5.01,230.067,6.115,8.325,226.752,228.962,2.2099999999999795,223.43700000000004,232.27699999999996,,,,,,,,,
228,SO,PRATA CAMPORTACCIO,PO014054NU0002,2019-08-31,235.077,soggiacenza statica,5.55,229.527,6.115,8.325,226.752,228.962,2.2099999999999795,223.43700000000004,232.27699999999996,,,,,,,,,
229,SO,PRATA CAMPORTACCIO,PO014054NU0002,2019-09-30,235.077,soggiacenza statica,6.19,228.887,6.115,8.325,226.752,228.962,2.2099999999999795,223.43700000000004,232.27699999999996,,,,,,,,,
230,SO,PRATA CAMPORTACCIO,PO014054NU0002,2019-10-30,235.077,soggiacenza statica,4.49,230.587,6.115,8.325,226.752,228.962,2.2099999999999795,223.43700000000004,232.27699999999996,,,,,,,,,
231,SO,PRATA CAMPORTACCIO,PO014054NU0002,2019-11-30,235.077,soggiacenza statica,4.58,230.497,6.115,8.325,226.752,228.962,2.2099999999999795,223.43700000000004,232.27699999999996,,,,,,,,,
232,SO,PRATA CAMPORTACCIO,PO014054NU0002,2019-12-28,235.077,soggiacenza statica,4.44,230.637,6.115,8.325,226.752,228.962,2.2099999999999795,223.43700000000004,232.27699999999996,,,,,,,,,
233,SO,PRATA CAMPORTACCIO,PO014054NU0002,2020-01-28,235.077,soggiacenza statica,5.8,229.277,6.115,8.325,226.752,228.962,2.2099999999999795,223.43700000000004,232.27699999999996,,,,,,,,,
234,SO,PRATA CAMPORTACCIO,PO014054NU0002,2020-02-28,235.077,soggiacenza statica,6.63,228.447,6.115,8.325,226.752,228.962,2.2099999999999795,223.43700000000004,232.27699999999996,,,,,,,,,
235,SO,PRATA CAMPORTACCIO,PO014054NU0002,2020-03-28,235.077,soggiacenza statica,7.35,227.727,6.115,8.325,226.752,228.962,2.2099999999999795,223.43700000000004,232.27699999999996,,,,,,,,,
236,SO,PRATA CAMPORTACCIO,PO014054NU0002,2020-04-24,235.077,soggiacenza statica,7.41,227.667,6.115,8.325,226.752,228.962,2.2099999999999795,223.43700000000004,232.27699999999996,,,,,,,,,
237,SO,PRATA CAMPORTACCIO,PO014054NU0002,2020-05-30,235.077,soggiacenza statica,6.09,228.987,6.115,8.325,226.752,228.962,2.2099999999999795,223.43700000000004,232.27699999999996,,,,,,,,,
238,SO,PRATA CAMPORTACCIO,PO014054NU0002,2020-06-30,235.077,soggiacenza statica,5.49,229.587,6.115,8.325,226.752,228.962,2.2099999999999795,223.43700000000004,232.27699999999996,,,,,,,,,
239,SO,PRATA CAMPORTACCIO,PO014054NU0002,2020-07-31,235.077,soggiacenza statica,6.0,229.077,6.115,8.325,226.752,228.962,2.2099999999999795,223.43700000000004,232.27699999999996,,,,,,,,,
240,SO,PRATA CAMPORTACCIO,PO014054NU0002,2020-08-31,235.077,soggiacenza statica,5.7,229.377,6.115,8.325,226.752,228.962,2.2099999999999795,223.43700000000004,232.27699999999996,,,,,,,,,
241,SO,PRATA CAMPORTACCIO,PO014054NU0002,2020-09-30,235.077,soggiacenza statica,5.55,229.527,6.115,8.325,226.752,228.962,2.2099999999999795,223.43700000000004,232.27699999999996,,,,,,,,,
242,SO,PRATA CAMPORTACCIO,PO014054NU0002,2020-10-31,235.077,soggiacenza statica,4.72,230.357,6.115,8.325,226.752,228.962,2.2099999999999795,223.43700000000004,232.27699999999996,,,,,,,,,
243,SO,PRATA CAMPORTACCIO,PO014054NU0002,2020-11-30,235.077,soggiacenza statica,5.8,229.277,6.115,8.325,226.752,228.962,2.2099999999999795,223.43700000000004,232.27699999999996,,,,,,,,,
244,SO,PRATA CAMPORTACCIO,PO014054NU0002,2020-12-21,235.077,soggiacenza statica,6.2,228.877,6.115,8.325,226.752,228.962,2.2099999999999795,223.43700000000004,232.27699999999996,,,,,,,,,
245,SO,PRATA CAMPORTACCIO,PO014054NU0002,2021-01-31,235.077,soggiacenza statica,7.1,227.977,6.115,8.325,226.752,228.962,2.2099999999999795,223.43700000000004,232.27699999999996,,,,,,,,,
246,SO,PRATA CAMPORTACCIO,PO014054NU0002,2021-02-28,235.077,soggiacenza statica,7.38,227.697,6.115,8.325,226.752,228.962,2.2099999999999795,223.43700000000004,232.27699999999996,,,,,,,,,
247,SO,PRATA CAMPORTACCIO,PO014054NU0002,2021-03-31,235.077,soggiacenza statica,7.72,227.357,6.115,8.325,226.752,228.962,2.2099999999999795,223.43700000000004,232.27699999999996,,,,,,,,,
248,SO,PRATA CAMPORTACCIO,PO014054NU0002,2021-04-26,235.077,soggiacenza statica,7.96,227.117,6.115,8.325,226.752,228.962,2.2099999999999795,223.43700000000004,232.27699999999996,,,,,,,,,
249,SO,SAMOLACO,PO0140570R0020,2004-12-21,208.67,soggiacenza statica,3.15,205.52,2.535,2.92,205.75,206.135,0.3849999999999909,205.1725,206.71249999999998,,,,,,,,,
250,SO,SAMOLACO,PO0140570R0020,2005-01-20,208.67,soggiacenza statica,3.15,205.52,2.535,2.92,205.75,206.135,0.3849999999999909,205.1725,206.71249999999998,,,,,,,,,
251,SO,SAMOLACO,PO0140570R0020,2005-02-25,208.67,soggiacenza statica,3.002,205.668,2.535,2.92,205.75,206.135,0.3849999999999909,205.1725,206.71249999999998,,,,,,,,,
252,SO,SAMOLACO,PO0140570R0020,2005-03-17,208.67,soggiacenza statica,2.88,205.79,2.535,2.92,205.75,206.135,0.3849999999999909,205.1725,206.71249999999998,,,,,,,,,
253,SO,SAMOLACO,PO0140570R0020,2005-04-29,208.67,soggiacenza statica,2.63,206.04,2.535,2.92,205.75,206.135,0.3849999999999909,205.1725,206.71249999999998,,,,,,,,,
254,SO,SAMOLACO,PO0140570R0020,2005-05-05,208.67,soggiacenza statica,2.53,206.14,2.535,2.92,205.75,206.135,0.3849999999999909,205.1725,206.71249999999998,,,,,,,,,
255,SO,SAMOLACO,PO0140570R0020,2005-06-27,208.67,soggiacenza statica,2.73,205.94,2.535,2.92,205.75,206.135,0.3849999999999909,205.1725,206.71249999999998,,,,,,,,,
256,SO,SAMOLACO,PO0140570R0020,2005-07-19,208.67,soggiacenza statica,2.93,205.74,2.535,2.92,205.75,206.135,0.3849999999999909,205.1725,206.71249999999998,,,,,,,,,
257,SO,SAMOLACO,PO0140570R0020,2005-08-31,208.67,soggiacenza statica,2.91,205.76,2.535,2.92,205.75,206.135,0.3849999999999909,205.1725,206.71249999999998,,,,,,,,,
258,SO,SAMOLACO,PO0140570R0020,2005-09-19,208.67,soggiacenza statica,2.85,205.82,2.535,2.92,205.75,206.135,0.3849999999999909,205.1725,206.71249999999998,,,,,,,,,
259,SO,SAMOLACO,PO0140570R0020,2005-10-27,208.67,soggiacenza statica,2.99,205.68,2.535,2.92,205.75,206.135,0.3849999999999909,205.1725,206.71249999999998,,,,,,,,,
260,SO,SAMOLACO,PO0140570R0020,2005-11-10,208.67,soggiacenza statica,3.08,205.59,2.535,2.92,205.75,206.135,0.3849999999999909,205.1725,206.71249999999998,,,,,,,,,
261,SO,SAMOLACO,PO0140570R0020,2005-12-21,208.67,soggiacenza statica,3.43,205.24,2.535,2.92,205.75,206.135,0.3849999999999909,205.1725,206.71249999999998,,,,,,,,,
262,SO,SAMOLACO,PO0140570R0020,2006-02-22,208.67,soggiacenza statica,2.93,205.74,2.535,2.92,205.75,206.135,0.3849999999999909,205.1725,206.71249999999998,,,,,,,,,
263,SO,SAMOLACO,PO0140570R0020,2006-04-24,208.67,soggiacenza statica,2.63,206.04,2.535,2.92,205.75,206.135,0.3849999999999909,205.1725,206.71249999999998,,,,,,,,,
264,SO,SAMOLACO,PO0140570R0020,2006-05-17,208.67,soggiacenza statica,2.48,206.19,2.535,2.92,205.75,206.135,0.3849999999999909,205.1725,206.71249999999998,,,,,,,,,
265,SO,SAMOLACO,PO0140570R0020,2006-06-27,208.67,soggiacenza statica,2.73,205.94,2.535,2.92,205.75,206.135,0.3849999999999909,205.1725,206.71249999999998,,,,,,,,,
266,SO,SAMOLACO,PO0140570R0020,2006-07-27,208.67,soggiacenza statica,2.83,205.84,2.535,2.92,205.75,206.135,0.3849999999999909,205.1725,206.71249999999998,,,,,,,,,
267,SO,SAMOLACO,PO0140570R0020,2006-08-31,208.67,soggiacenza statica,2.83,205.84,2.535,2.92,205.75,206.135,0.3849999999999909,205.1725,206.71249999999998,,,,,,,,,
268,SO,SAMOLACO,PO0140570R0020,2006-09-28,208.67,soggiacenza statica,2.78,205.89,2.535,2.92,205.75,206.135,0.3849999999999909,205.1725,206.71249999999998,,,,,,,,,
269,SO,SAMOLACO,PO0140570R0020,2006-10-25,208.67,soggiacenza statica,2.83,205.84,2.535,2.92,205.75,206.135,0.3849999999999909,205.1725,206.71249999999998,,,,,,,,,
270,SO,SAMOLACO,PO0140570R0020,2006-11-22,208.67,soggiacenza statica,2.43,206.24,2.535,2.92,205.75,206.135,0.3849999999999909,205.1725,206.71249999999998,,,,,,,,,
271,SO,SAMOLACO,PO0140570R0020,2007-01-29,208.67,soggiacenza statica,2.75,205.92,2.535,2.92,205.75,206.135,0.3849999999999909,205.1725,206.71249999999998,,,,,,,,,
272,SO,SAMOLACO,PO0140570R0020,2007-02-21,208.67,soggiacenza statica,2.86,205.81,2.535,2.92,205.75,206.135,0.3849999999999909,205.1725,206.71249999999998,,,,,,,,,
273,SO,SAMOLACO,PO0140570R0020,2007-03-29,208.67,soggiacenza statica,2.88,205.79,2.535,2.92,205.75,206.135,0.3849999999999909,205.1725,206.71249999999998,,,,,,,,,
274,SO,SAMOLACO,PO0140570R0020,2007-04-27,208.67,soggiacenza statica,2.65,206.02,2.535,2.92,205.75,206.135,0.3849999999999909,205.1725,206.71249999999998,,,,,,,,,
275,SO,SAMOLACO,PO0140570R0020,2007-05-17,208.67,soggiacenza statica,2.78,205.89,2.535,2.92,205.75,206.135,0.3849999999999909,205.1725,206.71249999999998,,,,,,,,,
276,SO,SAMOLACO,PO0140570R0020,2007-06-28,208.67,soggiacenza statica,2.33,206.34,2.535,2.92,205.75,206.135,0.3849999999999909,205.1725,206.71249999999998,,,,,,,,,
277,SO,SAMOLACO,PO0140570R0020,2007-07-25,208.67,soggiacenza statica,3.13,205.54,2.535,2.92,205.75,206.135,0.3849999999999909,205.1725,206.71249999999998,,,,,,,,,
278,SO,SAMOLACO,PO0140570R0020,2007-08-30,208.67,soggiacenza statica,2.39,206.28,2.535,2.92,205.75,206.135,0.3849999999999909,205.1725,206.71249999999998,,,,,,,,,
279,SO,SAMOLACO,PO0140570R0020,2007-09-19,208.67,soggiacenza statica,2.61,206.06,2.535,2.92,205.75,206.135,0.3849999999999909,205.1725,206.71249999999998,,,,,,,,,
280,SO,SAMOLACO,PO0140570R0020,2007-10-31,208.67,soggiacenza statica,2.92,205.75,2.535,2.92,205.75,206.135,0.3849999999999909,205.1725,206.71249999999998,,,,,,,,,
281,SO,SAMOLACO,PO0140570R0020,2007-11-14,208.67,soggiacenza statica,2.93,205.74,2.535,2.92,205.75,206.135,0.3849999999999909,205.1725,206.71249999999998,,,,,,,,,
282,SO,SAMOLACO,PO0140570R0020,2007-12-20,208.67,soggiacenza statica,2.89,205.78,2.535,2.92,205.75,206.135,0.3849999999999909,205.1725,206.71249999999998,,,,,,,,,
283,SO,SAMOLACO,PO0140570R0020,2008-01-29,208.67,soggiacenza statica,2.73,205.94,2.535,2.92,205.75,206.135,0.3849999999999909,205.1725,206.71249999999998,,,,,,,,,
284,SO,SAMOLACO,PO0140570R0020,2008-02-28,208.67,soggiacenza statica,2.83,205.84,2.535,2.92,205.75,206.135,0.3849999999999909,205.1725,206.71249999999998,,,,,,,,,
285,SO,SAMOLACO,PO0140570R0020,2008-03-27,208.67,soggiacenza statica,2.85,205.82,2.535,2.92,205.75,206.135,0.3849999999999909,205.1725,206.71249999999998,,,,,,,,,
286,SO,SAMOLACO,PO0140570R0020,2008-04-23,208.67,soggiacenza statica,2.23,206.44,2.535,2.92,205.75,206.135,0.3849999999999909,205.1725,206.71249999999998,,,,,,,,,
287,SO,SAMOLACO,PO0140570R0020,2008-06-25,208.67,soggiacenza statica,2.26,206.41,2.535,2.92,205.75,206.135,0.3849999999999909,205.1725,206.71249999999998,,,,,,,,,
288,SO,SAMOLACO,PO0140570R0020,2008-07-31,208.67,soggiacenza statica,2.4,206.27,2.535,2.92,205.75,206.135,0.3849999999999909,205.1725,206.71249999999998,,,,,,,,,
289,SO,SAMOLACO,PO0140570R0020,2008-08-28,208.67,soggiacenza statica,2.68,205.99,2.535,2.92,205.75,206.135,0.3849999999999909,205.1725,206.71249999999998,,,,,,,,,
290,SO,SAMOLACO,PO0140570R0020,2008-09-23,208.67,soggiacenza statica,2.38,206.29,2.535,2.92,205.75,206.135,0.3849999999999909,205.1725,206.71249999999998,,,,,,,,,
291,SO,SAMOLACO,PO0140570R0020,2008-10-23,208.67,soggiacenza statica,2.83,205.84,2.535,2.92,205.75,206.135,0.3849999999999909,205.1725,206.71249999999998,,,,,,,,,
292,SO,SAMOLACO,PO0140570R0020,2008-11-13,208.67,soggiacenza statica,2.33,206.34,2.535,2.92,205.75,206.135,0.3849999999999909,205.1725,206.71249999999998,,,,,,,,,
293,SO,SAMOLACO,PO0140570R0020,2008-12-18,208.67,soggiacenza statica,2.45,206.22,2.535,2.92,205.75,206.135,0.3849999999999909,205.1725,206.71249999999998,,,,,,,,,
294,SO,SAMOLACO,PO0140570R0020,2009-01-30,208.67,soggiacenza statica,2.73,205.94,2.535,2.92,205.75,206.135,0.3849999999999909,205.1725,206.71249999999998,,,,,,,,,
295,SO,SAMOLACO,PO0140570R0020,2009-02-26,208.67,soggiacenza statica,2.78,205.89,2.535,2.92,205.75,206.135,0.3849999999999909,205.1725,206.71249999999998,,,,,,,,,
296,SO,SAMOLACO,PO0140570R0020,2009-03-25,208.67,soggiacenza statica,2.78,205.89,2.535,2.92,205.75,206.135,0.3849999999999909,205.1725,206.71249999999998,,,,,,,,,
297,SO,SAMOLACO,PO0140570R0020,2009-04-16,208.67,soggiacenza statica,2.43,206.24,2.535,2.92,205.75,206.135,0.3849999999999909,205.1725,206.71249999999998,,,,,,,,,
298,SO,SAMOLACO,PO0140570R0020,2009-05-13,208.67,soggiacenza statica,2.33,206.34,2.535,2.92,205.75,206.135,0.3849999999999909,205.1725,206.71249999999998,,,,,,,,,
299,SO,SAMOLACO,PO0140570R0020,2009-06-30,208.67,soggiacenza statica,2.48,206.19,2.535,2.92,205.75,206.135,0.3849999999999909,205.1725,206.71249999999998,,,,,,,,,
300,SO,SAMOLACO,PO0140570R0020,2009-07-29,208.67,soggiacenza statica,2.68,205.99,2.535,2.92,205.75,206.135,0.3849999999999909,205.1725,206.71249999999998,,,,,,,,,
301,SO,SAMOLACO,PO0140570R0020,2009-08-26,208.67,soggiacenza statica,2.63,206.04,2.535,2.92,205.75,206.135,0.3849999999999909,205.1725,206.71249999999998,,,,,,,,,
302,SO,SAMOLACO,PO0140570R0020,2009-09-30,208.67,soggiacenza statica,2.85,205.82,2.535,2.92,205.75,206.135,0.3849999999999909,205.1725,206.71249999999998,,,,,,,,,
303,SO,SAMOLACO,PO0140570R0020,2009-10-30,208.67,soggiacenza statica,2.95,205.72,2.535,2.92,205.75,206.135,0.3849999999999909,205.1725,206.71249999999998,,,,,,,,,
304,SO,SAMOLACO,PO0140570R0020,2009-11-18,208.67,soggiacenza statica,2.97,205.7,2.535,2.92,205.75,206.135,0.3849999999999909,205.1725,206.71249999999998,,,,,,,,,
305,SO,SAMOLACO,PO0140570R0020,2009-12-21,208.67,soggiacenza statica,2.83,205.84,2.535,2.92,205.75,206.135,0.3849999999999909,205.1725,206.71249999999998,,,,,,,,,
306,SO,SAMOLACO,PO0140570R0020,2010-01-22,208.67,soggiacenza statica,2.71,205.96,2.535,2.92,205.75,206.135,0.3849999999999909,205.1725,206.71249999999998,,,,,,,,,
307,SO,SAMOLACO,PO0140570R0020,2010-02-22,208.67,soggiacenza statica,2.83,205.84,2.535,2.92,205.75,206.135,0.3849999999999909,205.1725,206.71249999999998,,,,,,,,,
308,SO,SAMOLACO,PO0140570R0020,2010-03-31,208.67,soggiacenza statica,2.55,206.12,2.535,2.92,205.75,206.135,0.3849999999999909,205.1725,206.71249999999998,,,,,,,,,
309,SO,SAMOLACO,PO0140570R0020,2010-04-28,208.67,soggiacenza statica,2.43,206.24,2.535,2.92,205.75,206.135,0.3849999999999909,205.1725,206.71249999999998,,,,,,,,,
310,SO,SAMOLACO,PO0140570R0020,2010-05-26,208.67,soggiacenza statica,2.13,206.54,2.535,2.92,205.75,206.135,0.3849999999999909,205.1725,206.71249999999998,,,,,,,,,
311,SO,SAMOLACO,PO0140570R0020,2010-06-30,208.67,soggiacenza statica,2.56,206.11,2.535,2.92,205.75,206.135,0.3849999999999909,205.1725,206.71249999999998,,,,,,,,,
312,SO,SAMOLACO,PO0140570R0020,2010-07-26,208.67,soggiacenza statica,2.68,205.99,2.535,2.92,205.75,206.135,0.3849999999999909,205.1725,206.71249999999998,,,,,,,,,
313,SO,SAMOLACO,PO0140570R0020,2010-08-26,208.67,soggiacenza statica,2.71,205.96,2.535,2.92,205.75,206.135,0.3849999999999909,205.1725,206.71249999999998,,,,,,,,,
314,SO,SAMOLACO,PO0140570R0020,2010-09-22,208.67,soggiacenza statica,2.68,205.99,2.535,2.92,205.75,206.135,0.3849999999999909,205.1725,206.71249999999998,,,,,,,,,
315,SO,SAMOLACO,PO0140570R0020,2010-10-27,208.67,soggiacenza statica,2.74,205.93,2.535,2.92,205.75,206.135,0.3849999999999909,205.1725,206.71249999999998,,,,,,,,,
316,SO,SAMOLACO,PO0140570R0020,2010-11-18,208.67,soggiacenza statica,2.23,206.44,2.535,2.92,205.75,206.135,0.3849999999999909,205.1725,206.71249999999998,,,,,,,,,
317,SO,SAMOLACO,PO0140570R0020,2010-12-23,208.67,soggiacenza statica,2.53,206.14,2.535,2.92,205.75,206.135,0.3849999999999909,205.1725,206.71249999999998,,,,,,,,,
318,SO,SAMOLACO,PO0140570R0020,2011-01-24,208.67,soggiacenza statica,2.57,206.1,2.535,2.92,205.75,206.135,0.3849999999999909,205.1725,206.71249999999998,,,,,,,,,
319,SO,SAMOLACO,PO0140570R0020,2011-02-22,208.67,soggiacenza statica,2.77,205.9,2.535,2.92,205.75,206.135,0.3849999999999909,205.1725,206.71249999999998,,,,,,,,,
320,SO,SAMOLACO,PO0140570R0020,2011-03-22,208.67,soggiacenza statica,2.85,205.82,2.535,2.92,205.75,206.135,0.3849999999999909,205.1725,206.71249999999998,,,,,,,,,
321,SO,SAMOLACO,PO0140570R0020,2011-04-26,208.67,soggiacenza statica,2.76,205.91,2.535,2.92,205.75,206.135,0.3849999999999909,205.1725,206.71249999999998,,,,,,,,,
322,SO,SAMOLACO,PO0140570R0020,2011-05-26,208.67,soggiacenza statica,2.68,205.99,2.535,2.92,205.75,206.135,0.3849999999999909,205.1725,206.71249999999998,,,,,,,,,
323,SO,SAMOLACO,PO0140570R0020,2011-06-30,208.67,soggiacenza statica,2.38,206.29,2.535,2.92,205.75,206.135,0.3849999999999909,205.1725,206.71249999999998,,,,,,,,,
324,SO,SAMOLACO,PO0140570R0020,2011-07-21,208.67,soggiacenza statica,2.93,205.74,2.535,2.92,205.75,206.135,0.3849999999999909,205.1725,206.71249999999998,,,,,,,,,
325,SO,SAMOLACO,PO0140570R0020,2011-08-24,208.67,soggiacenza statica,2.55,206.12,2.535,2.92,205.75,206.135,0.3849999999999909,205.1725,206.71249999999998,,,,,,,,,
326,SO,SAMOLACO,PO0140570R0020,2011-09-22,208.67,soggiacenza statica,2.3,206.37,2.535,2.92,205.75,206.135,0.3849999999999909,205.1725,206.71249999999998,,,,,,,,,
327,SO,SAMOLACO,PO0140570R0020,2011-10-25,208.67,soggiacenza statica,2.76,205.91,2.535,2.92,205.75,206.135,0.3849999999999909,205.1725,206.71249999999998,,,,,,,,,
328,SO,SAMOLACO,PO0140570R0020,2011-11-07,208.67,soggiacenza statica,2.3,206.37,2.535,2.92,205.75,206.135,0.3849999999999909,205.1725,206.71249999999998,,,,,,,,,
329,SO,SAMOLACO,PO0140570R0020,2011-12-20,208.67,soggiacenza statica,2.73,205.94,2.535,2.92,205.75,206.135,0.3849999999999909,205.1725,206.71249999999998,,,,,,,,,
330,SO,SAMOLACO,PO0140570R0020,2012-01-12,208.67,soggiacenza statica,2.82,205.85,2.535,2.92,205.75,206.135,0.3849999999999909,205.1725,206.71249999999998,,,,,,,,,
331,SO,SAMOLACO,PO0140570R0020,2012-02-07,208.67,soggiacenza statica,2.81,205.86,2.535,2.92,205.75,206.135,0.3849999999999909,205.1725,206.71249999999998,,,,,,,,,
332,SO,SAMOLACO,PO0140570R0020,2012-03-12,208.67,soggiacenza statica,2.9,205.77,2.535,2.92,205.75,206.135,0.3849999999999909,205.1725,206.71249999999998,,,,,,,,,
333,SO,SAMOLACO,PO0140570R0020,2012-04-11,208.67,soggiacenza statica,2.65,206.02,2.535,2.92,205.75,206.135,0.3849999999999909,205.1725,206.71249999999998,,,,,,,,,
334,SO,SAMOLACO,PO0140570R0020,2012-05-02,208.67,soggiacenza statica,2.01,206.66,2.535,2.92,205.75,206.135,0.3849999999999909,205.1725,206.71249999999998,,,,,,,,,
335,SO,SAMOLACO,PO0140570R0020,2012-07-05,208.67,soggiacenza statica,2.43,206.24,2.535,2.92,205.75,206.135,0.3849999999999909,205.1725,206.71249999999998,,,,,,,,,
336,SO,SAMOLACO,PO0140570R0020,2012-08-02,208.67,soggiacenza statica,2.6,206.07,2.535,2.92,205.75,206.135,0.3849999999999909,205.1725,206.71249999999998,,,,,,,,,
337,SO,SAMOLACO,PO0140570R0020,2012-09-06,208.67,soggiacenza statica,2.73,205.94,2.535,2.92,205.75,206.135,0.3849999999999909,205.1725,206.71249999999998,,,,,,,,,
338,SO,SAMOLACO,PO0140570R0020,2012-10-11,208.67,soggiacenza statica,2.53,206.14,2.535,2.92,205.75,206.135,0.3849999999999909,205.1725,206.71249999999998,,,,,,,,,
339,SO,SAMOLACO,PO0140570R0020,2012-11-13,208.67,soggiacenza statica,1.96,206.71,2.535,2.92,205.75,206.135,0.3849999999999909,205.1725,206.71249999999998,,,,,,,,,
340,SO,SAMOLACO,PO0140570R0020,2012-12-18,208.67,soggiacenza statica,2.49,206.18,2.535,2.92,205.75,206.135,0.3849999999999909,205.1725,206.71249999999998,,,,,,,,,
341,SO,SAMOLACO,PO0140570R0020,2013-01-28,208.67,soggiacenza statica,2.69,205.98,2.535,2.92,205.75,206.135,0.3849999999999909,205.1725,206.71249999999998,,,,,,,,,
342,SO,SAMOLACO,PO0140570R0020,2013-02-26,208.67,soggiacenza statica,2.8,205.87,2.535,2.92,205.75,206.135,0.3849999999999909,205.1725,206.71249999999998,,,,,,,,,
343,SO,SAMOLACO,PO0140570R0020,2013-03-18,208.67,soggiacenza statica,2.79,205.88,2.535,2.92,205.75,206.135,0.3849999999999909,205.1725,206.71249999999998,,,,,,,,,
344,SO,SAMOLACO,PO0140570R0020,2013-04-03,208.67,soggiacenza statica,2.78,205.89,2.535,2.92,205.75,206.135,0.3849999999999909,205.1725,206.71249999999998,,,,,,,,,
345,SO,SAMOLACO,PO0140570R0020,2013-05-21,208.67,soggiacenza statica,2.63,206.04,2.535,2.92,205.75,206.135,0.3849999999999909,205.1725,206.71249999999998,,,,,,,,,
346,SO,SAMOLACO,PO0140570R0020,2013-06-24,208.67,soggiacenza statica,2.05,206.62,2.535,2.92,205.75,206.135,0.3849999999999909,205.1725,206.71249999999998,,,,,,,,,
347,SO,SAMOLACO,PO0140570R0020,2013-07-22,208.67,soggiacenza statica,2.54,206.13,2.535,2.92,205.75,206.135,0.3849999999999909,205.1725,206.71249999999998,,,,,,,,,
348,SO,SAMOLACO,PO0140570R0020,2013-08-26,208.67,soggiacenza statica,2.73,205.94,2.535,2.92,205.75,206.135,0.3849999999999909,205.1725,206.71249999999998,,,,,,,,,
349,SO,SAMOLACO,PO0140570R0020,2013-09-23,208.67,soggiacenza statica,2.73,205.94,2.535,2.92,205.75,206.135,0.3849999999999909,205.1725,206.71249999999998,,,,,,,,,
350,SO,SAMOLACO,PO0140570R0020,2013-10-28,208.67,soggiacenza statica,2.0,206.67,2.535,2.92,205.75,206.135,0.3849999999999909,205.1725,206.71249999999998,,,,,,,,,
351,SO,SAMOLACO,PO0140570R0020,2013-11-26,208.67,soggiacenza statica,2.3,206.37,2.535,2.92,205.75,206.135,0.3849999999999909,205.1725,206.71249999999998,,,,,,,,,
352,SO,SAMOLACO,PO0140570R0020,2013-12-16,208.67,soggiacenza statica,2.68,205.99,2.535,2.92,205.75,206.135,0.3849999999999909,205.1725,206.71249999999998,,,,,,,,,
353,SO,SAMOLACO,PO0140570R0020,2014-01-13,208.67,soggiacenza statica,2.34,206.33,2.535,2.92,205.75,206.135,0.3849999999999909,205.1725,206.71249999999998,,,,,,,,,
354,SO,SAMOLACO,PO0140570R0020,2014-02-10,208.67,soggiacenza statica,2.18,206.49,2.535,2.92,205.75,206.135,0.3849999999999909,205.1725,206.71249999999998,,,,,,,,,
355,SO,SAMOLACO,PO0140570R0020,2014-03-10,208.67,soggiacenza statica,2.45,206.22,2.535,2.92,205.75,206.135,0.3849999999999909,205.1725,206.71249999999998,,,,,,,,,
356,SO,SAMOLACO,PO0140570R0020,2014-04-01,208.67,soggiacenza statica,2.57,206.1,2.535,2.92,205.75,206.135,0.3849999999999909,205.1725,206.71249999999998,,,,,,,,,
357,SO,SAMOLACO,PO0140570R0020,2014-05-06,208.67,soggiacenza statica,2.31,206.36,2.535,2.92,205.75,206.135,0.3849999999999909,205.1725,206.71249999999998,,,,,,,,,
358,SO,SAMOLACO,PO0140570R0020,2014-06-09,208.67,soggiacenza statica,2.55,206.12,2.535,2.92,205.75,206.135,0.3849999999999909,205.1725,206.71249999999998,,,,,,,,,
359,SO,SAMOLACO,PO0140570R0020,2014-07-17,208.67,soggiacenza statica,2.33,206.34,2.535,2.92,205.75,206.135,0.3849999999999909,205.1725,206.71249999999998,,,,,,,,,
360,SO,SAMOLACO,PO0140570R0020,2014-08-25,208.67,soggiacenza statica,2.15,206.52,2.535,2.92,205.75,206.135,0.3849999999999909,205.1725,206.71249999999998,,,,,,,,,
361,SO,SAMOLACO,PO0140570R0020,2014-09-08,208.67,soggiacenza statica,2.4,206.27,2.535,2.92,205.75,206.135,0.3849999999999909,205.1725,206.71249999999998,,,,,,,,,
362,SO,SAMOLACO,PO0140570R0020,2014-10-13,208.67,soggiacenza statica,2.05,206.62,2.535,2.92,205.75,206.135,0.3849999999999909,205.1725,206.71249999999998,,,,,,,,,
363,SO,SAMOLACO,PO0140570R0020,2014-12-09,208.67,soggiacenza statica,2.59,206.08,2.535,2.92,205.75,206.135,0.3849999999999909,205.1725,206.71249999999998,,,,,,,,,
364,SO,SAMOLACO,PO0140570R0020,2015-02-16,208.67,soggiacenza statica,2.98,205.69,2.535,2.92,205.75,206.135,0.3849999999999909,205.1725,206.71249999999998,,,,,,,,,
365,SO,SAMOLACO,PO0140570R0020,2015-03-17,208.67,soggiacenza statica,3.08,205.59,2.535,2.92,205.75,206.135,0.3849999999999909,205.1725,206.71249999999998,,,,,,,,,
366,SO,SAMOLACO,PO0140570R0020,2015-05-13,208.67,soggiacenza statica,2.54,206.13,2.535,2.92,205.75,206.135,0.3849999999999909,205.1725,206.71249999999998,,,,,,,,,
367,SO,SAMOLACO,PO0140570R0020,2015-06-15,208.67,soggiacenza statica,2.25,206.42,2.535,2.92,205.75,206.135,0.3849999999999909,205.1725,206.71249999999998,,,,,,,,,
368,SO,SAMOLACO,PO0140570R0020,2015-07-16,208.67,soggiacenza statica,2.85,205.82,2.535,2.92,205.75,206.135,0.3849999999999909,205.1725,206.71249999999998,,,,,,,,,
369,SO,SAMOLACO,PO0140570R0020,2015-08-20,208.67,soggiacenza statica,3.01,205.66,2.535,2.92,205.75,206.135,0.3849999999999909,205.1725,206.71249999999998,,,,,,,,,
370,SO,SAMOLACO,PO0140570R0020,2015-09-14,208.67,soggiacenza statica,2.12,206.55,2.535,2.92,205.75,206.135,0.3849999999999909,205.1725,206.71249999999998,,,,,,,,,
371,SO,SAMOLACO,PO0140570R0020,2015-10-26,208.67,soggiacenza statica,2.56,206.11,2.535,2.92,205.75,206.135,0.3849999999999909,205.1725,206.71249999999998,,,,,,,,,
372,SO,SAMOLACO,PO0140570R0020,2015-11-25,208.67,soggiacenza statica,2.98,205.69,2.535,2.92,205.75,206.135,0.3849999999999909,205.1725,206.71249999999998,,,,,,,,,
373,SO,SAMOLACO,PO0140570R0020,2015-12-23,208.67,soggiacenza statica,3.15,205.52,2.535,2.92,205.75,206.135,0.3849999999999909,205.1725,206.71249999999998,,,,,,,,,
374,SO,SAMOLACO,PO0140570R0020,2016-01-18,208.67,soggiacenza statica,3.08,205.59,2.535,2.92,205.75,206.135,0.3849999999999909,205.1725,206.71249999999998,,,,,,,,,
375,SO,SAMOLACO,PO0140570R0020,2016-02-16,208.67,soggiacenza statica,2.99,205.68,2.535,2.92,205.75,206.135,0.3849999999999909,205.1725,206.71249999999998,,,,,,,,,
376,SO,SAMOLACO,PO0140570R0020,2016-03-24,208.67,soggiacenza statica,3.03,205.64,2.535,2.92,205.75,206.135,0.3849999999999909,205.1725,206.71249999999998,,,,,,,,,
377,SO,SAMOLACO,PO0140570R0020,2016-04-01,208.67,soggiacenza statica,2.74,205.93,2.535,2.92,205.75,206.135,0.3849999999999909,205.1725,206.71249999999998,,,,,,,,,
378,SO,SAMOLACO,PO0140570R0020,2016-05-31,208.67,soggiacenza statica,2.47,206.2,2.535,2.92,205.75,206.135,0.3849999999999909,205.1725,206.71249999999998,,,,,,,,,
379,SO,SAMOLACO,PO0140570R0020,2016-06-30,208.67,soggiacenza statica,2.4,206.27,2.535,2.92,205.75,206.135,0.3849999999999909,205.1725,206.71249999999998,,,,,,,,,
380,SO,SAMOLACO,PO0140570R0020,2016-07-26,208.67,soggiacenza statica,2.85,205.82,2.535,2.92,205.75,206.135,0.3849999999999909,205.1725,206.71249999999998,,,,,,,,,
381,SO,SAMOLACO,PO0140570R0020,2016-08-30,208.67,soggiacenza statica,2.95,205.72,2.535,2.92,205.75,206.135,0.3849999999999909,205.1725,206.71249999999998,,,,,,,,,
382,SO,SAMOLACO,PO0140570R0020,2016-10-31,208.67,soggiacenza statica,2.92,205.75,2.535,2.92,205.75,206.135,0.3849999999999909,205.1725,206.71249999999998,,,,,,,,,
383,SO,SAMOLACO,PO0140570R0020,2016-11-30,208.67,soggiacenza statica,2.55,206.12,2.535,2.92,205.75,206.135,0.3849999999999909,205.1725,206.71249999999998,,,,,,,,,
384,SO,SAMOLACO,PO0140570R0020,2016-12-29,208.67,soggiacenza statica,3.12,205.55,2.535,2.92,205.75,206.135,0.3849999999999909,205.1725,206.71249999999998,,,,,,,,,
385,SO,SAMOLACO,PO0140570R0020,2017-01-27,208.67,soggiacenza statica,3.15,205.52,2.535,2.92,205.75,206.135,0.3849999999999909,205.1725,206.71249999999998,,,,,,,,,
386,SO,SAMOLACO,PO0140570R0020,2017-02-23,208.67,soggiacenza statica,2.98,205.69,2.535,2.92,205.75,206.135,0.3849999999999909,205.1725,206.71249999999998,,,,,,,,,
387,SO,SAMOLACO,PO0140570R0020,2017-03-27,208.67,soggiacenza statica,2.93,205.74,2.535,2.92,205.75,206.135,0.3849999999999909,205.1725,206.71249999999998,,,,,,,,,
388,SO,SAMOLACO,PO0140570R0020,2017-04-21,208.67,soggiacenza statica,2.49,206.18,2.535,2.92,205.75,206.135,0.3849999999999909,205.1725,206.71249999999998,,,,,,,,,
389,SO,SAMOLACO,PO0140570R0020,2017-05-26,208.67,soggiacenza statica,2.52,206.15,2.535,2.92,205.75,206.135,0.3849999999999909,205.1725,206.71249999999998,,,,,,,,,
390,SO,SAMOLACO,PO0140570R0020,2017-06-29,208.67,soggiacenza statica,2.26,206.41,2.535,2.92,205.75,206.135,0.3849999999999909,205.1725,206.71249999999998,,,,,,,,,
391,SO,SAMOLACO,PO0140570R0020,2017-07-27,208.67,soggiacenza statica,2.84,205.83,2.535,2.92,205.75,206.135,0.3849999999999909,205.1725,206.71249999999998,,,,,,,,,
392,SO,SAMOLACO,PO0140570R0020,2017-08-29,208.67,soggiacenza statica,2.92,205.75,2.535,2.92,205.75,206.135,0.3849999999999909,205.1725,206.71249999999998,,,,,,,,,
393,SO,SAMOLACO,PO0140570R0020,2017-09-28,208.67,soggiacenza statica,2.83,205.84,2.535,2.92,205.75,206.135,0.3849999999999909,205.1725,206.71249999999998,,,,,,,,,
394,SO,SAMOLACO,PO0140570R0020,2017-10-27,208.67,soggiacenza statica,2.9,205.77,2.535,2.92,205.75,206.135,0.3849999999999909,205.1725,206.71249999999998,,,,,,,,,
395,SO,SAMOLACO,PO0140570R0020,2017-11-29,208.67,soggiacenza statica,3.01,205.66,2.535,2.92,205.75,206.135,0.3849999999999909,205.1725,206.71249999999998,,,,,,,,,
396,SO,SAMOLACO,PO0140570R0020,2017-12-28,208.67,soggiacenza statica,2.97,205.7,2.535,2.92,205.75,206.135,0.3849999999999909,205.1725,206.71249999999998,,,,,,,,,
397,SO,SAMOLACO,PO0140570R0020,2018-01-29,208.67,soggiacenza statica,2.89,205.78,2.535,2.92,205.75,206.135,0.3849999999999909,205.1725,206.71249999999998,,,,,,,,,
398,SO,SAMOLACO,PO0140570R0020,2018-02-27,208.67,soggiacenza statica,2.95,205.72,2.535,2.92,205.75,206.135,0.3849999999999909,205.1725,206.71249999999998,,,,,,,,,
399,SO,SAMOLACO,PO0140570R0020,2018-03-23,208.67,soggiacenza statica,3.01,205.66,2.535,2.92,205.75,206.135,0.3849999999999909,205.1725,206.71249999999998,,,,,,,,,
400,SO,SAMOLACO,PO0140570R0020,2018-04-27,208.67,soggiacenza statica,2.6,206.07,2.535,2.92,205.75,206.135,0.3849999999999909,205.1725,206.71249999999998,,,,,,,,,
401,SO,SAMOLACO,PO0140570R0020,2018-05-29,208.67,soggiacenza statica,2.53,206.14,2.535,2.92,205.75,206.135,0.3849999999999909,205.1725,206.71249999999998,,,,,,,,,
402,SO,SAMOLACO,PO0140570R0020,2018-08-28,208.67,soggiacenza statica,3.03,205.64,2.535,2.92,205.75,206.135,0.3849999999999909,205.1725,206.71249999999998,,,,,,,,,
403,SO,SAMOLACO,PO0140570R0020,2018-09-26,208.67,soggiacenza statica,3.15,205.52,2.535,2.92,205.75,206.135,0.3849999999999909,205.1725,206.71249999999998,,,,,,,,,
404,SO,SAMOLACO,PO0140570R0020,2018-10-29,208.67,soggiacenza statica,3.05,205.62,2.535,2.92,205.75,206.135,0.3849999999999909,205.1725,206.71249999999998,,,,,,,,,
405,SO,SAMOLACO,PO0140570R0020,2018-11-27,208.67,soggiacenza statica,3.1,205.57,2.535,2.92,205.75,206.135,0.3849999999999909,205.1725,206.71249999999998,,,,,,,,,
406,SO,SAMOLACO,PO0140570R0020,2018-12-28,208.67,soggiacenza statica,3.03,205.64,2.535,2.92,205.75,206.135,0.3849999999999909,205.1725,206.71249999999998,,,,,,,,,
407,SO,SAMOLACO,PO0140570R0020,2019-01-28,208.67,soggiacenza statica,2.99,205.68,2.535,2.92,205.75,206.135,0.3849999999999909,205.1725,206.71249999999998,,,,,,,,,
408,SO,SAMOLACO,PO0140570R0020,2019-02-26,208.67,soggiacenza statica,3.01,205.66,2.535,2.92,205.75,206.135,0.3849999999999909,205.1725,206.71249999999998,,,,,,,,,
409,SO,SAMOLACO,PO0140570R0020,2019-03-26,208.67,soggiacenza statica,2.95,205.72,2.535,2.92,205.75,206.135,0.3849999999999909,205.1725,206.71249999999998,,,,,,,,,
410,SO,SAMOLACO,PO0140570R0020,2019-04-29,208.67,soggiacenza statica,3.04,205.63,2.535,2.92,205.75,206.135,0.3849999999999909,205.1725,206.71249999999998,,,,,,,,,
411,SO,SAMOLACO,PO0140570R0020,2019-05-27,208.67,soggiacenza statica,2.7,205.97,2.535,2.92,205.75,206.135,0.3849999999999909,205.1725,206.71249999999998,,,,,,,,,
412,SO,SAMOLACO,PO0140570R0020,2019-06-25,208.67,soggiacenza statica,2.55,206.12,2.535,2.92,205.75,206.135,0.3849999999999909,205.1725,206.71249999999998,,,,,,,,,
413,SO,SAMOLACO,PO0140570R0020,2019-07-27,208.67,soggiacenza statica,2.95,205.72,2.535,2.92,205.75,206.135,0.3849999999999909,205.1725,206.71249999999998,,,,,,,,,
414,SO,SAMOLACO,PO0140570R0020,2019-08-26,208.67,soggiacenza statica,2.99,205.68,2.535,2.92,205.75,206.135,0.3849999999999909,205.1725,206.71249999999998,,,,,,,,,
415,SO,SAMOLACO,PO0140570R0020,2019-09-26,208.67,soggiacenza statica,3.05,205.62,2.535,2.92,205.75,206.135,0.3849999999999909,205.1725,206.71249999999998,,,,,,,,,
416,SO,SAMOLACO,PO0140570R0020,2019-10-28,208.67,soggiacenza statica,2.46,206.21,2.535,2.92,205.75,206.135,0.3849999999999909,205.1725,206.71249999999998,,,,,,,,,
417,SO,SAMOLACO,PO0140570R0020,2019-11-29,208.67,soggiacenza statica,2.54,206.13,2.535,2.92,205.75,206.135,0.3849999999999909,205.1725,206.71249999999998,,,,,,,,,
418,SO,SAMOLACO,PO0140570R0020,2019-12-07,208.67,soggiacenza statica,2.61,206.06,2.535,2.92,205.75,206.135,0.3849999999999909,205.1725,206.71249999999998,,,,,,,,,
419,SO,SAMOLACO,PO0140570R0020,2020-01-27,208.67,soggiacenza statica,2.69,205.98,2.535,2.92,205.75,206.135,0.3849999999999909,205.1725,206.71249999999998,,,,,,,,,
420,SO,SAMOLACO,PO0140570R0020,2020-04-28,208.67,soggiacenza statica,3.05,205.62,2.535,2.92,205.75,206.135,0.3849999999999909,205.1725,206.71249999999998,,,,,,,,,
421,SO,SAMOLACO,PO0140570R0020,2020-05-28,208.67,soggiacenza statica,2.96,205.71,2.535,2.92,205.75,206.135,0.3849999999999909,205.1725,206.71249999999998,,,,,,,,,
422,SO,SAMOLACO,PO0140570R0020,2020-06-29,208.67,soggiacenza statica,2.87,205.8,2.535,2.92,205.75,206.135,0.3849999999999909,205.1725,206.71249999999998,,,,,,,,,
423,SO,SAMOLACO,PO0140570R0020,2020-07-29,208.67,soggiacenza statica,2.79,205.88,2.535,2.92,205.75,206.135,0.3849999999999909,205.1725,206.71249999999998,,,,,,,,,
424,SO,SAMOLACO,PO0140570R0020,2020-08-28,208.67,soggiacenza statica,2.68,205.99,2.535,2.92,205.75,206.135,0.3849999999999909,205.1725,206.71249999999998,,,,,,,,,
425,SO,SAMOLACO,PO0140570R0020,2020-09-29,208.67,soggiacenza statica,2.54,206.13,2.535,2.92,205.75,206.135,0.3849999999999909,205.1725,206.71249999999998,,,,,,,,,
426,SO,SAMOLACO,PO0140570R0020,2020-10-30,208.67,soggiacenza statica,2.57,206.1,2.535,2.92,205.75,206.135,0.3849999999999909,205.1725,206.71249999999998,,,,,,,,,
427,SO,SAMOLACO,PO0140570R0020,2020-11-27,208.67,soggiacenza statica,2.65,206.02,2.535,2.92,205.75,206.135,0.3849999999999909,205.1725,206.71249999999998,,,,,,,,,
428,SO,SAMOLACO,PO0140570R0020,2020-12-29,208.67,soggiacenza statica,2.72,205.95,2.535,2.92,205.75,206.135,0.3849999999999909,205.1725,206.71249999999998,,,,,,,,,
429,SO,SAMOLACO,PO0140570R0020,2021-01-28,208.67,soggiacenza statica,2.75,205.92,2.535,2.92,205.75,206.135,0.3849999999999909,205.1725,206.71249999999998,,,,,,,,,
430,SO,SAMOLACO,PO0140570R0020,2021-02-26,208.67,soggiacenza statica,2.79,205.88,2.535,2.92,205.75,206.135,0.3849999999999909,205.1725,206.71249999999998,,,,,,,,,
431,SO,SAMOLACO,PO0140570R0020,2021-03-29,208.67,soggiacenza statica,2.84,205.83,2.535,2.92,205.75,206.135,0.3849999999999909,205.1725,206.71249999999998,,,,,,,,,
